2026-05-03 16:20:21.851 [main] INFO  c.e.s.cache.RestaurantCacheTest - Starting RestaurantCacheTest using Java 21.0.10 with PID 440 (started by lidiya in C:\Users\lidiya\IdeaProjects\spring-jpa-lab)
2026-05-03 16:20:21.860 [main] DEBUG c.e.s.cache.RestaurantCacheTest - Running with Spring Boot v4.0.0, Spring v7.0.1
2026-05-03 16:20:21.862 [main] INFO  c.e.s.cache.RestaurantCacheTest - The following 1 profile is active: "test"
2026-05-03 16:20:28.352 [main] WARN  o.s.w.c.s.GenericWebApplicationContext - Exception encountered during context initialization - cancelling refresh attempt: org.springframework.beans.factory.BeanCreationException: Error creating bean with name 'entityManagerFactory' defined in class path resource [org/springframework/boot/hibernate/autoconfigure/HibernateJpaConfiguration.class]: Failed to initialize dependency 'cacheManager' of LoadTimeWeaverAware bean 'entityManagerFactory': Error creating bean with name 'cacheManager' defined in class path resource [org/springframework/boot/cache/autoconfigure/RedisCacheConfiguration.class]: Unsatisfied dependency expressed through method 'cacheManager' parameter 4: Error creating bean with name 'org.springframework.boot.data.redis.autoconfigure.LettuceConnectionConfiguration': Unsatisfied dependency expressed through constructor parameter 0: Error creating bean with name 'spring.data.redis-org.springframework.boot.data.redis.autoconfigure.DataRedisProperties': Could not bind properties to 'DataRedisProperties' : prefix=spring.data.redis, ignoreInvalidFields=false, ignoreUnknownFields=true
2026-05-03 16:20:28.468 [main] ERROR o.s.b.d.LoggingFailureAnalysisReporter - 

***************************
APPLICATION FAILED TO START
***************************

Description:

Failed to bind properties under 'spring.data.redis.port' to int:

    Reason: java.lang.IllegalStateException: Mapped port can only be obtained after the container is started

Action:

Update your application's configuration

2026-05-03 16:20:28.473 [main] WARN  o.s.test.context.TestContextManager - Caught exception while allowing TestExecutionListener [org.springframework.test.context.web.ServletTestExecutionListener] to prepare test instance [com.example.springjpalab.cache.RestaurantCacheTest@3b1895e]
java.lang.IllegalStateException: Failed to load ApplicationContext for [WebMergedContextConfiguration@4353db40 testClass = com.example.springjpalab.cache.RestaurantCacheTest, locations = [], classes = [com.example.springjpalab.SpringJpaLabApplication], contextInitializerClasses = [], activeProfiles = ["test"], propertySourceDescriptors = [], propertySourceProperties = ["org.springframework.boot.test.context.SpringBootTestContextBootstrapper=true"], contextCustomizers = [[ImportsContextCustomizer@56887c8f key = [org.springframework.boot.webmvc.test.autoconfigure.MockMvcWebDriverAutoConfiguration, org.springframework.boot.webmvc.test.autoconfigure.MockMvcWebClientAutoConfiguration, org.springframework.boot.webmvc.test.autoconfigure.MockMvcAutoConfiguration]], org.springframework.boot.test.context.PropertyMappingContextCustomizer@2d298995, org.springframework.boot.test.context.filter.ExcludeFilterContextCustomizer@3676ac27, org.springframework.boot.test.json.DuplicateJsonObjectContextCustomizerFactory$DuplicateJsonObjectContextCustomizer@40f33492, org.springframework.boot.test.autoconfigure.OnFailureConditionReportContextCustomizerFactory$OnFailureConditionReportContextCustomizer@6bc28a83, org.springframework.test.context.support.DynamicPropertiesContextCustomizer@74eaeee3, org.springframework.boot.webmvc.test.autoconfigure.WebDriverContextCustomizer@241a53ef, org.springframework.boot.web.server.context.SpringBootTestRandomPortContextCustomizerFactory$Customizer@70e659aa, org.springframework.boot.testcontainers.service.connection.ServiceConnectionContextCustomizer@0, org.springframework.boot.test.context.SpringBootTestAnnotation@47d4d50a], resourceBasePath = "src/main/webapp", contextLoader = org.springframework.boot.test.context.SpringBootContextLoader, parent = null]
	at org.springframework.test.context.cache.DefaultCacheAwareContextLoaderDelegate.lambda$loadContext$0(DefaultCacheAwareContextLoaderDelegate.java:195)
	at org.springframework.test.context.cache.DefaultContextCache.put(DefaultContextCache.java:172)
	at org.springframework.test.context.cache.DefaultCacheAwareContextLoaderDelegate.loadContext(DefaultCacheAwareContextLoaderDelegate.java:160)
	at org.springframework.test.context.support.DefaultTestContext.getApplicationContext(DefaultTestContext.java:128)
	at org.springframework.test.context.web.ServletTestExecutionListener.setUpRequestContextIfNecessary(ServletTestExecutionListener.java:200)
	at org.springframework.test.context.web.ServletTestExecutionListener.prepareTestInstance(ServletTestExecutionListener.java:139)
	at org.springframework.test.context.TestContextManager.prepareTestInstance(TestContextManager.java:260)
	at org.springframework.test.context.junit.jupiter.SpringExtension.postProcessTestInstance(SpringExtension.java:203)
	at org.junit.jupiter.engine.descriptor.ClassBasedTestDescriptor.lambda$invokeTestInstancePostProcessors$1(ClassBasedTestDescriptor.java:423)
	at org.junit.jupiter.engine.descriptor.ClassBasedTestDescriptor.executeAndMaskThrowable(ClassBasedTestDescriptor.java:428)
	at org.junit.jupiter.engine.descriptor.ClassBasedTestDescriptor.lambda$invokeTestInstancePostProcessors$0(ClassBasedTestDescriptor.java:422)
	at java.base/java.util.stream.ForEachOps$ForEachOp$OfRef.accept(ForEachOps.java:184)
	at java.base/java.util.stream.ReferencePipeline$3$1.accept(ReferencePipeline.java:197)
	at java.base/java.util.stream.ReferencePipeline$2$1.accept(ReferencePipeline.java:179)
	at java.base/java.util.stream.ReferencePipeline$3$1.accept(ReferencePipeline.java:197)
	at java.base/java.util.ArrayList$ArrayListSpliterator.forEachRemaining(ArrayList.java:1708)
	at java.base/java.util.stream.AbstractPipeline.copyInto(AbstractPipeline.java:509)
	at java.base/java.util.stream.AbstractPipeline.wrapAndCopyInto(AbstractPipeline.java:499)
	at java.base/java.util.stream.ForEachOps$ForEachOp.evaluateSequential(ForEachOps.java:151)
	at java.base/java.util.stream.ForEachOps$ForEachOp$OfRef.evaluateSequential(ForEachOps.java:174)
	at java.base/java.util.stream.AbstractPipeline.evaluate(AbstractPipeline.java:234)
	at java.base/java.util.stream.ReferencePipeline.forEach(ReferencePipeline.java:596)
	at org.junit.jupiter.engine.descriptor.ClassBasedTestDescriptor.invokeTestInstancePostProcessors(ClassBasedTestDescriptor.java:422)
	at org.junit.jupiter.engine.descriptor.ClassBasedTestDescriptor.lambda$instantiateAndPostProcessTestInstance$0(ClassBasedTestDescriptor.java:334)
	at org.junit.platform.engine.support.hierarchical.ThrowableCollector.execute(ThrowableCollector.java:74)
	at org.junit.jupiter.engine.descriptor.ClassBasedTestDescriptor.instantiateAndPostProcessTestInstance(ClassBasedTestDescriptor.java:333)
	at org.junit.jupiter.engine.descriptor.ClassBasedTestDescriptor.lambda$testInstancesProvider$1(ClassBasedTestDescriptor.java:322)
	at java.base/java.util.Optional.orElseGet(Optional.java:364)
	at org.junit.jupiter.engine.descriptor.ClassBasedTestDescriptor.lambda$testInstancesProvider$0(ClassBasedTestDescriptor.java:321)
	at org.junit.jupiter.engine.execution.TestInstancesProvider.getTestInstances(TestInstancesProvider.java:27)
	at org.junit.jupiter.engine.descriptor.TestMethodTestDescriptor.lambda$prepare$0(TestMethodTestDescriptor.java:127)
	at org.junit.platform.engine.support.hierarchical.ThrowableCollector.execute(ThrowableCollector.java:74)
	at org.junit.jupiter.engine.descriptor.TestMethodTestDescriptor.prepare(TestMethodTestDescriptor.java:126)
	at org.junit.jupiter.engine.descriptor.TestMethodTestDescriptor.prepare(TestMethodTestDescriptor.java:70)
	at org.junit.platform.engine.support.hierarchical.NodeTestTask.lambda$prepare$0(NodeTestTask.java:144)
	at org.junit.platform.engine.support.hierarchical.ThrowableCollector.execute(ThrowableCollector.java:74)
	at org.junit.platform.engine.support.hierarchical.NodeTestTask.prepare(NodeTestTask.java:144)
	at org.junit.platform.engine.support.hierarchical.NodeTestTask.execute(NodeTestTask.java:110)
	at java.base/java.util.ArrayList.forEach(ArrayList.java:1596)
	at org.junit.platform.engine.support.hierarchical.SameThreadHierarchicalTestExecutorService.invokeAll(SameThreadHierarchicalTestExecutorService.java:42)
	at org.junit.platform.engine.support.hierarchical.NodeTestTask.lambda$executeRecursively$2(NodeTestTask.java:180)
	at org.junit.platform.engine.support.hierarchical.ThrowableCollector.execute(ThrowableCollector.java:74)
	at org.junit.platform.engine.support.hierarchical.NodeTestTask.lambda$executeRecursively$1(NodeTestTask.java:166)
	at org.junit.platform.engine.support.hierarchical.Node.around(Node.java:138)
	at org.junit.platform.engine.support.hierarchical.NodeTestTask.lambda$executeRecursively$0(NodeTestTask.java:164)
	at org.junit.platform.engine.support.hierarchical.ThrowableCollector.execute(ThrowableCollector.java:74)
	at org.junit.platform.engine.support.hierarchical.NodeTestTask.executeRecursively(NodeTestTask.java:163)
	at org.junit.platform.engine.support.hierarchical.NodeTestTask.execute(NodeTestTask.java:116)
	at java.base/java.util.ArrayList.forEach(ArrayList.java:1596)
	at org.junit.platform.engine.support.hierarchical.SameThreadHierarchicalTestExecutorService.invokeAll(SameThreadHierarchicalTestExecutorService.java:42)
	at org.junit.platform.engine.support.hierarchical.NodeTestTask.lambda$executeRecursively$2(NodeTestTask.java:180)
	at org.junit.platform.engine.support.hierarchical.ThrowableCollector.execute(ThrowableCollector.java:74)
	at org.junit.platform.engine.support.hierarchical.NodeTestTask.lambda$executeRecursively$1(NodeTestTask.java:166)
	at org.junit.platform.engine.support.hierarchical.Node.around(Node.java:138)
	at org.junit.platform.engine.support.hierarchical.NodeTestTask.lambda$executeRecursively$0(NodeTestTask.java:164)
	at org.junit.platform.engine.support.hierarchical.ThrowableCollector.execute(ThrowableCollector.java:74)
	at org.junit.platform.engine.support.hierarchical.NodeTestTask.executeRecursively(NodeTestTask.java:163)
	at org.junit.platform.engine.support.hierarchical.NodeTestTask.execute(NodeTestTask.java:116)
	at org.junit.platform.engine.support.hierarchical.SameThreadHierarchicalTestExecutorService.submit(SameThreadHierarchicalTestExecutorService.java:36)
	at org.junit.platform.engine.support.hierarchical.HierarchicalTestExecutor.execute(HierarchicalTestExecutor.java:52)
	at org.junit.platform.engine.support.hierarchical.HierarchicalTestEngine.execute(HierarchicalTestEngine.java:58)
	at org.junit.platform.launcher.core.EngineExecutionOrchestrator.executeEngine(EngineExecutionOrchestrator.java:246)
	at org.junit.platform.launcher.core.EngineExecutionOrchestrator.failOrExecuteEngine(EngineExecutionOrchestrator.java:218)
	at org.junit.platform.launcher.core.EngineExecutionOrchestrator.execute(EngineExecutionOrchestrator.java:179)
	at org.junit.platform.launcher.core.EngineExecutionOrchestrator.execute(EngineExecutionOrchestrator.java:108)
	at org.junit.platform.launcher.core.EngineExecutionOrchestrator.lambda$execute$0(EngineExecutionOrchestrator.java:66)
	at org.junit.platform.launcher.core.EngineExecutionOrchestrator.withInterceptedStreams(EngineExecutionOrchestrator.java:157)
	at org.junit.platform.launcher.core.EngineExecutionOrchestrator.execute(EngineExecutionOrchestrator.java:65)
	at org.junit.platform.launcher.core.DefaultLauncher.execute(DefaultLauncher.java:125)
	at org.junit.platform.launcher.core.DefaultLauncher.execute(DefaultLauncher.java:114)
	at org.junit.platform.launcher.core.DefaultLauncher.execute(DefaultLauncher.java:93)
	at org.junit.platform.launcher.core.DelegatingLauncher.execute(DelegatingLauncher.java:48)
	at org.junit.platform.launcher.core.InterceptingLauncher.lambda$execute$0(InterceptingLauncher.java:41)
	at org.junit.platform.launcher.core.ClasspathAlignmentCheckingLauncherInterceptor.intercept(ClasspathAlignmentCheckingLauncherInterceptor.java:25)
	at org.junit.platform.launcher.core.InterceptingLauncher.execute(InterceptingLauncher.java:40)
	at org.junit.platform.launcher.core.DelegatingLauncher.execute(DelegatingLauncher.java:48)
	at org.junit.platform.launcher.core.SessionPerRequestLauncher.execute(SessionPerRequestLauncher.java:67)
	at com.intellij.junit6.JUnit6IdeaTestRunner.startRunnerWithArgs(JUnit6IdeaTestRunner.java:67)
	at com.intellij.rt.junit.IdeaTestRunner$Repeater$1.execute(IdeaTestRunner.java:38)
	at com.intellij.rt.execution.junit.TestsRepeater.repeat(TestsRepeater.java:11)
	at com.intellij.rt.junit.IdeaTestRunner$Repeater.startRunnerWithArgs(IdeaTestRunner.java:35)
	at com.intellij.rt.junit.JUnitStarter.prepareStreamsAndStart(JUnitStarter.java:237)
	at com.intellij.rt.junit.JUnitStarter.main(JUnitStarter.java:58)
Caused by: org.springframework.beans.factory.BeanCreationException: Error creating bean with name 'entityManagerFactory' defined in class path resource [org/springframework/boot/hibernate/autoconfigure/HibernateJpaConfiguration.class]: Failed to initialize dependency 'cacheManager' of LoadTimeWeaverAware bean 'entityManagerFactory': Error creating bean with name 'cacheManager' defined in class path resource [org/springframework/boot/cache/autoconfigure/RedisCacheConfiguration.class]: Unsatisfied dependency expressed through method 'cacheManager' parameter 4: Error creating bean with name 'org.springframework.boot.data.redis.autoconfigure.LettuceConnectionConfiguration': Unsatisfied dependency expressed through constructor parameter 0: Error creating bean with name 'spring.data.redis-org.springframework.boot.data.redis.autoconfigure.DataRedisProperties': Could not bind properties to 'DataRedisProperties' : prefix=spring.data.redis, ignoreInvalidFields=false, ignoreUnknownFields=true
	at org.springframework.beans.factory.support.AbstractBeanFactory.doGetBean(AbstractBeanFactory.java:322)
	at org.springframework.beans.factory.support.AbstractBeanFactory.getBean(AbstractBeanFactory.java:201)
	at org.springframework.context.support.AbstractApplicationContext.finishBeanFactoryInitialization(AbstractApplicationContext.java:966)
	at org.springframework.context.support.AbstractApplicationContext.refresh(AbstractApplicationContext.java:620)
	at org.springframework.boot.SpringApplication.refresh(SpringApplication.java:765)
	at org.springframework.boot.SpringApplication.refreshContext(SpringApplication.java:454)
	at org.springframework.boot.SpringApplication.run(SpringApplication.java:321)
	at org.springframework.boot.test.context.SpringBootContextLoader.lambda$loadContext$2(SpringBootContextLoader.java:148)
	at org.springframework.util.function.ThrowingSupplier.get(ThrowingSupplier.java:58)
	at org.springframework.util.function.ThrowingSupplier.get(ThrowingSupplier.java:46)
	at org.springframework.boot.SpringApplication.withHook(SpringApplication.java:1474)
	at org.springframework.boot.test.context.SpringBootContextLoader$ContextLoaderHook.run(SpringBootContextLoader.java:573)
	at org.springframework.boot.test.context.SpringBootContextLoader.loadContext(SpringBootContextLoader.java:148)
	at org.springframework.boot.test.context.SpringBootContextLoader.loadContext(SpringBootContextLoader.java:114)
	at org.springframework.test.context.cache.DefaultCacheAwareContextLoaderDelegate.loadContextInternal(DefaultCacheAwareContextLoaderDelegate.java:247)
	at org.springframework.test.context.cache.DefaultCacheAwareContextLoaderDelegate.lambda$loadContext$0(DefaultCacheAwareContextLoaderDelegate.java:167)
	... 82 common frames omitted
Caused by: org.springframework.beans.factory.UnsatisfiedDependencyException: Error creating bean with name 'cacheManager' defined in class path resource [org/springframework/boot/cache/autoconfigure/RedisCacheConfiguration.class]: Unsatisfied dependency expressed through method 'cacheManager' parameter 4: Error creating bean with name 'org.springframework.boot.data.redis.autoconfigure.LettuceConnectionConfiguration': Unsatisfied dependency expressed through constructor parameter 0: Error creating bean with name 'spring.data.redis-org.springframework.boot.data.redis.autoconfigure.DataRedisProperties': Could not bind properties to 'DataRedisProperties' : prefix=spring.data.redis, ignoreInvalidFields=false, ignoreUnknownFields=true
	at org.springframework.beans.factory.support.ConstructorResolver.createArgumentArray(ConstructorResolver.java:804)
	at org.springframework.beans.factory.support.ConstructorResolver.instantiateUsingFactoryMethod(ConstructorResolver.java:546)
	at org.springframework.beans.factory.support.AbstractAutowireCapableBeanFactory.instantiateUsingFactoryMethod(AbstractAutowireCapableBeanFactory.java:1362)
	at org.springframework.beans.factory.support.AbstractAutowireCapableBeanFactory.createBeanInstance(AbstractAutowireCapableBeanFactory.java:1194)
	at org.springframework.beans.factory.support.AbstractAutowireCapableBeanFactory.doCreateBean(AbstractAutowireCapableBeanFactory.java:565)
	at org.springframework.beans.factory.support.AbstractAutowireCapableBeanFactory.createBean(AbstractAutowireCapableBeanFactory.java:525)
	at org.springframework.beans.factory.support.AbstractBeanFactory.lambda$doGetBean$0(AbstractBeanFactory.java:333)
	at org.springframework.beans.factory.support.DefaultSingletonBeanRegistry.getSingleton(DefaultSingletonBeanRegistry.java:371)
	at org.springframework.beans.factory.support.AbstractBeanFactory.doGetBean(AbstractBeanFactory.java:331)
	at org.springframework.beans.factory.support.AbstractBeanFactory.getBean(AbstractBeanFactory.java:196)
	at org.springframework.beans.factory.support.AbstractBeanFactory.doGetBean(AbstractBeanFactory.java:309)
	... 97 common frames omitted
Caused by: org.springframework.beans.factory.UnsatisfiedDependencyException: Error creating bean with name 'org.springframework.boot.data.redis.autoconfigure.LettuceConnectionConfiguration': Unsatisfied dependency expressed through constructor parameter 0: Error creating bean with name 'spring.data.redis-org.springframework.boot.data.redis.autoconfigure.DataRedisProperties': Could not bind properties to 'DataRedisProperties' : prefix=spring.data.redis, ignoreInvalidFields=false, ignoreUnknownFields=true
	at org.springframework.beans.factory.support.ConstructorResolver.createArgumentArray(ConstructorResolver.java:804)
	at org.springframework.beans.factory.support.ConstructorResolver.autowireConstructor(ConstructorResolver.java:240)
	at org.springframework.beans.factory.support.AbstractAutowireCapableBeanFactory.autowireConstructor(AbstractAutowireCapableBeanFactory.java:1382)
	at org.springframework.beans.factory.support.AbstractAutowireCapableBeanFactory.createBeanInstance(AbstractAutowireCapableBeanFactory.java:1221)
	at org.springframework.beans.factory.support.AbstractAutowireCapableBeanFactory.doCreateBean(AbstractAutowireCapableBeanFactory.java:565)
	at org.springframework.beans.factory.support.AbstractAutowireCapableBeanFactory.createBean(AbstractAutowireCapableBeanFactory.java:525)
	at org.springframework.beans.factory.support.AbstractBeanFactory.lambda$doGetBean$0(AbstractBeanFactory.java:333)
	at org.springframework.beans.factory.support.DefaultSingletonBeanRegistry.getSingleton(DefaultSingletonBeanRegistry.java:371)
	at org.springframework.beans.factory.support.AbstractBeanFactory.doGetBean(AbstractBeanFactory.java:331)
	at org.springframework.beans.factory.support.AbstractBeanFactory.getBean(AbstractBeanFactory.java:196)
	at org.springframework.beans.factory.support.ConstructorResolver.instantiateUsingFactoryMethod(ConstructorResolver.java:413)
	at org.springframework.beans.factory.support.AbstractAutowireCapableBeanFactory.instantiateUsingFactoryMethod(AbstractAutowireCapableBeanFactory.java:1362)
	at org.springframework.beans.factory.support.AbstractAutowireCapableBeanFactory.createBeanInstance(AbstractAutowireCapableBeanFactory.java:1194)
	at org.springframework.beans.factory.support.AbstractAutowireCapableBeanFactory.doCreateBean(AbstractAutowireCapableBeanFactory.java:565)
	at org.springframework.beans.factory.support.AbstractAutowireCapableBeanFactory.createBean(AbstractAutowireCapableBeanFactory.java:525)
	at org.springframework.beans.factory.support.AbstractBeanFactory.lambda$doGetBean$0(AbstractBeanFactory.java:333)
	at org.springframework.beans.factory.support.DefaultSingletonBeanRegistry.getSingleton(DefaultSingletonBeanRegistry.java:371)
	at org.springframework.beans.factory.support.AbstractBeanFactory.doGetBean(AbstractBeanFactory.java:331)
	at org.springframework.beans.factory.support.AbstractBeanFactory.getBean(AbstractBeanFactory.java:201)
	at org.springframework.beans.factory.support.DefaultListableBeanFactory.resolveBean(DefaultListableBeanFactory.java:1225)
	at org.springframework.beans.factory.support.DefaultListableBeanFactory.doResolveDependency(DefaultListableBeanFactory.java:1704)
	at org.springframework.beans.factory.support.DefaultListableBeanFactory.resolveDependency(DefaultListableBeanFactory.java:1651)
	at org.springframework.beans.factory.support.ConstructorResolver.resolveAutowiredArgument(ConstructorResolver.java:912)
	at org.springframework.beans.factory.support.ConstructorResolver.createArgumentArray(ConstructorResolver.java:791)
	... 107 common frames omitted
Caused by: org.springframework.boot.context.properties.ConfigurationPropertiesBindException: Error creating bean with name 'spring.data.redis-org.springframework.boot.data.redis.autoconfigure.DataRedisProperties': Could not bind properties to 'DataRedisProperties' : prefix=spring.data.redis, ignoreInvalidFields=false, ignoreUnknownFields=true
	at org.springframework.boot.context.properties.ConfigurationPropertiesBindingPostProcessor.bind(ConfigurationPropertiesBindingPostProcessor.java:104)
	at org.springframework.boot.context.properties.ConfigurationPropertiesBindingPostProcessor.postProcessBeforeInitialization(ConfigurationPropertiesBindingPostProcessor.java:84)
	at org.springframework.beans.factory.support.AbstractAutowireCapableBeanFactory.applyBeanPostProcessorsBeforeInitialization(AbstractAutowireCapableBeanFactory.java:426)
	at org.springframework.beans.factory.support.AbstractAutowireCapableBeanFactory.initializeBean(AbstractAutowireCapableBeanFactory.java:1809)
	at org.springframework.beans.factory.support.AbstractAutowireCapableBeanFactory.doCreateBean(AbstractAutowireCapableBeanFactory.java:603)
	at org.springframework.beans.factory.support.AbstractAutowireCapableBeanFactory.createBean(AbstractAutowireCapableBeanFactory.java:525)
	at org.springframework.beans.factory.support.AbstractBeanFactory.lambda$doGetBean$0(AbstractBeanFactory.java:333)
	at org.springframework.beans.factory.support.DefaultSingletonBeanRegistry.getSingleton(DefaultSingletonBeanRegistry.java:371)
	at org.springframework.beans.factory.support.AbstractBeanFactory.doGetBean(AbstractBeanFactory.java:331)
	at org.springframework.beans.factory.support.AbstractBeanFactory.getBean(AbstractBeanFactory.java:201)
	at org.springframework.beans.factory.config.DependencyDescriptor.resolveCandidate(DependencyDescriptor.java:229)
	at org.springframework.beans.factory.support.DefaultListableBeanFactory.doResolveDependency(DefaultListableBeanFactory.java:1762)
	at org.springframework.beans.factory.support.DefaultListableBeanFactory.resolveDependency(DefaultListableBeanFactory.java:1651)
	at org.springframework.beans.factory.support.ConstructorResolver.resolveAutowiredArgument(ConstructorResolver.java:912)
	at org.springframework.beans.factory.support.ConstructorResolver.createArgumentArray(ConstructorResolver.java:791)
	... 130 common frames omitted
Caused by: org.springframework.boot.context.properties.bind.BindException: Failed to bind properties under 'spring.data.redis.port' to int
	at org.springframework.boot.context.properties.bind.Binder.handleBindError(Binder.java:418)
	at org.springframework.boot.context.properties.bind.Binder.bind(Binder.java:377)
	at org.springframework.boot.context.properties.bind.Binder.lambda$bindDataObject$0(Binder.java:505)
	at org.springframework.boot.context.properties.bind.JavaBeanBinder.bind(JavaBeanBinder.java:127)
	at org.springframework.boot.context.properties.bind.JavaBeanBinder.bind(JavaBeanBinder.java:115)
	at org.springframework.boot.context.properties.bind.JavaBeanBinder.bind(JavaBeanBinder.java:71)
	at org.springframework.boot.context.properties.bind.Binder.lambda$bindDataObject$2(Binder.java:508)
	at org.springframework.boot.context.properties.bind.Binder.fromDataObjectBinders(Binder.java:517)
	at org.springframework.boot.context.properties.bind.Binder.lambda$bindDataObject$1(Binder.java:507)
	at org.springframework.boot.context.properties.bind.Binder$Context.withIncreasedDepth(Binder.java:632)
	at org.springframework.boot.context.properties.bind.Binder$Context.withDataObject(Binder.java:618)
	at org.springframework.boot.context.properties.bind.Binder.bindDataObject(Binder.java:509)
	at org.springframework.boot.context.properties.bind.Binder.bindObject(Binder.java:445)
	at org.springframework.boot.context.properties.bind.Binder.bind(Binder.java:373)
	at org.springframework.boot.context.properties.bind.Binder.bind(Binder.java:360)
	at org.springframework.boot.context.properties.bind.Binder.bind(Binder.java:287)
	at org.springframework.boot.context.properties.bind.Binder.bind(Binder.java:274)
	at org.springframework.boot.context.properties.ConfigurationPropertiesBinder.bind(ConfigurationPropertiesBinder.java:96)
	at org.springframework.boot.context.properties.ConfigurationPropertiesBindingPostProcessor.bind(ConfigurationPropertiesBindingPostProcessor.java:101)
	... 144 common frames omitted
Caused by: java.lang.IllegalStateException: Mapped port can only be obtained after the container is started
	at org.testcontainers.shaded.com.google.common.base.Preconditions.checkState(Preconditions.java:513)
	at org.testcontainers.containers.ContainerState.getMappedPort(ContainerState.java:161)
	at java.base/java.util.Optional.map(Optional.java:260)
	at org.testcontainers.containers.ContainerState.getFirstMappedPort(ContainerState.java:143)
	at com.example.springjpalab.cache.RestaurantCacheTest$Companion.redisProperties$lambda$1(RestaurantCacheTest.kt:39)
	at org.springframework.util.function.SupplierUtils.resolve(SupplierUtils.java:54)
	at org.springframework.test.context.support.DynamicValuesPropertySource.getProperty(DynamicValuesPropertySource.java:65)
	at org.springframework.boot.context.properties.source.SpringConfigurationPropertySource.getPropertySourceProperty(SpringConfigurationPropertySource.java:110)
	at org.springframework.boot.context.properties.source.SpringIterableConfigurationPropertySource.getConfigurationProperty(SpringIterableConfigurationPropertySource.java:114)
	at org.springframework.boot.context.properties.bind.Binder.findProperty(Binder.java:479)
	at org.springframework.boot.context.properties.bind.Binder.bindObject(Binder.java:424)
	at org.springframework.boot.context.properties.bind.Binder.bind(Binder.java:373)
	... 161 common frames omitted
2026-05-03 16:20:28.530 [main] WARN  o.s.test.context.TestContextManager - Caught exception while allowing TestExecutionListener [org.springframework.test.context.web.ServletTestExecutionListener] to prepare test instance [com.example.springjpalab.cache.RestaurantCacheTest@68c47cf9]
java.lang.IllegalStateException: ApplicationContext failure threshold (1) exceeded: skipping repeated attempt to load context for [WebMergedContextConfiguration@4353db40 testClass = com.example.springjpalab.cache.RestaurantCacheTest, locations = [], classes = [com.example.springjpalab.SpringJpaLabApplication], contextInitializerClasses = [], activeProfiles = ["test"], propertySourceDescriptors = [], propertySourceProperties = ["org.springframework.boot.test.context.SpringBootTestContextBootstrapper=true"], contextCustomizers = [[ImportsContextCustomizer@56887c8f key = [org.springframework.boot.webmvc.test.autoconfigure.MockMvcWebDriverAutoConfiguration, org.springframework.boot.webmvc.test.autoconfigure.MockMvcWebClientAutoConfiguration, org.springframework.boot.webmvc.test.autoconfigure.MockMvcAutoConfiguration]], org.springframework.boot.test.context.PropertyMappingContextCustomizer@2d298995, org.springframework.boot.test.context.filter.ExcludeFilterContextCustomizer@3676ac27, org.springframework.boot.test.json.DuplicateJsonObjectContextCustomizerFactory$DuplicateJsonObjectContextCustomizer@40f33492, org.springframework.boot.test.autoconfigure.OnFailureConditionReportContextCustomizerFactory$OnFailureConditionReportContextCustomizer@6bc28a83, org.springframework.test.context.support.DynamicPropertiesContextCustomizer@74eaeee3, org.springframework.boot.webmvc.test.autoconfigure.WebDriverContextCustomizer@241a53ef, org.springframework.boot.web.server.context.SpringBootTestRandomPortContextCustomizerFactory$Customizer@70e659aa, org.springframework.boot.testcontainers.service.connection.ServiceConnectionContextCustomizer@0, org.springframework.boot.test.context.SpringBootTestAnnotation@47d4d50a], resourceBasePath = "src/main/webapp", contextLoader = org.springframework.boot.test.context.SpringBootContextLoader, parent = null]
	at org.springframework.test.context.cache.DefaultCacheAwareContextLoaderDelegate.loadContext(DefaultCacheAwareContextLoaderDelegate.java:157)
	at org.springframework.test.context.support.DefaultTestContext.getApplicationContext(DefaultTestContext.java:128)
	at org.springframework.test.context.web.ServletTestExecutionListener.setUpRequestContextIfNecessary(ServletTestExecutionListener.java:200)
	at org.springframework.test.context.web.ServletTestExecutionListener.prepareTestInstance(ServletTestExecutionListener.java:139)
	at org.springframework.test.context.TestContextManager.prepareTestInstance(TestContextManager.java:260)
	at org.springframework.test.context.junit.jupiter.SpringExtension.postProcessTestInstance(SpringExtension.java:203)
	at org.junit.jupiter.engine.descriptor.ClassBasedTestDescriptor.lambda$invokeTestInstancePostProcessors$1(ClassBasedTestDescriptor.java:423)
	at org.junit.jupiter.engine.descriptor.ClassBasedTestDescriptor.executeAndMaskThrowable(ClassBasedTestDescriptor.java:428)
	at org.junit.jupiter.engine.descriptor.ClassBasedTestDescriptor.lambda$invokeTestInstancePostProcessors$0(ClassBasedTestDescriptor.java:422)
	at java.base/java.util.stream.ForEachOps$ForEachOp$OfRef.accept(ForEachOps.java:184)
	at java.base/java.util.stream.ReferencePipeline$3$1.accept(ReferencePipeline.java:197)
	at java.base/java.util.stream.ReferencePipeline$2$1.accept(ReferencePipeline.java:179)
	at java.base/java.util.stream.ReferencePipeline$3$1.accept(ReferencePipeline.java:197)
	at java.base/java.util.ArrayList$ArrayListSpliterator.forEachRemaining(ArrayList.java:1708)
	at java.base/java.util.stream.AbstractPipeline.copyInto(AbstractPipeline.java:509)
	at java.base/java.util.stream.AbstractPipeline.wrapAndCopyInto(AbstractPipeline.java:499)
	at java.base/java.util.stream.ForEachOps$ForEachOp.evaluateSequential(ForEachOps.java:151)
	at java.base/java.util.stream.ForEachOps$ForEachOp$OfRef.evaluateSequential(ForEachOps.java:174)
	at java.base/java.util.stream.AbstractPipeline.evaluate(AbstractPipeline.java:234)
	at java.base/java.util.stream.ReferencePipeline.forEach(ReferencePipeline.java:596)
	at org.junit.jupiter.engine.descriptor.ClassBasedTestDescriptor.invokeTestInstancePostProcessors(ClassBasedTestDescriptor.java:422)
	at org.junit.jupiter.engine.descriptor.ClassBasedTestDescriptor.lambda$instantiateAndPostProcessTestInstance$0(ClassBasedTestDescriptor.java:334)
	at org.junit.platform.engine.support.hierarchical.ThrowableCollector.execute(ThrowableCollector.java:74)
	at org.junit.jupiter.engine.descriptor.ClassBasedTestDescriptor.instantiateAndPostProcessTestInstance(ClassBasedTestDescriptor.java:333)
	at org.junit.jupiter.engine.descriptor.ClassBasedTestDescriptor.lambda$testInstancesProvider$1(ClassBasedTestDescriptor.java:322)
	at java.base/java.util.Optional.orElseGet(Optional.java:364)
	at org.junit.jupiter.engine.descriptor.ClassBasedTestDescriptor.lambda$testInstancesProvider$0(ClassBasedTestDescriptor.java:321)
	at org.junit.jupiter.engine.execution.TestInstancesProvider.getTestInstances(TestInstancesProvider.java:27)
	at org.junit.jupiter.engine.descriptor.TestMethodTestDescriptor.lambda$prepare$0(TestMethodTestDescriptor.java:127)
	at org.junit.platform.engine.support.hierarchical.ThrowableCollector.execute(ThrowableCollector.java:74)
	at org.junit.jupiter.engine.descriptor.TestMethodTestDescriptor.prepare(TestMethodTestDescriptor.java:126)
	at org.junit.jupiter.engine.descriptor.TestMethodTestDescriptor.prepare(TestMethodTestDescriptor.java:70)
	at org.junit.platform.engine.support.hierarchical.NodeTestTask.lambda$prepare$0(NodeTestTask.java:144)
	at org.junit.platform.engine.support.hierarchical.ThrowableCollector.execute(ThrowableCollector.java:74)
	at org.junit.platform.engine.support.hierarchical.NodeTestTask.prepare(NodeTestTask.java:144)
	at org.junit.platform.engine.support.hierarchical.NodeTestTask.execute(NodeTestTask.java:110)
	at java.base/java.util.ArrayList.forEach(ArrayList.java:1596)
	at org.junit.platform.engine.support.hierarchical.SameThreadHierarchicalTestExecutorService.invokeAll(SameThreadHierarchicalTestExecutorService.java:42)
	at org.junit.platform.engine.support.hierarchical.NodeTestTask.lambda$executeRecursively$2(NodeTestTask.java:180)
	at org.junit.platform.engine.support.hierarchical.ThrowableCollector.execute(ThrowableCollector.java:74)
	at org.junit.platform.engine.support.hierarchical.NodeTestTask.lambda$executeRecursively$1(NodeTestTask.java:166)
	at org.junit.platform.engine.support.hierarchical.Node.around(Node.java:138)
	at org.junit.platform.engine.support.hierarchical.NodeTestTask.lambda$executeRecursively$0(NodeTestTask.java:164)
	at org.junit.platform.engine.support.hierarchical.ThrowableCollector.execute(ThrowableCollector.java:74)
	at org.junit.platform.engine.support.hierarchical.NodeTestTask.executeRecursively(NodeTestTask.java:163)
	at org.junit.platform.engine.support.hierarchical.NodeTestTask.execute(NodeTestTask.java:116)
	at java.base/java.util.ArrayList.forEach(ArrayList.java:1596)
	at org.junit.platform.engine.support.hierarchical.SameThreadHierarchicalTestExecutorService.invokeAll(SameThreadHierarchicalTestExecutorService.java:42)
	at org.junit.platform.engine.support.hierarchical.NodeTestTask.lambda$executeRecursively$2(NodeTestTask.java:180)
	at org.junit.platform.engine.support.hierarchical.ThrowableCollector.execute(ThrowableCollector.java:74)
	at org.junit.platform.engine.support.hierarchical.NodeTestTask.lambda$executeRecursively$1(NodeTestTask.java:166)
	at org.junit.platform.engine.support.hierarchical.Node.around(Node.java:138)
	at org.junit.platform.engine.support.hierarchical.NodeTestTask.lambda$executeRecursively$0(NodeTestTask.java:164)
	at org.junit.platform.engine.support.hierarchical.ThrowableCollector.execute(ThrowableCollector.java:74)
	at org.junit.platform.engine.support.hierarchical.NodeTestTask.executeRecursively(NodeTestTask.java:163)
	at org.junit.platform.engine.support.hierarchical.NodeTestTask.execute(NodeTestTask.java:116)
	at org.junit.platform.engine.support.hierarchical.SameThreadHierarchicalTestExecutorService.submit(SameThreadHierarchicalTestExecutorService.java:36)
	at org.junit.platform.engine.support.hierarchical.HierarchicalTestExecutor.execute(HierarchicalTestExecutor.java:52)
	at org.junit.platform.engine.support.hierarchical.HierarchicalTestEngine.execute(HierarchicalTestEngine.java:58)
	at org.junit.platform.launcher.core.EngineExecutionOrchestrator.executeEngine(EngineExecutionOrchestrator.java:246)
	at org.junit.platform.launcher.core.EngineExecutionOrchestrator.failOrExecuteEngine(EngineExecutionOrchestrator.java:218)
	at org.junit.platform.launcher.core.EngineExecutionOrchestrator.execute(EngineExecutionOrchestrator.java:179)
	at org.junit.platform.launcher.core.EngineExecutionOrchestrator.execute(EngineExecutionOrchestrator.java:108)
	at org.junit.platform.launcher.core.EngineExecutionOrchestrator.lambda$execute$0(EngineExecutionOrchestrator.java:66)
	at org.junit.platform.launcher.core.EngineExecutionOrchestrator.withInterceptedStreams(EngineExecutionOrchestrator.java:157)
	at org.junit.platform.launcher.core.EngineExecutionOrchestrator.execute(EngineExecutionOrchestrator.java:65)
	at org.junit.platform.launcher.core.DefaultLauncher.execute(DefaultLauncher.java:125)
	at org.junit.platform.launcher.core.DefaultLauncher.execute(DefaultLauncher.java:114)
	at org.junit.platform.launcher.core.DefaultLauncher.execute(DefaultLauncher.java:93)
	at org.junit.platform.launcher.core.DelegatingLauncher.execute(DelegatingLauncher.java:48)
	at org.junit.platform.launcher.core.InterceptingLauncher.lambda$execute$0(InterceptingLauncher.java:41)
	at org.junit.platform.launcher.core.ClasspathAlignmentCheckingLauncherInterceptor.intercept(ClasspathAlignmentCheckingLauncherInterceptor.java:25)
	at org.junit.platform.launcher.core.InterceptingLauncher.execute(InterceptingLauncher.java:40)
	at org.junit.platform.launcher.core.DelegatingLauncher.execute(DelegatingLauncher.java:48)
	at org.junit.platform.launcher.core.SessionPerRequestLauncher.execute(SessionPerRequestLauncher.java:67)
	at com.intellij.junit6.JUnit6IdeaTestRunner.startRunnerWithArgs(JUnit6IdeaTestRunner.java:67)
	at com.intellij.rt.junit.IdeaTestRunner$Repeater$1.execute(IdeaTestRunner.java:38)
	at com.intellij.rt.execution.junit.TestsRepeater.repeat(TestsRepeater.java:11)
	at com.intellij.rt.junit.IdeaTestRunner$Repeater.startRunnerWithArgs(IdeaTestRunner.java:35)
	at com.intellij.rt.junit.JUnitStarter.prepareStreamsAndStart(JUnitStarter.java:237)
	at com.intellij.rt.junit.JUnitStarter.main(JUnitStarter.java:58)
2026-05-03 16:22:35.249 [main] INFO  c.e.s.cache.RestaurantCacheTest - Starting RestaurantCacheTest using Java 21.0.10 with PID 22952 (started by lidiya in C:\Users\lidiya\IdeaProjects\spring-jpa-lab)
2026-05-03 16:22:35.251 [main] DEBUG c.e.s.cache.RestaurantCacheTest - Running with Spring Boot v4.0.0, Spring v7.0.1
2026-05-03 16:22:35.253 [main] INFO  c.e.s.cache.RestaurantCacheTest - The following 1 profile is active: "test"
2026-05-03 16:22:54.628 [main] WARN  o.s.b.j.a.JpaBaseConfiguration$JpaWebConfiguration - spring.jpa.open-in-view is enabled by default. Therefore, database queries may be performed during view rendering. Explicitly configure spring.jpa.open-in-view to disable this warning
2026-05-03 16:22:56.680 [main] DEBUG c.e.s.s.JwtAuthenticationFilter - Filter 'jwtAuthenticationFilter' configured for use
2026-05-03 16:22:56.746 [main] INFO  c.e.s.cache.RestaurantCacheTest - Started RestaurantCacheTest in 22.688 seconds (process running for 31.134)
2026-05-03 16:22:58.579 [main] INFO  c.e.s.a.service.RestaurantService - Cache miss for restaurants.findAll: loading from repository
2026-05-03 16:22:58.743 [main] DEBUG org.hibernate.SQL - select rje1_0.id,rje1_0.address,rje1_0.name from restaurants rje1_0
2026-05-03 16:30:04.531 [main] INFO  c.e.s.cache.RestaurantCacheTest - Starting RestaurantCacheTest using Java 21.0.10 with PID 10332 (started by lidiya in C:\Users\lidiya\IdeaProjects\spring-jpa-lab)
2026-05-03 16:30:04.533 [main] DEBUG c.e.s.cache.RestaurantCacheTest - Running with Spring Boot v4.0.0, Spring v7.0.1
2026-05-03 16:30:04.535 [main] INFO  c.e.s.cache.RestaurantCacheTest - The following 1 profile is active: "test"
2026-05-03 16:30:24.529 [main] WARN  o.s.b.j.a.JpaBaseConfiguration$JpaWebConfiguration - spring.jpa.open-in-view is enabled by default. Therefore, database queries may be performed during view rendering. Explicitly configure spring.jpa.open-in-view to disable this warning
2026-05-03 16:30:26.939 [main] DEBUG c.e.s.s.JwtAuthenticationFilter - Filter 'jwtAuthenticationFilter' configured for use
2026-05-03 16:30:27.008 [main] INFO  c.e.s.cache.RestaurantCacheTest - Started RestaurantCacheTest in 23.639 seconds (process running for 31.906)
2026-05-03 16:30:28.878 [main] INFO  c.e.s.a.service.RestaurantService - Cache miss for restaurants.findAll: loading from repository
2026-05-03 16:30:29.039 [main] DEBUG org.hibernate.SQL - select rje1_0.id,rje1_0.address,rje1_0.name from restaurants rje1_0
2026-05-03 16:35:48.605 [main] INFO  c.e.s.cache.RestaurantCacheTest - Starting RestaurantCacheTest using Java 17.0.12 with PID 2968 (started by lidiya in C:\Users\lidiya\IdeaProjects\spring-jpa-lab)
2026-05-03 16:35:48.609 [main] DEBUG c.e.s.cache.RestaurantCacheTest - Running with Spring Boot v4.0.0, Spring v7.0.1
2026-05-03 16:35:48.611 [main] INFO  c.e.s.cache.RestaurantCacheTest - The following 1 profile is active: "test"
2026-05-03 16:36:15.274 [main] WARN  o.s.b.j.a.JpaBaseConfiguration$JpaWebConfiguration - spring.jpa.open-in-view is enabled by default. Therefore, database queries may be performed during view rendering. Explicitly configure spring.jpa.open-in-view to disable this warning
2026-05-03 16:36:20.341 [main] DEBUG c.e.s.s.JwtAuthenticationFilter - Filter 'jwtAuthenticationFilter' configured for use
2026-05-03 16:36:20.498 [main] INFO  c.e.s.cache.RestaurantCacheTest - Started RestaurantCacheTest in 33.443 seconds (process running for 42.988)
2026-05-03 16:36:23.253 [main] INFO  c.e.s.a.service.RestaurantService - Cache miss for restaurants.findAll: loading from repository
2026-05-03 16:36:23.694 [main] DEBUG org.hibernate.SQL - select rje1_0.id,rje1_0.address,rje1_0.name from restaurants rje1_0
2026-05-03 16:36:24.493 [main] INFO  c.e.s.a.service.RestaurantService - Cache miss for restaurants.findAll: loading from repository
2026-05-03 16:36:24.500 [main] DEBUG org.hibernate.SQL - select rje1_0.id,rje1_0.address,rje1_0.name from restaurants rje1_0
2026-05-03 16:37:21.127 [main] INFO  c.e.s.cache.RestaurantCacheTest - Starting RestaurantCacheTest using Java 17.0.12 with PID 17412 (started by lidiya in C:\Users\lidiya\IdeaProjects\spring-jpa-lab)
2026-05-03 16:37:21.131 [main] DEBUG c.e.s.cache.RestaurantCacheTest - Running with Spring Boot v4.0.0, Spring v7.0.1
2026-05-03 16:37:21.134 [main] INFO  c.e.s.cache.RestaurantCacheTest - The following 1 profile is active: "test"
2026-05-03 16:37:43.534 [main] WARN  o.s.b.j.a.JpaBaseConfiguration$JpaWebConfiguration - spring.jpa.open-in-view is enabled by default. Therefore, database queries may be performed during view rendering. Explicitly configure spring.jpa.open-in-view to disable this warning
2026-05-03 16:37:47.485 [main] DEBUG c.e.s.s.JwtAuthenticationFilter - Filter 'jwtAuthenticationFilter' configured for use
2026-05-03 16:37:47.664 [main] INFO  c.e.s.cache.RestaurantCacheTest - Started RestaurantCacheTest in 27.864 seconds (process running for 36.255)
2026-05-03 16:37:50.042 [main] INFO  c.e.s.a.service.RestaurantService - Cache miss for restaurants.findAll: loading from repository
2026-05-03 16:37:50.429 [main] DEBUG org.hibernate.SQL - select rje1_0.id,rje1_0.address,rje1_0.name from restaurants rje1_0
2026-05-03 16:37:51.133 [main] DEBUG org.hibernate.SQL - select rje1_0.id,rje1_0.address,rje1_0.name from restaurants rje1_0 where rje1_0.name=?
2026-05-03 16:37:51.275 [main] DEBUG org.hibernate.SQL - insert into restaurants (address,name) values (?,?)
2026-05-03 16:37:51.388 [main] INFO  c.e.s.a.service.RestaurantService - Создан ресторан: id=1, name=New-304730945176600
2026-05-03 16:37:51.588 [main] INFO  c.e.s.a.service.RestaurantService - Cache miss for restaurants.findAll: loading from repository
2026-05-03 16:37:51.594 [main] DEBUG org.hibernate.SQL - select rje1_0.id,rje1_0.address,rje1_0.name from restaurants rje1_0
2026-05-03 16:37:51.624 [main] DEBUG org.hibernate.SQL - select d1_0.restaurant_id,d1_0.id,d1_0.description,d1_0.is_available,d1_0.name,d1_0.price from dishes d1_0 where d1_0.restaurant_id=?
2026-05-03 16:39:40.048 [main] INFO  c.e.s.cache.RestaurantCacheTest - Starting RestaurantCacheTest using Java 17.0.12 with PID 18640 (started by lidiya in C:\Users\lidiya\IdeaProjects\spring-jpa-lab)
2026-05-03 16:39:40.051 [main] DEBUG c.e.s.cache.RestaurantCacheTest - Running with Spring Boot v4.0.0, Spring v7.0.1
2026-05-03 16:39:40.053 [main] INFO  c.e.s.cache.RestaurantCacheTest - The following 1 profile is active: "test"
2026-05-03 16:40:04.689 [main] WARN  o.s.b.j.a.JpaBaseConfiguration$JpaWebConfiguration - spring.jpa.open-in-view is enabled by default. Therefore, database queries may be performed during view rendering. Explicitly configure spring.jpa.open-in-view to disable this warning
2026-05-03 16:40:09.783 [main] DEBUG c.e.s.s.JwtAuthenticationFilter - Filter 'jwtAuthenticationFilter' configured for use
2026-05-03 16:40:10.039 [main] INFO  c.e.s.cache.RestaurantCacheTest - Started RestaurantCacheTest in 31.282 seconds (process running for 40.12)
2026-05-03 16:40:13.772 [main] INFO  c.e.s.a.service.RestaurantService - Cache miss for restaurants.findAll: loading from repository
2026-05-03 16:40:14.706 [main] DEBUG org.hibernate.SQL - select rje1_0.id,rje1_0.address,rje1_0.name from restaurants rje1_0
2026-05-03 16:40:15.979 [main] DEBUG org.hibernate.SQL - select rje1_0.id,rje1_0.address,rje1_0.name from restaurants rje1_0 where rje1_0.name=?
2026-05-03 16:40:16.348 [main] DEBUG org.hibernate.SQL - insert into restaurants (address,name) values (?,?)
2026-05-03 16:40:16.632 [main] INFO  c.e.s.a.service.RestaurantService - РЎРѕР·РґР°РЅ СЂРµСЃС‚РѕСЂР°РЅ: id=1, name=New-304875691038400
2026-05-03 16:40:16.912 [main] INFO  c.e.s.a.service.RestaurantService - Cache miss for restaurants.findAll: loading from repository
2026-05-03 16:40:16.920 [main] DEBUG org.hibernate.SQL - select rje1_0.id,rje1_0.address,rje1_0.name from restaurants rje1_0
2026-05-03 16:40:16.960 [main] DEBUG org.hibernate.SQL - select d1_0.restaurant_id,d1_0.id,d1_0.description,d1_0.is_available,d1_0.name,d1_0.price from dishes d1_0 where d1_0.restaurant_id=?
2026-05-03 16:41:29.757 [main] INFO  c.e.s.cache.RestaurantCacheTest - Starting RestaurantCacheTest using Java 17.0.12 with PID 984 (started by lidiya in C:\Users\lidiya\IdeaProjects\spring-jpa-lab)
2026-05-03 16:41:29.761 [main] DEBUG c.e.s.cache.RestaurantCacheTest - Running with Spring Boot v4.0.0, Spring v7.0.1
2026-05-03 16:41:29.764 [main] INFO  c.e.s.cache.RestaurantCacheTest - The following 1 profile is active: "test"
2026-05-03 16:41:58.785 [main] WARN  o.s.b.j.a.JpaBaseConfiguration$JpaWebConfiguration - spring.jpa.open-in-view is enabled by default. Therefore, database queries may be performed during view rendering. Explicitly configure spring.jpa.open-in-view to disable this warning
2026-05-03 16:42:04.047 [main] DEBUG c.e.s.s.JwtAuthenticationFilter - Filter 'jwtAuthenticationFilter' configured for use
2026-05-03 16:42:04.206 [main] INFO  c.e.s.cache.RestaurantCacheTest - Started RestaurantCacheTest in 35.968 seconds (process running for 44.292)
2026-05-03 16:42:08.496 [main] INFO  c.e.s.a.service.RestaurantService - Cache miss for restaurants.findAll: loading from repository
2026-05-03 16:42:09.406 [main] DEBUG org.hibernate.SQL - select rje1_0.id,rje1_0.address,rje1_0.name from restaurants rje1_0
2026-05-03 16:42:11.174 [main] DEBUG org.hibernate.SQL - select rje1_0.id,rje1_0.address,rje1_0.name from restaurants rje1_0 where rje1_0.name=?
2026-05-03 16:42:11.564 [main] DEBUG org.hibernate.SQL - insert into restaurants (address,name) values (?,?)
2026-05-03 16:42:11.715 [main] INFO  c.e.s.a.service.RestaurantService - РЎРѕР·РґР°РЅ СЂРµСЃС‚РѕСЂР°РЅ: id=1, name=New-304990752103500
2026-05-03 16:42:11.775 [main] INFO  c.e.s.a.service.RestaurantService - Cache miss for restaurants.findAll: loading from repository
2026-05-03 16:42:11.783 [main] DEBUG org.hibernate.SQL - select rje1_0.id,rje1_0.address,rje1_0.name from restaurants rje1_0
2026-05-03 16:42:11.838 [main] DEBUG org.hibernate.SQL - select d1_0.restaurant_id,d1_0.id,d1_0.description,d1_0.is_available,d1_0.name,d1_0.price from dishes d1_0 where d1_0.restaurant_id=?
2026-05-03 16:42:12.076 [main] INFO  c.e.s.a.service.RestaurantService - Cache miss for restaurants.findAll: loading from repository
2026-05-03 16:42:12.086 [main] DEBUG org.hibernate.SQL - select rje1_0.id,rje1_0.address,rje1_0.name from restaurants rje1_0
2026-05-03 16:42:12.100 [main] DEBUG org.hibernate.SQL - select d1_0.restaurant_id,d1_0.id,d1_0.description,d1_0.is_available,d1_0.name,d1_0.price from dishes d1_0 where d1_0.restaurant_id=?
2026-05-03 16:48:31.231 [main] INFO  c.e.s.cache.RestaurantCacheTest - Starting RestaurantCacheTest using Java 21.0.10 with PID 33708 (started by lidiya in C:\Users\lidiya\IdeaProjects\spring-jpa-lab)
2026-05-03 16:48:31.235 [main] DEBUG c.e.s.cache.RestaurantCacheTest - Running with Spring Boot v4.0.0, Spring v7.0.1
2026-05-03 16:48:31.237 [main] INFO  c.e.s.cache.RestaurantCacheTest - The following 1 profile is active: "test"
2026-05-03 16:48:59.719 [main] WARN  o.s.b.j.a.JpaBaseConfiguration$JpaWebConfiguration - spring.jpa.open-in-view is enabled by default. Therefore, database queries may be performed during view rendering. Explicitly configure spring.jpa.open-in-view to disable this warning
2026-05-03 16:49:02.622 [main] DEBUG c.e.s.s.JwtAuthenticationFilter - Filter 'jwtAuthenticationFilter' configured for use
2026-05-03 16:49:02.706 [main] INFO  c.e.s.cache.RestaurantCacheTest - Started RestaurantCacheTest in 33.275 seconds (process running for 46.156)
2026-05-03 16:49:05.400 [main] DEBUG org.hibernate.SQL - select rje1_0.id,rje1_0.address,rje1_0.name from restaurants rje1_0
2026-05-03 16:55:06.253 [main] INFO  c.e.s.cache.RestaurantCacheTest - Starting RestaurantCacheTest using Java 21.0.10 with PID 15312 (started by lidiya in C:\Users\lidiya\IdeaProjects\spring-jpa-lab)
2026-05-03 16:55:06.256 [main] DEBUG c.e.s.cache.RestaurantCacheTest - Running with Spring Boot v4.0.0, Spring v7.0.1
2026-05-03 16:55:06.258 [main] INFO  c.e.s.cache.RestaurantCacheTest - The following 1 profile is active: "test"
2026-05-03 16:55:32.928 [main] WARN  o.s.b.j.a.JpaBaseConfiguration$JpaWebConfiguration - spring.jpa.open-in-view is enabled by default. Therefore, database queries may be performed during view rendering. Explicitly configure spring.jpa.open-in-view to disable this warning
2026-05-03 16:55:36.485 [main] DEBUG c.e.s.s.JwtAuthenticationFilter - Filter 'jwtAuthenticationFilter' configured for use
2026-05-03 16:55:36.607 [main] INFO  c.e.s.cache.RestaurantCacheTest - Started RestaurantCacheTest in 32.063 seconds (process running for 44.167)
2026-05-03 16:55:39.869 [main] DEBUG org.hibernate.SQL - select rje1_0.id,rje1_0.address,rje1_0.name from restaurants rje1_0
2026-05-03 16:57:13.849 [main] INFO  c.e.s.cache.RestaurantCacheTest - Starting RestaurantCacheTest using Java 21.0.10 with PID 33608 (started by lidiya in C:\Users\lidiya\IdeaProjects\spring-jpa-lab)
2026-05-03 16:57:13.852 [main] DEBUG c.e.s.cache.RestaurantCacheTest - Running with Spring Boot v4.0.0, Spring v7.0.1
2026-05-03 16:57:13.853 [main] INFO  c.e.s.cache.RestaurantCacheTest - The following 1 profile is active: "test"
2026-05-03 16:57:41.497 [main] WARN  o.s.b.j.a.JpaBaseConfiguration$JpaWebConfiguration - spring.jpa.open-in-view is enabled by default. Therefore, database queries may be performed during view rendering. Explicitly configure spring.jpa.open-in-view to disable this warning
2026-05-03 16:57:44.592 [main] DEBUG c.e.s.s.JwtAuthenticationFilter - Filter 'jwtAuthenticationFilter' configured for use
2026-05-03 16:57:44.691 [main] INFO  c.e.s.cache.RestaurantCacheTest - Started RestaurantCacheTest in 32.553 seconds (process running for 46.064)
2026-05-03 16:57:47.433 [main] DEBUG org.hibernate.SQL - select rje1_0.id,rje1_0.address,rje1_0.name from restaurants rje1_0
2026-05-03 16:58:12.881 [main] INFO  c.e.s.cache.RestaurantCacheTest - Starting RestaurantCacheTest using Java 21.0.10 with PID 27680 (started by lidiya in C:\Users\lidiya\IdeaProjects\spring-jpa-lab)
2026-05-03 16:58:12.885 [main] DEBUG c.e.s.cache.RestaurantCacheTest - Running with Spring Boot v4.0.0, Spring v7.0.1
2026-05-03 16:58:12.888 [main] INFO  c.e.s.cache.RestaurantCacheTest - The following 1 profile is active: "test"
2026-05-03 16:58:41.042 [main] WARN  o.s.b.j.a.JpaBaseConfiguration$JpaWebConfiguration - spring.jpa.open-in-view is enabled by default. Therefore, database queries may be performed during view rendering. Explicitly configure spring.jpa.open-in-view to disable this warning
2026-05-03 16:58:44.221 [main] DEBUG c.e.s.s.JwtAuthenticationFilter - Filter 'jwtAuthenticationFilter' configured for use
2026-05-03 16:58:44.346 [main] INFO  c.e.s.cache.RestaurantCacheTest - Started RestaurantCacheTest in 33.357 seconds (process running for 45.378)
2026-05-03 16:58:47.232 [main] DEBUG org.hibernate.SQL - select rje1_0.id,rje1_0.address,rje1_0.name from restaurants rje1_0
2026-05-03 17:14:37.900 [main] INFO  c.e.s.cache.RestaurantCacheTest - Starting RestaurantCacheTest using Java 21.0.10 with PID 24392 (started by lidiya in C:\Users\lidiya\IdeaProjects\spring-jpa-lab)
2026-05-03 17:14:37.904 [main] DEBUG c.e.s.cache.RestaurantCacheTest - Running with Spring Boot v4.0.0, Spring v7.0.1
2026-05-03 17:14:37.906 [main] INFO  c.e.s.cache.RestaurantCacheTest - The following 1 profile is active: "test"
2026-05-03 17:15:08.569 [main] WARN  o.s.b.j.a.JpaBaseConfiguration$JpaWebConfiguration - spring.jpa.open-in-view is enabled by default. Therefore, database queries may be performed during view rendering. Explicitly configure spring.jpa.open-in-view to disable this warning
2026-05-03 17:15:11.748 [main] DEBUG c.e.s.s.JwtAuthenticationFilter - Filter 'jwtAuthenticationFilter' configured for use
2026-05-03 17:15:11.843 [main] INFO  c.e.s.cache.RestaurantCacheTest - Started RestaurantCacheTest in 35.663 seconds (process running for 48.947)
2026-05-03 17:15:14.587 [main] DEBUG org.hibernate.SQL - select rje1_0.id,rje1_0.address,rje1_0.name from restaurants rje1_0
2026-05-03 17:16:21.336 [main] INFO  c.e.s.cache.RestaurantCacheTest - Starting RestaurantCacheTest using Java 21.0.10 with PID 33716 (started by lidiya in C:\Users\lidiya\IdeaProjects\spring-jpa-lab)
2026-05-03 17:16:21.339 [main] DEBUG c.e.s.cache.RestaurantCacheTest - Running with Spring Boot v4.0.0, Spring v7.0.1
2026-05-03 17:16:21.342 [main] INFO  c.e.s.cache.RestaurantCacheTest - The following 1 profile is active: "test"
2026-05-03 17:16:47.910 [main] WARN  o.s.b.j.a.JpaBaseConfiguration$JpaWebConfiguration - spring.jpa.open-in-view is enabled by default. Therefore, database queries may be performed during view rendering. Explicitly configure spring.jpa.open-in-view to disable this warning
2026-05-03 17:16:50.745 [main] DEBUG c.e.s.s.JwtAuthenticationFilter - Filter 'jwtAuthenticationFilter' configured for use
2026-05-03 17:16:50.837 [main] INFO  c.e.s.cache.RestaurantCacheTest - Started RestaurantCacheTest in 31.141 seconds (process running for 42.837)
2026-05-03 17:20:03.364 [main] INFO  c.e.s.cache.RestaurantCacheTest - Starting RestaurantCacheTest using Java 21.0.10 with PID 11816 (started by lidiya in C:\Users\lidiya\IdeaProjects\spring-jpa-lab)
2026-05-03 17:20:03.368 [main] DEBUG c.e.s.cache.RestaurantCacheTest - Running with Spring Boot v4.0.0, Spring v7.0.1
2026-05-03 17:20:03.370 [main] INFO  c.e.s.cache.RestaurantCacheTest - The following 1 profile is active: "test"
2026-05-03 17:20:30.325 [main] WARN  o.s.b.j.a.JpaBaseConfiguration$JpaWebConfiguration - spring.jpa.open-in-view is enabled by default. Therefore, database queries may be performed during view rendering. Explicitly configure spring.jpa.open-in-view to disable this warning
2026-05-03 17:20:32.987 [main] DEBUG c.e.s.s.JwtAuthenticationFilter - Filter 'jwtAuthenticationFilter' configured for use
2026-05-03 17:20:33.094 [main] INFO  c.e.s.cache.RestaurantCacheTest - Started RestaurantCacheTest in 31.316 seconds (process running for 43.335)
2026-05-03 17:20:36.013 [main] DEBUG org.hibernate.SQL - select rje1_0.id,rje1_0.address,rje1_0.name from restaurants rje1_0 where rje1_0.name=?
2026-05-03 17:20:36.191 [main] DEBUG org.hibernate.SQL - insert into restaurants (address,name) values (?,?)
2026-05-03 17:20:36.283 [main] INFO  c.e.s.a.service.RestaurantService - РЎРѕР·РґР°РЅ СЂРµСЃС‚РѕСЂР°РЅ: id=1, name=Р”Р»СЏ РѕР±РЅРѕРІР»РµРЅРёСЏ
2026-05-03 17:20:36.481 [main] DEBUG org.hibernate.SQL - select rje1_0.id,rje1_0.address,d1_0.restaurant_id,d1_0.id,d1_0.description,d1_0.is_available,d1_0.name,d1_0.price,rje1_0.name from restaurants rje1_0 left join dishes d1_0 on rje1_0.id=d1_0.restaurant_id where rje1_0.id=?
2026-05-03 17:20:36.553 [main] DEBUG org.hibernate.SQL - update restaurants set address=?,name=? where id=?
2026-05-03 17:20:36.566 [main] INFO  c.e.s.a.service.RestaurantService - РћР±РЅРѕРІР»РµРЅ СЂРµСЃС‚РѕСЂР°РЅ: id=1, name=РћР±РЅРѕРІР»С‘РЅРЅС‹Р№
2026-05-03 17:20:36.756 [main] DEBUG org.hibernate.SQL - select rje1_0.id,rje1_0.address,rje1_0.name from restaurants rje1_0
2026-05-03 17:20:36.774 [main] DEBUG org.hibernate.SQL - select d1_0.restaurant_id,d1_0.id,d1_0.description,d1_0.is_available,d1_0.name,d1_0.price from dishes d1_0 where d1_0.restaurant_id=?
2026-05-03 17:24:02.037 [main] INFO  c.e.s.cache.RestaurantCacheTest - Starting RestaurantCacheTest using Java 21.0.10 with PID 23152 (started by lidiya in C:\Users\lidiya\IdeaProjects\spring-jpa-lab)
2026-05-03 17:24:02.040 [main] DEBUG c.e.s.cache.RestaurantCacheTest - Running with Spring Boot v4.0.0, Spring v7.0.1
2026-05-03 17:24:02.043 [main] INFO  c.e.s.cache.RestaurantCacheTest - The following 1 profile is active: "test"
2026-05-03 17:24:28.981 [main] WARN  o.s.b.j.a.JpaBaseConfiguration$JpaWebConfiguration - spring.jpa.open-in-view is enabled by default. Therefore, database queries may be performed during view rendering. Explicitly configure spring.jpa.open-in-view to disable this warning
2026-05-03 17:24:32.097 [main] DEBUG c.e.s.s.JwtAuthenticationFilter - Filter 'jwtAuthenticationFilter' configured for use
2026-05-03 17:24:32.207 [main] INFO  c.e.s.cache.RestaurantCacheTest - Started RestaurantCacheTest in 31.706 seconds (process running for 43.703)
2026-05-03 17:24:34.970 [main] DEBUG org.hibernate.SQL - select rje1_0.id,rje1_0.address,rje1_0.name from restaurants rje1_0 where rje1_0.name=?
2026-05-03 17:24:35.151 [main] DEBUG org.hibernate.SQL - insert into restaurants (address,name) values (?,?)
2026-05-03 17:24:35.246 [main] INFO  c.e.s.a.service.RestaurantService - РЎРѕР·РґР°РЅ СЂРµСЃС‚РѕСЂР°РЅ: id=1, name=Р”Р»СЏ РѕР±РЅРѕРІР»РµРЅРёСЏ
2026-05-03 17:24:35.589 [main] DEBUG org.hibernate.SQL - select rje1_0.id,rje1_0.address,d1_0.restaurant_id,d1_0.id,d1_0.description,d1_0.is_available,d1_0.name,d1_0.price,rje1_0.name from restaurants rje1_0 left join dishes d1_0 on rje1_0.id=d1_0.restaurant_id where rje1_0.id=?
2026-05-03 17:24:35.647 [main] DEBUG org.hibernate.SQL - update restaurants set address=?,name=? where id=?
2026-05-03 17:24:35.666 [main] INFO  c.e.s.a.service.RestaurantService - РћР±РЅРѕРІР»РµРЅ СЂРµСЃС‚РѕСЂР°РЅ: id=1, name=РћР±РЅРѕРІР»С‘РЅРЅС‹Р№
2026-05-03 17:24:35.808 [main] DEBUG org.hibernate.SQL - select rje1_0.id,rje1_0.address,rje1_0.name from restaurants rje1_0
2026-05-03 17:24:35.825 [main] DEBUG org.hibernate.SQL - select d1_0.restaurant_id,d1_0.id,d1_0.description,d1_0.is_available,d1_0.name,d1_0.price from dishes d1_0 where d1_0.restaurant_id=?
2026-05-03 17:24:35.978 [main] DEBUG org.hibernate.SQL - select rje1_0.id,rje1_0.address,rje1_0.name from restaurants rje1_0
2026-05-03 17:24:35.985 [main] DEBUG org.hibernate.SQL - select d1_0.restaurant_id,d1_0.id,d1_0.description,d1_0.is_available,d1_0.name,d1_0.price from dishes d1_0 where d1_0.restaurant_id=?
2026-05-03 17:26:27.773 [main] INFO  c.e.s.cache.RestaurantCacheTest - Starting RestaurantCacheTest using Java 21.0.10 with PID 28980 (started by lidiya in C:\Users\lidiya\IdeaProjects\spring-jpa-lab)
2026-05-03 17:26:27.775 [main] DEBUG c.e.s.cache.RestaurantCacheTest - Running with Spring Boot v4.0.0, Spring v7.0.1
2026-05-03 17:26:27.776 [main] INFO  c.e.s.cache.RestaurantCacheTest - The following 1 profile is active: "test"
2026-05-03 17:26:46.612 [main] WARN  o.s.b.j.a.JpaBaseConfiguration$JpaWebConfiguration - spring.jpa.open-in-view is enabled by default. Therefore, database queries may be performed during view rendering. Explicitly configure spring.jpa.open-in-view to disable this warning
2026-05-03 17:26:48.662 [main] DEBUG c.e.s.s.JwtAuthenticationFilter - Filter 'jwtAuthenticationFilter' configured for use
2026-05-03 17:26:48.722 [main] INFO  c.e.s.cache.RestaurantCacheTest - Started RestaurantCacheTest in 22.109 seconds (process running for 30.399)
2026-05-03 17:26:50.609 [main] DEBUG org.hibernate.SQL - select rje1_0.id,rje1_0.address,rje1_0.name from restaurants rje1_0 where rje1_0.name=?
2026-05-03 17:26:50.728 [main] DEBUG org.hibernate.SQL - insert into restaurants (address,name) values (?,?)
2026-05-03 17:26:50.790 [main] INFO  c.e.s.a.service.RestaurantService - РЎРѕР·РґР°РЅ СЂРµСЃС‚РѕСЂР°РЅ: id=1, name=Р”Р»СЏ РѕР±РЅРѕРІР»РµРЅРёСЏ
2026-05-03 17:26:51.006 [main] DEBUG org.hibernate.SQL - select rje1_0.id,rje1_0.address,d1_0.restaurant_id,d1_0.id,d1_0.description,d1_0.is_available,d1_0.name,d1_0.price,rje1_0.name from restaurants rje1_0 left join dishes d1_0 on rje1_0.id=d1_0.restaurant_id where rje1_0.id=?
2026-05-03 17:26:51.050 [main] DEBUG org.hibernate.SQL - update restaurants set address=?,name=? where id=?
2026-05-03 17:26:51.060 [main] INFO  c.e.s.a.service.RestaurantService - РћР±РЅРѕРІР»РµРЅ СЂРµСЃС‚РѕСЂР°РЅ: id=1, name=РћР±РЅРѕРІР»С‘РЅРЅС‹Р№
2026-05-03 17:26:51.195 [main] DEBUG org.hibernate.SQL - select rje1_0.id,rje1_0.address,rje1_0.name from restaurants rje1_0
2026-05-03 17:26:51.206 [main] DEBUG org.hibernate.SQL - select d1_0.restaurant_id,d1_0.id,d1_0.description,d1_0.is_available,d1_0.name,d1_0.price from dishes d1_0 where d1_0.restaurant_id=?
2026-05-03 17:26:51.285 [main] DEBUG org.hibernate.SQL - select rje1_0.id,rje1_0.address,rje1_0.name from restaurants rje1_0
2026-05-03 17:26:51.291 [main] DEBUG org.hibernate.SQL - select d1_0.restaurant_id,d1_0.id,d1_0.description,d1_0.is_available,d1_0.name,d1_0.price from dishes d1_0 where d1_0.restaurant_id=?
2026-05-03 17:26:51.306 [main] DEBUG org.hibernate.SQL - select rje1_0.id,rje1_0.address,rje1_0.name from restaurants rje1_0 where rje1_0.name=?
2026-05-03 17:26:51.311 [main] DEBUG org.hibernate.SQL - insert into restaurants (address,name) values (?,?)
2026-05-03 17:26:51.317 [main] INFO  c.e.s.a.service.RestaurantService - РЎРѕР·РґР°РЅ СЂРµСЃС‚РѕСЂР°РЅ: id=2, name=РќРѕРІС‹Р№
2026-05-03 17:30:04.515 [main] INFO  c.e.s.cache.RestaurantCacheTest - Starting RestaurantCacheTest using Java 21.0.10 with PID 26792 (started by lidiya in C:\Users\lidiya\IdeaProjects\spring-jpa-lab)
2026-05-03 17:30:04.517 [main] DEBUG c.e.s.cache.RestaurantCacheTest - Running with Spring Boot v4.0.0, Spring v7.0.1
2026-05-03 17:30:04.520 [main] INFO  c.e.s.cache.RestaurantCacheTest - The following 1 profile is active: "test"
2026-05-03 17:30:28.797 [main] WARN  o.s.b.j.a.JpaBaseConfiguration$JpaWebConfiguration - spring.jpa.open-in-view is enabled by default. Therefore, database queries may be performed during view rendering. Explicitly configure spring.jpa.open-in-view to disable this warning
2026-05-03 17:30:31.089 [main] DEBUG c.e.s.s.JwtAuthenticationFilter - Filter 'jwtAuthenticationFilter' configured for use
2026-05-03 17:30:31.155 [main] INFO  c.e.s.cache.RestaurantCacheTest - Started RestaurantCacheTest in 27.984 seconds (process running for 37.327)
2026-05-03 17:30:33.138 [main] DEBUG org.hibernate.SQL - select rje1_0.id,rje1_0.address,rje1_0.name from restaurants rje1_0 where rje1_0.name=?
2026-05-03 17:30:33.260 [main] DEBUG org.hibernate.SQL - insert into restaurants (address,name) values (?,?)
2026-05-03 17:30:33.319 [main] INFO  c.e.s.a.service.RestaurantService - РЎРѕР·РґР°РЅ СЂРµСЃС‚РѕСЂР°РЅ: id=1, name=Р”Р»СЏ РѕР±РЅРѕРІР»РµРЅРёСЏ
2026-05-03 17:30:33.545 [main] DEBUG org.hibernate.SQL - select rje1_0.id,rje1_0.address,d1_0.restaurant_id,d1_0.id,d1_0.description,d1_0.is_available,d1_0.name,d1_0.price,rje1_0.name from restaurants rje1_0 left join dishes d1_0 on rje1_0.id=d1_0.restaurant_id where rje1_0.id=?
2026-05-03 17:30:33.595 [main] DEBUG org.hibernate.SQL - update restaurants set address=?,name=? where id=?
2026-05-03 17:30:33.604 [main] INFO  c.e.s.a.service.RestaurantService - РћР±РЅРѕРІР»РµРЅ СЂРµСЃС‚РѕСЂР°РЅ: id=1, name=РћР±РЅРѕРІР»С‘РЅРЅС‹Р№
2026-05-03 17:30:33.874 [main] DEBUG org.hibernate.SQL - select rje1_0.id,rje1_0.address,rje1_0.name from restaurants rje1_0
2026-05-03 17:30:33.885 [main] DEBUG org.hibernate.SQL - select d1_0.restaurant_id,d1_0.id,d1_0.description,d1_0.is_available,d1_0.name,d1_0.price from dishes d1_0 where d1_0.restaurant_id=?
2026-05-03 17:30:34.074 [main] DEBUG org.hibernate.SQL - select rje1_0.id,rje1_0.address,rje1_0.name from restaurants rje1_0
2026-05-03 17:30:34.081 [main] DEBUG org.hibernate.SQL - select d1_0.restaurant_id,d1_0.id,d1_0.description,d1_0.is_available,d1_0.name,d1_0.price from dishes d1_0 where d1_0.restaurant_id=?
2026-05-03 17:30:34.204 [main] DEBUG org.hibernate.SQL - select rje1_0.id,rje1_0.address,rje1_0.name from restaurants rje1_0 where rje1_0.name=?
2026-05-03 17:30:34.209 [main] DEBUG org.hibernate.SQL - insert into restaurants (address,name) values (?,?)
2026-05-03 17:30:34.216 [main] INFO  c.e.s.a.service.RestaurantService - РЎРѕР·РґР°РЅ СЂРµСЃС‚РѕСЂР°РЅ: id=2, name=РќРѕРІС‹Р№-307894310932900
2026-05-03 17:36:37.286 [main] INFO  c.e.springjpalab.cache.DishCacheTest - Starting DishCacheTest using Java 21.0.10 with PID 20408 (started by lidiya in C:\Users\lidiya\IdeaProjects\spring-jpa-lab)
2026-05-03 17:36:37.289 [main] DEBUG c.e.springjpalab.cache.DishCacheTest - Running with Spring Boot v4.0.0, Spring v7.0.1
2026-05-03 17:36:37.291 [main] INFO  c.e.springjpalab.cache.DishCacheTest - The following 1 profile is active: "test"
2026-05-03 17:36:58.194 [main] WARN  o.s.b.j.a.JpaBaseConfiguration$JpaWebConfiguration - spring.jpa.open-in-view is enabled by default. Therefore, database queries may be performed during view rendering. Explicitly configure spring.jpa.open-in-view to disable this warning
2026-05-03 17:37:00.655 [main] DEBUG c.e.s.s.JwtAuthenticationFilter - Filter 'jwtAuthenticationFilter' configured for use
2026-05-03 17:37:00.736 [main] INFO  c.e.springjpalab.cache.DishCacheTest - Started DishCacheTest in 24.75 seconds (process running for 34.384)
2026-05-03 17:37:02.989 [main] DEBUG org.hibernate.SQL - select rje1_0.id,rje1_0.address,rje1_0.name from restaurants rje1_0 where rje1_0.name=?
2026-05-03 17:37:03.116 [main] DEBUG org.hibernate.SQL - insert into restaurants (address,name) values (?,?)
2026-05-03 17:37:03.183 [main] INFO  c.e.s.a.service.RestaurantService - РЎРѕР·РґР°РЅ СЂРµСЃС‚РѕСЂР°РЅ: id=1, name=Р РµСЃС‚-308282552541300
2026-05-03 17:37:03.515 [main] INFO  c.e.s.a.service.RestaurantService - РџСЂРѕРјР°С… РєСЌС€Р° restaurants.findById РґР»СЏ id=1: Р·Р°РіСЂСѓР¶Р°РµРј РёР· СЂРµРїРѕР·РёС‚РѕСЂРёСЏ
2026-05-03 17:37:03.535 [main] DEBUG org.hibernate.SQL - select rje1_0.id,rje1_0.address,d1_0.restaurant_id,d1_0.id,d1_0.description,d1_0.is_available,d1_0.name,d1_0.price,rje1_0.name from restaurants rje1_0 left join dishes d1_0 on rje1_0.id=d1_0.restaurant_id where rje1_0.id=?
2026-05-03 17:37:03.609 [main] DEBUG org.hibernate.SQL - select dje1_0.id,dje1_0.description,dje1_0.is_available,dje1_0.name,dje1_0.price,dje1_0.restaurant_id from dishes dje1_0 where lower(dje1_0.name)=lower(?) and dje1_0.restaurant_id=?
2026-05-03 17:37:03.641 [main] DEBUG org.hibernate.SQL - insert into dishes (description,is_available,name,price,restaurant_id) values (?,?,?,?,?)
2026-05-03 17:37:03.655 [main] INFO  c.e.s.a.service.DishService - РЎРѕР·РґР°РЅРѕ Р±Р»СЋРґРѕ: id=1, name=Р‘Р»СЋРґРѕ-308283639616500
2026-05-03 17:37:03.727 [main] INFO  c.e.s.a.service.DishService - РџСЂРѕРјР°С… РєСЌС€Р° dishes.findAll: Р·Р°РіСЂСѓР¶Р°РµРј РёР· СЂРµРїРѕР·РёС‚РѕСЂРёСЏ
2026-05-03 17:37:03.757 [main] DEBUG org.hibernate.SQL - select dje1_0.id,dje1_0.description,dje1_0.is_available,dje1_0.name,dje1_0.price,dje1_0.restaurant_id from dishes dje1_0
2026-05-03 17:37:03.764 [main] DEBUG org.hibernate.SQL - select rje1_0.id,rje1_0.address,rje1_0.name from restaurants rje1_0 where rje1_0.id=?
2026-05-03 17:37:03.960 [main] INFO  c.e.s.a.service.DishService - РџСЂРѕРјР°С… РєСЌС€Р° dishes.byId РґР»СЏ id=1: Р·Р°РіСЂСѓР¶Р°РµРј РёР· СЂРµРїРѕР·РёС‚РѕСЂРёСЏ
2026-05-03 17:37:03.962 [main] DEBUG org.hibernate.SQL - select dje1_0.id,dje1_0.description,dje1_0.is_available,dje1_0.name,dje1_0.price,dje1_0.restaurant_id,r1_0.id,r1_0.address,r1_0.name from dishes dje1_0 join restaurants r1_0 on r1_0.id=dje1_0.restaurant_id where dje1_0.id=?
2026-05-03 17:37:03.996 [main] DEBUG org.hibernate.SQL - update dishes set description=?,is_available=?,name=?,price=?,restaurant_id=? where id=?
2026-05-03 17:37:04.012 [main] INFO  c.e.s.a.service.DishService - РћР±РЅРѕРІР»РµРЅРѕ Р±Р»СЋРґРѕ: id=1, name=РћР±РЅРѕРІР»С‘РЅРЅРѕРµ Р±Р»СЋРґРѕ
2026-05-03 17:37:04.171 [main] INFO  c.e.s.a.service.DishService - РџСЂРѕРјР°С… РєСЌС€Р° dishes.findAll: Р·Р°РіСЂСѓР¶Р°РµРј РёР· СЂРµРїРѕР·РёС‚РѕСЂРёСЏ
2026-05-03 17:37:04.174 [main] DEBUG org.hibernate.SQL - select dje1_0.id,dje1_0.description,dje1_0.is_available,dje1_0.name,dje1_0.price,dje1_0.restaurant_id from dishes dje1_0
2026-05-03 17:37:04.179 [main] DEBUG org.hibernate.SQL - select rje1_0.id,rje1_0.address,rje1_0.name from restaurants rje1_0 where rje1_0.id=?
2026-05-03 17:37:04.310 [main] DEBUG org.hibernate.SQL - select rje1_0.id,rje1_0.address,rje1_0.name from restaurants rje1_0 where rje1_0.name=?
2026-05-03 17:37:04.316 [main] DEBUG org.hibernate.SQL - insert into restaurants (address,name) values (?,?)
2026-05-03 17:37:04.323 [main] INFO  c.e.s.a.service.RestaurantService - РЎРѕР·РґР°РЅ СЂРµСЃС‚РѕСЂР°РЅ: id=2, name=Р РµСЃС‚-308284510025900
2026-05-03 17:37:04.340 [main] INFO  c.e.s.a.service.RestaurantService - РџСЂРѕРјР°С… РєСЌС€Р° restaurants.findById РґР»СЏ id=2: Р·Р°РіСЂСѓР¶Р°РµРј РёР· СЂРµРїРѕР·РёС‚РѕСЂРёСЏ
2026-05-03 17:37:04.341 [main] DEBUG org.hibernate.SQL - select rje1_0.id,rje1_0.address,d1_0.restaurant_id,d1_0.id,d1_0.description,d1_0.is_available,d1_0.name,d1_0.price,rje1_0.name from restaurants rje1_0 left join dishes d1_0 on rje1_0.id=d1_0.restaurant_id where rje1_0.id=?
2026-05-03 17:37:04.351 [main] DEBUG org.hibernate.SQL - select dje1_0.id,dje1_0.description,dje1_0.is_available,dje1_0.name,dje1_0.price,dje1_0.restaurant_id from dishes dje1_0 where lower(dje1_0.name)=lower(?) and dje1_0.restaurant_id=?
2026-05-03 17:37:04.357 [main] DEBUG org.hibernate.SQL - insert into dishes (description,is_available,name,price,restaurant_id) values (?,?,?,?,?)
2026-05-03 17:37:04.365 [main] INFO  c.e.s.a.service.DishService - РЎРѕР·РґР°РЅРѕ Р±Р»СЋРґРѕ: id=2, name=Р‘Р»СЋРґРѕ-308284535717100
2026-05-03 17:37:04.513 [main] INFO  c.e.s.a.service.DishService - РџСЂРѕРјР°С… РєСЌС€Р° dishes.findAll: Р·Р°РіСЂСѓР¶Р°РµРј РёР· СЂРµРїРѕР·РёС‚РѕСЂРёСЏ
2026-05-03 17:37:04.517 [main] DEBUG org.hibernate.SQL - select dje1_0.id,dje1_0.description,dje1_0.is_available,dje1_0.name,dje1_0.price,dje1_0.restaurant_id from dishes dje1_0
2026-05-03 17:37:04.522 [main] DEBUG org.hibernate.SQL - select rje1_0.id,rje1_0.address,rje1_0.name from restaurants rje1_0 where rje1_0.id=?
2026-05-03 17:37:04.527 [main] DEBUG org.hibernate.SQL - select rje1_0.id,rje1_0.address,rje1_0.name from restaurants rje1_0 where rje1_0.id=?
2026-05-03 17:37:34.737 [main] INFO  c.e.springjpalab.cache.UserCacheTest - Starting UserCacheTest using Java 21.0.10 with PID 32792 (started by lidiya in C:\Users\lidiya\IdeaProjects\spring-jpa-lab)
2026-05-03 17:37:34.739 [main] DEBUG c.e.springjpalab.cache.UserCacheTest - Running with Spring Boot v4.0.0, Spring v7.0.1
2026-05-03 17:37:34.740 [main] INFO  c.e.springjpalab.cache.UserCacheTest - The following 1 profile is active: "test"
2026-05-03 17:37:58.374 [main] WARN  o.s.b.j.a.JpaBaseConfiguration$JpaWebConfiguration - spring.jpa.open-in-view is enabled by default. Therefore, database queries may be performed during view rendering. Explicitly configure spring.jpa.open-in-view to disable this warning
2026-05-03 17:38:01.266 [main] DEBUG c.e.s.s.JwtAuthenticationFilter - Filter 'jwtAuthenticationFilter' configured for use
2026-05-03 17:38:01.373 [main] INFO  c.e.springjpalab.cache.UserCacheTest - Started UserCacheTest in 27.793 seconds (process running for 37.319)
2026-05-03 17:38:03.658 [main] DEBUG org.hibernate.SQL - select uje1_0.id from users uje1_0 where uje1_0.email=? fetch first ? rows only
2026-05-03 17:38:03.924 [main] DEBUG org.hibernate.SQL - insert into users (email,first_name,is_active,last_name,password,role) values (?,?,?,?,?,?)
2026-05-03 17:38:03.983 [main] INFO  c.e.s.a.service.AuthService - Р—Р°СЂРµРіРёСЃС‚СЂРёСЂРѕРІР°РЅ РїРѕР»СЊР·РѕРІР°С‚РµР»СЊ: cache-user-308343390910500@mail.test
2026-05-03 17:38:04.413 [main] INFO  c.e.s.a.service.UserService - РџСЂРѕРјР°С… РєСЌС€Р° users.findAll: Р·Р°РіСЂСѓР¶Р°РµРј РёР· СЂРµРїРѕР·РёС‚РѕСЂРёСЏ
2026-05-03 17:38:04.440 [main] DEBUG org.hibernate.SQL - select uje1_0.id,uje1_0.email,uje1_0.first_name,uje1_0.is_active,uje1_0.last_name,uje1_0.password,uje1_0.role from users uje1_0
2026-05-03 17:38:04.559 [main] INFO  c.e.s.a.service.UserService - РџСЂРѕРјР°С… РєСЌС€Р° users.byId РґР»СЏ id=1: Р·Р°РіСЂСѓР¶Р°РµРј РёР· СЂРµРїРѕР·РёС‚РѕСЂРёСЏ
2026-05-03 17:38:04.570 [main] DEBUG org.hibernate.SQL - select uje1_0.id,uje1_0.email,uje1_0.first_name,uje1_0.is_active,uje1_0.last_name,uje1_0.password,uje1_0.role from users uje1_0 where uje1_0.id=?
2026-05-03 17:38:04.596 [main] DEBUG org.hibernate.SQL - update users set email=?,first_name=?,is_active=?,last_name=?,password=?,role=? where id=?
2026-05-03 17:38:04.606 [main] INFO  c.e.s.a.service.UserService - РћР±РЅРѕРІР»РµРЅ РїРѕР»СЊР·РѕРІР°С‚РµР»СЊ: id=1, email=cache-user-308343390910500@mail.test
2026-05-03 17:38:04.848 [main] INFO  c.e.s.a.service.UserService - РџСЂРѕРјР°С… РєСЌС€Р° users.findAll: Р·Р°РіСЂСѓР¶Р°РµРј РёР· СЂРµРїРѕР·РёС‚РѕСЂРёСЏ
2026-05-03 17:38:04.851 [main] DEBUG org.hibernate.SQL - select uje1_0.id,uje1_0.email,uje1_0.first_name,uje1_0.is_active,uje1_0.last_name,uje1_0.password,uje1_0.role from users uje1_0
2026-05-03 17:38:04.983 [main] DEBUG org.hibernate.SQL - select uje1_0.id from users uje1_0 where uje1_0.email=? fetch first ? rows only
2026-05-03 17:38:05.112 [main] DEBUG org.hibernate.SQL - insert into users (email,first_name,is_active,last_name,password,role) values (?,?,?,?,?,?)
2026-05-03 17:38:05.120 [main] INFO  c.e.s.a.service.AuthService - Р—Р°СЂРµРіРёСЃС‚СЂРёСЂРѕРІР°РЅ РїРѕР»СЊР·РѕРІР°С‚РµР»СЊ: cache-user-308345200267000@mail.test
2026-05-03 17:38:05.259 [main] INFO  c.e.s.a.service.UserService - РџСЂРѕРјР°С… РєСЌС€Р° users.findAll: Р·Р°РіСЂСѓР¶Р°РµРј РёР· СЂРµРїРѕР·РёС‚РѕСЂРёСЏ
2026-05-03 17:38:05.261 [main] DEBUG org.hibernate.SQL - select uje1_0.id,uje1_0.email,uje1_0.first_name,uje1_0.is_active,uje1_0.last_name,uje1_0.password,uje1_0.role from users uje1_0
2026-05-03 17:40:51.892 [main] INFO  c.e.springjpalab.cache.DishCacheTest - Starting DishCacheTest using Java 17.0.12 with PID 15524 (started by lidiya in C:\Users\lidiya\IdeaProjects\spring-jpa-lab)
2026-05-03 17:40:51.895 [main] DEBUG c.e.springjpalab.cache.DishCacheTest - Running with Spring Boot v4.0.0, Spring v7.0.1
2026-05-03 17:40:51.896 [main] INFO  c.e.springjpalab.cache.DishCacheTest - The following 1 profile is active: "test"
2026-05-03 17:41:14.739 [main] WARN  o.s.b.j.a.JpaBaseConfiguration$JpaWebConfiguration - spring.jpa.open-in-view is enabled by default. Therefore, database queries may be performed during view rendering. Explicitly configure spring.jpa.open-in-view to disable this warning
2026-05-03 17:41:17.805 [main] DEBUG c.e.s.s.JwtAuthenticationFilter - Filter 'jwtAuthenticationFilter' configured for use
2026-05-03 17:41:17.882 [main] INFO  c.e.springjpalab.cache.DishCacheTest - Started DishCacheTest in 27.327 seconds (process running for 36.066)
2026-05-03 17:41:19.961 [main] DEBUG org.hibernate.SQL - select rje1_0.id,rje1_0.address,rje1_0.name from restaurants rje1_0 where rje1_0.name=?
2026-05-03 17:41:20.087 [main] DEBUG org.hibernate.SQL - insert into restaurants (address,name) values (?,?)
2026-05-03 17:41:20.155 [main] INFO  c.e.s.a.service.RestaurantService - Создан ресторан: id=1, name=Рест-308539685702200
2026-05-03 17:41:20.488 [main] INFO  c.e.s.a.service.RestaurantService - Промах кэша restaurants.findById для id=1: загружаем из репозитория
2026-05-03 17:41:20.506 [main] DEBUG org.hibernate.SQL - select rje1_0.id,rje1_0.address,d1_0.restaurant_id,d1_0.id,d1_0.description,d1_0.is_available,d1_0.name,d1_0.price,rje1_0.name from restaurants rje1_0 left join dishes d1_0 on rje1_0.id=d1_0.restaurant_id where rje1_0.id=?
2026-05-03 17:41:20.591 [main] DEBUG org.hibernate.SQL - select dje1_0.id,dje1_0.description,dje1_0.is_available,dje1_0.name,dje1_0.price,dje1_0.restaurant_id from dishes dje1_0 where lower(dje1_0.name)=lower(?) and dje1_0.restaurant_id=?
2026-05-03 17:41:20.619 [main] DEBUG org.hibernate.SQL - insert into dishes (description,is_available,name,price,restaurant_id) values (?,?,?,?,?)
2026-05-03 17:41:20.632 [main] INFO  c.e.s.a.service.DishService - Создано блюдо: id=1, name=Блюдо-308540677660600
2026-05-03 17:41:20.699 [main] INFO  c.e.s.a.service.DishService - Промах кэша dishes.findAll: загружаем из репозитория
2026-05-03 17:41:20.736 [main] DEBUG org.hibernate.SQL - select dje1_0.id,dje1_0.description,dje1_0.is_available,dje1_0.name,dje1_0.price,dje1_0.restaurant_id from dishes dje1_0
2026-05-03 17:41:20.742 [main] DEBUG org.hibernate.SQL - select rje1_0.id,rje1_0.address,rje1_0.name from restaurants rje1_0 where rje1_0.id=?
2026-05-03 17:41:20.922 [main] INFO  c.e.s.a.service.DishService - Промах кэша dishes.byId для id=1: загружаем из репозитория
2026-05-03 17:41:20.925 [main] DEBUG org.hibernate.SQL - select dje1_0.id,dje1_0.description,dje1_0.is_available,dje1_0.name,dje1_0.price,dje1_0.restaurant_id,r1_0.id,r1_0.address,r1_0.name from dishes dje1_0 join restaurants r1_0 on r1_0.id=dje1_0.restaurant_id where dje1_0.id=?
2026-05-03 17:41:20.957 [main] DEBUG org.hibernate.SQL - update dishes set description=?,is_available=?,name=?,price=?,restaurant_id=? where id=?
2026-05-03 17:41:20.973 [main] INFO  c.e.s.a.service.DishService - Обновлено блюдо: id=1, name=Обновлённое блюдо
2026-05-03 17:41:21.134 [main] INFO  c.e.s.a.service.DishService - Промах кэша dishes.findAll: загружаем из репозитория
2026-05-03 17:41:21.137 [main] DEBUG org.hibernate.SQL - select dje1_0.id,dje1_0.description,dje1_0.is_available,dje1_0.name,dje1_0.price,dje1_0.restaurant_id from dishes dje1_0
2026-05-03 17:41:21.142 [main] DEBUG org.hibernate.SQL - select rje1_0.id,rje1_0.address,rje1_0.name from restaurants rje1_0 where rje1_0.id=?
2026-05-03 17:41:21.278 [main] DEBUG org.hibernate.SQL - select rje1_0.id,rje1_0.address,rje1_0.name from restaurants rje1_0 where rje1_0.name=?
2026-05-03 17:41:21.284 [main] DEBUG org.hibernate.SQL - insert into restaurants (address,name) values (?,?)
2026-05-03 17:41:21.291 [main] INFO  c.e.s.a.service.RestaurantService - Создан ресторан: id=2, name=Рест-308541540884600
2026-05-03 17:41:21.305 [main] INFO  c.e.s.a.service.RestaurantService - Промах кэша restaurants.findById для id=2: загружаем из репозитория
2026-05-03 17:41:21.306 [main] DEBUG org.hibernate.SQL - select rje1_0.id,rje1_0.address,d1_0.restaurant_id,d1_0.id,d1_0.description,d1_0.is_available,d1_0.name,d1_0.price,rje1_0.name from restaurants rje1_0 left join dishes d1_0 on rje1_0.id=d1_0.restaurant_id where rje1_0.id=?
2026-05-03 17:41:21.318 [main] DEBUG org.hibernate.SQL - select dje1_0.id,dje1_0.description,dje1_0.is_available,dje1_0.name,dje1_0.price,dje1_0.restaurant_id from dishes dje1_0 where lower(dje1_0.name)=lower(?) and dje1_0.restaurant_id=?
2026-05-03 17:41:21.323 [main] DEBUG org.hibernate.SQL - insert into dishes (description,is_available,name,price,restaurant_id) values (?,?,?,?,?)
2026-05-03 17:41:21.331 [main] INFO  c.e.s.a.service.DishService - Создано блюдо: id=2, name=Блюдо-308541564474400
2026-05-03 17:41:21.475 [main] INFO  c.e.s.a.service.DishService - Промах кэша dishes.findAll: загружаем из репозитория
2026-05-03 17:41:21.480 [main] DEBUG org.hibernate.SQL - select dje1_0.id,dje1_0.description,dje1_0.is_available,dje1_0.name,dje1_0.price,dje1_0.restaurant_id from dishes dje1_0
2026-05-03 17:41:21.484 [main] DEBUG org.hibernate.SQL - select rje1_0.id,rje1_0.address,rje1_0.name from restaurants rje1_0 where rje1_0.id=?
2026-05-03 17:41:21.488 [main] DEBUG org.hibernate.SQL - select rje1_0.id,rje1_0.address,rje1_0.name from restaurants rje1_0 where rje1_0.id=?
2026-05-03 17:41:23.826 [main] INFO  c.e.s.cache.RestaurantCacheTest - Starting RestaurantCacheTest using Java 17.0.12 with PID 15524 (started by lidiya in C:\Users\lidiya\IdeaProjects\spring-jpa-lab)
2026-05-03 17:41:23.827 [main] DEBUG c.e.s.cache.RestaurantCacheTest - Running with Spring Boot v4.0.0, Spring v7.0.1
2026-05-03 17:41:23.828 [main] INFO  c.e.s.cache.RestaurantCacheTest - The following 1 profile is active: "test"
2026-05-03 17:41:26.712 [main] WARN  o.s.b.j.a.JpaBaseConfiguration$JpaWebConfiguration - spring.jpa.open-in-view is enabled by default. Therefore, database queries may be performed during view rendering. Explicitly configure spring.jpa.open-in-view to disable this warning
2026-05-03 17:41:27.291 [main] DEBUG c.e.s.s.JwtAuthenticationFilter - Filter 'jwtAuthenticationFilter' configured for use
2026-05-03 17:41:27.319 [main] INFO  c.e.s.cache.RestaurantCacheTest - Started RestaurantCacheTest in 3.587 seconds (process running for 45.504)
2026-05-03 17:41:27.431 [main] DEBUG org.hibernate.SQL - select rje1_0.id,rje1_0.address,rje1_0.name from restaurants rje1_0 where rje1_0.name=?
2026-05-03 17:41:27.445 [main] DEBUG org.hibernate.SQL - insert into restaurants (address,name) values (?,?)
2026-05-03 17:41:27.476 [main] INFO  c.e.s.a.service.RestaurantService - Создан ресторан: id=3, name=Для обновления
2026-05-03 17:41:27.520 [main] INFO  c.e.s.a.service.RestaurantService - Промах кэша restaurants.findById для id=3: загружаем из репозитория
2026-05-03 17:41:27.530 [main] DEBUG org.hibernate.SQL - select rje1_0.id,rje1_0.address,d1_0.restaurant_id,d1_0.id,d1_0.description,d1_0.is_available,d1_0.name,d1_0.price,rje1_0.name from restaurants rje1_0 left join dishes d1_0 on rje1_0.id=d1_0.restaurant_id where rje1_0.id=?
2026-05-03 17:41:27.547 [main] DEBUG org.hibernate.SQL - update restaurants set address=?,name=? where id=?
2026-05-03 17:41:27.556 [main] INFO  c.e.s.a.service.RestaurantService - Обновлен ресторан: id=3, name=Обновлённый
2026-05-03 17:41:27.709 [main] INFO  c.e.s.a.service.RestaurantService - Промах кэша restaurants.findAll: загружаем из репозитория
2026-05-03 17:41:27.713 [main] DEBUG org.hibernate.SQL - select rje1_0.id,rje1_0.address,rje1_0.name from restaurants rje1_0
2026-05-03 17:41:27.725 [main] DEBUG org.hibernate.SQL - select d1_0.restaurant_id,d1_0.id,d1_0.description,d1_0.is_available,d1_0.name,d1_0.price from dishes d1_0 where d1_0.restaurant_id=?
2026-05-03 17:41:27.730 [main] DEBUG org.hibernate.SQL - select d1_0.restaurant_id,d1_0.id,d1_0.description,d1_0.is_available,d1_0.name,d1_0.price from dishes d1_0 where d1_0.restaurant_id=?
2026-05-03 17:41:27.735 [main] DEBUG org.hibernate.SQL - select d1_0.restaurant_id,d1_0.id,d1_0.description,d1_0.is_available,d1_0.name,d1_0.price from dishes d1_0 where d1_0.restaurant_id=?
2026-05-03 17:41:27.899 [main] INFO  c.e.s.a.service.RestaurantService - Промах кэша restaurants.findAll: загружаем из репозитория
2026-05-03 17:41:27.904 [main] DEBUG org.hibernate.SQL - select rje1_0.id,rje1_0.address,rje1_0.name from restaurants rje1_0
2026-05-03 17:41:27.914 [main] DEBUG org.hibernate.SQL - select d1_0.restaurant_id,d1_0.id,d1_0.description,d1_0.is_available,d1_0.name,d1_0.price from dishes d1_0 where d1_0.restaurant_id=?
2026-05-03 17:41:27.918 [main] DEBUG org.hibernate.SQL - select d1_0.restaurant_id,d1_0.id,d1_0.description,d1_0.is_available,d1_0.name,d1_0.price from dishes d1_0 where d1_0.restaurant_id=?
2026-05-03 17:41:27.922 [main] DEBUG org.hibernate.SQL - select d1_0.restaurant_id,d1_0.id,d1_0.description,d1_0.is_available,d1_0.name,d1_0.price from dishes d1_0 where d1_0.restaurant_id=?
2026-05-03 17:41:28.050 [main] DEBUG org.hibernate.SQL - select rje1_0.id,rje1_0.address,rje1_0.name from restaurants rje1_0 where rje1_0.name=?
2026-05-03 17:41:28.054 [main] DEBUG org.hibernate.SQL - insert into restaurants (address,name) values (?,?)
2026-05-03 17:41:28.061 [main] INFO  c.e.s.a.service.RestaurantService - Создан ресторан: id=4, name=Новый-308548316518700
2026-05-03 17:41:30.234 [main] INFO  c.e.springjpalab.cache.UserCacheTest - Starting UserCacheTest using Java 17.0.12 with PID 15524 (started by lidiya in C:\Users\lidiya\IdeaProjects\spring-jpa-lab)
2026-05-03 17:41:30.235 [main] DEBUG c.e.springjpalab.cache.UserCacheTest - Running with Spring Boot v4.0.0, Spring v7.0.1
2026-05-03 17:41:30.235 [main] INFO  c.e.springjpalab.cache.UserCacheTest - The following 1 profile is active: "test"
2026-05-03 17:41:32.251 [main] WARN  o.s.b.j.a.JpaBaseConfiguration$JpaWebConfiguration - spring.jpa.open-in-view is enabled by default. Therefore, database queries may be performed during view rendering. Explicitly configure spring.jpa.open-in-view to disable this warning
2026-05-03 17:41:32.797 [main] DEBUG c.e.s.s.JwtAuthenticationFilter - Filter 'jwtAuthenticationFilter' configured for use
2026-05-03 17:41:32.817 [main] INFO  c.e.springjpalab.cache.UserCacheTest - Started UserCacheTest in 2.655 seconds (process running for 51.004)
2026-05-03 17:41:32.946 [main] DEBUG org.hibernate.SQL - select uje1_0.id from users uje1_0 where uje1_0.email=? fetch first ? rows only
2026-05-03 17:41:33.101 [main] DEBUG org.hibernate.SQL - insert into users (email,first_name,is_active,last_name,password,role) values (?,?,?,?,?,?)
2026-05-03 17:41:33.111 [main] INFO  c.e.s.a.service.AuthService - Зарегистрирован пользователь: cache-user-308553163522200@mail.test
2026-05-03 17:41:33.355 [main] INFO  c.e.s.a.service.UserService - Промах кэша users.findAll: загружаем из репозитория
2026-05-03 17:41:33.359 [main] DEBUG org.hibernate.SQL - select uje1_0.id,uje1_0.email,uje1_0.first_name,uje1_0.is_active,uje1_0.last_name,uje1_0.password,uje1_0.role from users uje1_0
2026-05-03 17:41:33.411 [main] INFO  c.e.s.a.service.UserService - Промах кэша users.byId для id=1: загружаем из репозитория
2026-05-03 17:41:33.412 [main] DEBUG org.hibernate.SQL - select uje1_0.id,uje1_0.email,uje1_0.first_name,uje1_0.is_active,uje1_0.last_name,uje1_0.password,uje1_0.role from users uje1_0 where uje1_0.id=?
2026-05-03 17:41:33.426 [main] DEBUG org.hibernate.SQL - update users set email=?,first_name=?,is_active=?,last_name=?,password=?,role=? where id=?
2026-05-03 17:41:33.434 [main] INFO  c.e.s.a.service.UserService - Обновлен пользователь: id=1, email=cache-user-308553163522200@mail.test
2026-05-03 17:41:33.583 [main] INFO  c.e.s.a.service.UserService - Промах кэша users.findAll: загружаем из репозитория
2026-05-03 17:41:33.589 [main] DEBUG org.hibernate.SQL - select uje1_0.id,uje1_0.email,uje1_0.first_name,uje1_0.is_active,uje1_0.last_name,uje1_0.password,uje1_0.role from users uje1_0
2026-05-03 17:41:33.719 [main] DEBUG org.hibernate.SQL - select uje1_0.id from users uje1_0 where uje1_0.email=? fetch first ? rows only
2026-05-03 17:41:33.850 [main] DEBUG org.hibernate.SQL - insert into users (email,first_name,is_active,last_name,password,role) values (?,?,?,?,?,?)
2026-05-03 17:41:33.857 [main] INFO  c.e.s.a.service.AuthService - Зарегистрирован пользователь: cache-user-308553987706400@mail.test
2026-05-03 17:41:33.994 [main] INFO  c.e.s.a.service.UserService - Промах кэша users.findAll: загружаем из репозитория
2026-05-03 17:41:34.000 [main] DEBUG org.hibernate.SQL - select uje1_0.id,uje1_0.email,uje1_0.first_name,uje1_0.is_active,uje1_0.last_name,uje1_0.password,uje1_0.role from users uje1_0
2026-05-03 17:41:39.610 [main] INFO  c.e.s.c.RestaurantIntegrationTest - Starting RestaurantIntegrationTest using Java 17.0.12 with PID 15524 (started by lidiya in C:\Users\lidiya\IdeaProjects\spring-jpa-lab)
2026-05-03 17:41:39.611 [main] DEBUG c.e.s.c.RestaurantIntegrationTest - Running with Spring Boot v4.0.0, Spring v7.0.1
2026-05-03 17:41:39.611 [main] INFO  c.e.s.c.RestaurantIntegrationTest - The following 1 profile is active: "test"
2026-05-03 17:41:41.791 [main] WARN  o.s.b.j.a.JpaBaseConfiguration$JpaWebConfiguration - spring.jpa.open-in-view is enabled by default. Therefore, database queries may be performed during view rendering. Explicitly configure spring.jpa.open-in-view to disable this warning
2026-05-03 17:41:42.237 [main] DEBUG c.e.s.s.JwtAuthenticationFilter - Filter 'jwtAuthenticationFilter' configured for use
2026-05-03 17:41:42.258 [main] INFO  c.e.s.c.RestaurantIntegrationTest - Started RestaurantIntegrationTest in 2.713 seconds (process running for 60.448)
2026-05-03 17:41:42.287 [main] DEBUG org.hibernate.SQL - select rje1_0.id,rje1_0.address,rje1_0.name from restaurants rje1_0 where rje1_0.name=?
2026-05-03 17:41:42.297 [main] DEBUG org.hibernate.SQL - insert into restaurants (address,name) values (?,?)
2026-05-03 17:41:42.305 [main] INFO  c.e.s.a.service.RestaurantService - Создан ресторан: id=1, name=Find Me
2026-05-03 17:41:52.847 [main] ERROR c.e.s.a.i.h.GlobalExceptionHandler - Непредвиденная ошибка
org.springframework.data.redis.RedisConnectionFailureException: Unable to connect to Redis
	at org.springframework.data.redis.connection.lettuce.LettuceConnectionFactory$ExceptionTranslatingConnectionProvider.translateException(LettuceConnectionFactory.java:1868)
	at org.springframework.data.redis.connection.lettuce.LettuceConnectionFactory$ExceptionTranslatingConnectionProvider.getConnection(LettuceConnectionFactory.java:1799)
	at org.springframework.data.redis.connection.lettuce.LettuceConnectionFactory$SharedConnection.getNativeConnection(LettuceConnectionFactory.java:1596)
	at org.springframework.data.redis.connection.lettuce.LettuceConnectionFactory$SharedConnection.lambda$getConnection$0(LettuceConnectionFactory.java:1576)
	at org.springframework.data.redis.connection.lettuce.LettuceConnectionFactory.doInLock(LettuceConnectionFactory.java:1537)
	at org.springframework.data.redis.connection.lettuce.LettuceConnectionFactory$SharedConnection.getConnection(LettuceConnectionFactory.java:1573)
	at org.springframework.data.redis.connection.lettuce.LettuceConnectionFactory.getSharedConnection(LettuceConnectionFactory.java:1258)
	at org.springframework.data.redis.connection.lettuce.LettuceConnectionFactory.getConnection(LettuceConnectionFactory.java:1054)
	at org.springframework.data.redis.cache.DefaultRedisCacheWriter.execute(DefaultRedisCacheWriter.java:539)
	at org.springframework.data.redis.cache.DefaultRedisCacheWriter.get(DefaultRedisCacheWriter.java:245)
	at org.springframework.data.redis.cache.DefaultRedisCacheWriter.get(DefaultRedisCacheWriter.java:236)
	at org.springframework.data.redis.cache.RedisCache.lookup(RedisCache.java:186)
	at org.springframework.cache.support.AbstractValueAdaptingCache.get(AbstractValueAdaptingCache.java:58)
	at org.springframework.cache.interceptor.AbstractCacheInvoker.doGet(AbstractCacheInvoker.java:78)
	at org.springframework.cache.interceptor.CacheAspectSupport.findInCaches(CacheAspectSupport.java:563)
	at org.springframework.cache.interceptor.CacheAspectSupport.findCachedValue(CacheAspectSupport.java:513)
	at org.springframework.cache.interceptor.CacheAspectSupport.execute(CacheAspectSupport.java:438)
	at org.springframework.cache.interceptor.CacheAspectSupport.execute(CacheAspectSupport.java:404)
	at org.springframework.cache.interceptor.CacheInterceptor.invoke(CacheInterceptor.java:64)
	at org.springframework.aop.framework.ReflectiveMethodInvocation.proceed(ReflectiveMethodInvocation.java:179)
	at org.springframework.aop.framework.CglibAopProxy$DynamicAdvisedInterceptor.intercept(CglibAopProxy.java:719)
	at com.example.springjpalab.application.service.RestaurantService$$SpringCGLIB$$0.findById(<generated>)
	at com.example.springjpalab.adapter.input.controller.RestaurantController.getRestaurantById(RestaurantController.kt:195)
	at java.base/jdk.internal.reflect.NativeMethodAccessorImpl.invoke0(Native Method)
	at java.base/jdk.internal.reflect.NativeMethodAccessorImpl.invoke(NativeMethodAccessorImpl.java:77)
	at java.base/jdk.internal.reflect.DelegatingMethodAccessorImpl.invoke(DelegatingMethodAccessorImpl.java:43)
	at java.base/java.lang.reflect.Method.invoke(Method.java:568)
	at org.springframework.aop.support.AopUtils.invokeJoinpointUsingReflection(AopUtils.java:359)
	at org.springframework.aop.framework.ReflectiveMethodInvocation.invokeJoinpoint(ReflectiveMethodInvocation.java:190)
	at org.springframework.aop.framework.ReflectiveMethodInvocation.proceed(ReflectiveMethodInvocation.java:158)
	at org.springframework.validation.beanvalidation.MethodValidationInterceptor.invoke(MethodValidationInterceptor.java:171)
	at org.springframework.aop.framework.ReflectiveMethodInvocation.proceed(ReflectiveMethodInvocation.java:179)
	at org.springframework.aop.framework.CglibAopProxy$DynamicAdvisedInterceptor.intercept(CglibAopProxy.java:719)
	at com.example.springjpalab.adapter.input.controller.RestaurantController$$SpringCGLIB$$0.getRestaurantById(<generated>)
	at java.base/jdk.internal.reflect.NativeMethodAccessorImpl.invoke0(Native Method)
	at java.base/jdk.internal.reflect.NativeMethodAccessorImpl.invoke(NativeMethodAccessorImpl.java:77)
	at java.base/jdk.internal.reflect.DelegatingMethodAccessorImpl.invoke(DelegatingMethodAccessorImpl.java:43)
	at java.base/java.lang.reflect.Method.invoke(Method.java:568)
	at kotlin.reflect.jvm.internal.calls.CallerImpl$Method.callMethod(CallerImpl.kt:97)
	at kotlin.reflect.jvm.internal.calls.CallerImpl$Method$Instance.call(CallerImpl.kt:113)
	at kotlin.reflect.jvm.internal.KCallableImpl.callDefaultMethod$kotlin_reflection(KCallableImpl.kt:250)
	at kotlin.reflect.jvm.internal.KCallableImpl.callBy(KCallableImpl.kt:155)
	at org.springframework.web.method.support.InvocableHandlerMethod$KotlinDelegate.invokeFunction(InvocableHandlerMethod.java:336)
	at org.springframework.web.method.support.InvocableHandlerMethod.doInvoke(InvocableHandlerMethod.java:256)
	at org.springframework.web.method.support.InvocableHandlerMethod.invokeForRequest(InvocableHandlerMethod.java:190)
	at org.springframework.web.servlet.mvc.method.annotation.ServletInvocableHandlerMethod.invokeAndHandle(ServletInvocableHandlerMethod.java:117)
	at org.springframework.web.servlet.mvc.method.annotation.RequestMappingHandlerAdapter.invokeHandlerMethod(RequestMappingHandlerAdapter.java:934)
	at org.springframework.web.servlet.mvc.method.annotation.RequestMappingHandlerAdapter.handleInternal(RequestMappingHandlerAdapter.java:853)
	at org.springframework.web.servlet.mvc.method.AbstractHandlerMethodAdapter.handle(AbstractHandlerMethodAdapter.java:86)
	at org.springframework.web.servlet.DispatcherServlet.doDispatch(DispatcherServlet.java:963)
	at org.springframework.web.servlet.DispatcherServlet.doService(DispatcherServlet.java:866)
	at org.springframework.web.servlet.FrameworkServlet.processRequest(FrameworkServlet.java:1003)
	at org.springframework.web.servlet.FrameworkServlet.doGet(FrameworkServlet.java:892)
	at jakarta.servlet.http.HttpServlet.service(HttpServlet.java:622)
	at org.springframework.web.servlet.FrameworkServlet.service(FrameworkServlet.java:874)
	at org.springframework.test.web.servlet.TestDispatcherServlet.service(TestDispatcherServlet.java:72)
	at jakarta.servlet.http.HttpServlet.service(HttpServlet.java:710)
	at org.springframework.mock.web.MockFilterChain$ServletFilterProxy.doFilter(MockFilterChain.java:160)
	at org.springframework.mock.web.MockFilterChain.doFilter(MockFilterChain.java:127)
	at org.springframework.web.filter.OncePerRequestFilter.doFilter(OncePerRequestFilter.java:110)
	at org.springframework.test.web.servlet.setup.MockMvcFilterDecorator.doFilter(MockMvcFilterDecorator.java:160)
	at org.springframework.mock.web.MockFilterChain.doFilter(MockFilterChain.java:127)
	at org.springframework.web.filter.CompositeFilter$VirtualFilterChain.doFilter(CompositeFilter.java:108)
	at org.springframework.security.web.FilterChainProxy.lambda$doFilterInternal$3(FilterChainProxy.java:235)
	at org.springframework.security.web.FilterChainProxy$VirtualFilterChain.doFilter(FilterChainProxy.java:371)
	at org.springframework.security.web.access.intercept.AuthorizationFilter.doFilter(AuthorizationFilter.java:101)
	at org.springframework.security.web.FilterChainProxy$VirtualFilterChain.doFilter(FilterChainProxy.java:380)
	at org.springframework.security.web.access.ExceptionTranslationFilter.doFilter(ExceptionTranslationFilter.java:126)
	at org.springframework.security.web.access.ExceptionTranslationFilter.doFilter(ExceptionTranslationFilter.java:120)
	at org.springframework.security.web.FilterChainProxy$VirtualFilterChain.doFilter(FilterChainProxy.java:380)
	at org.springframework.security.web.session.SessionManagementFilter.doFilter(SessionManagementFilter.java:132)
	at org.springframework.security.web.session.SessionManagementFilter.doFilter(SessionManagementFilter.java:86)
	at org.springframework.security.web.FilterChainProxy$VirtualFilterChain.doFilter(FilterChainProxy.java:380)
	at org.springframework.security.web.authentication.AnonymousAuthenticationFilter.doFilter(AnonymousAuthenticationFilter.java:100)
	at org.springframework.security.web.FilterChainProxy$VirtualFilterChain.doFilter(FilterChainProxy.java:380)
	at org.springframework.security.web.servletapi.SecurityContextHolderAwareRequestFilter.doFilter(SecurityContextHolderAwareRequestFilter.java:181)
	at org.springframework.security.web.FilterChainProxy$VirtualFilterChain.doFilter(FilterChainProxy.java:380)
	at org.springframework.security.web.savedrequest.RequestCacheAwareFilter.doFilter(RequestCacheAwareFilter.java:63)
	at org.springframework.security.web.FilterChainProxy$VirtualFilterChain.doFilter(FilterChainProxy.java:380)
	at com.example.springjpalab.security.JwtAuthenticationFilter.doFilterInternal(JwtAuthenticationFilter.kt:29)
	at org.springframework.web.filter.OncePerRequestFilter.doFilter(OncePerRequestFilter.java:116)
	at org.springframework.security.web.FilterChainProxy$VirtualFilterChain.doFilter(FilterChainProxy.java:380)
	at org.springframework.security.web.authentication.logout.LogoutFilter.doFilter(LogoutFilter.java:110)
	at org.springframework.security.web.authentication.logout.LogoutFilter.doFilter(LogoutFilter.java:96)
	at org.springframework.security.web.FilterChainProxy$VirtualFilterChain.doFilter(FilterChainProxy.java:380)
	at org.springframework.security.web.header.HeaderWriterFilter.doHeadersAfter(HeaderWriterFilter.java:90)
	at org.springframework.security.web.header.HeaderWriterFilter.doFilterInternal(HeaderWriterFilter.java:75)
	at org.springframework.web.filter.OncePerRequestFilter.doFilter(OncePerRequestFilter.java:116)
	at org.springframework.security.web.FilterChainProxy$VirtualFilterChain.doFilter(FilterChainProxy.java:380)
	at org.springframework.security.web.context.SecurityContextHolderFilter.doFilter(SecurityContextHolderFilter.java:82)
	at org.springframework.security.web.context.SecurityContextHolderFilter.doFilter(SecurityContextHolderFilter.java:69)
	at org.springframework.security.web.FilterChainProxy$VirtualFilterChain.doFilter(FilterChainProxy.java:380)
	at org.springframework.security.web.context.request.async.WebAsyncManagerIntegrationFilter.doFilterInternal(WebAsyncManagerIntegrationFilter.java:62)
	at org.springframework.web.filter.OncePerRequestFilter.doFilter(OncePerRequestFilter.java:116)
	at org.springframework.security.web.FilterChainProxy$VirtualFilterChain.doFilter(FilterChainProxy.java:380)
	at org.springframework.security.web.session.DisableEncodeUrlFilter.doFilterInternal(DisableEncodeUrlFilter.java:42)
	at org.springframework.web.filter.OncePerRequestFilter.doFilter(OncePerRequestFilter.java:116)
	at org.springframework.security.web.FilterChainProxy$VirtualFilterChain.doFilter(FilterChainProxy.java:380)
	at org.springframework.security.web.FilterChainProxy.doFilterInternal(FilterChainProxy.java:237)
	at org.springframework.security.web.FilterChainProxy.doFilter(FilterChainProxy.java:195)
	at org.springframework.web.filter.CompositeFilter$VirtualFilterChain.doFilter(CompositeFilter.java:113)
	at org.springframework.web.filter.ServletRequestPathFilter.doFilter(ServletRequestPathFilter.java:52)
	at org.springframework.web.filter.CompositeFilter$VirtualFilterChain.doFilter(CompositeFilter.java:113)
	at org.springframework.web.filter.CompositeFilter.doFilter(CompositeFilter.java:74)
	at org.springframework.security.config.annotation.web.configuration.WebSecurityConfiguration$CompositeFilterChainProxy.doFilter(WebSecurityConfiguration.java:317)
	at org.springframework.web.filter.DelegatingFilterProxy.invokeDelegate(DelegatingFilterProxy.java:355)
	at org.springframework.web.filter.DelegatingFilterProxy.doFilter(DelegatingFilterProxy.java:272)
	at org.springframework.test.web.servlet.setup.MockMvcFilterDecorator.doFilter(MockMvcFilterDecorator.java:160)
	at org.springframework.mock.web.MockFilterChain.doFilter(MockFilterChain.java:127)
	at org.springframework.web.filter.RequestContextFilter.doFilterInternal(RequestContextFilter.java:100)
	at org.springframework.web.filter.OncePerRequestFilter.doFilter(OncePerRequestFilter.java:116)
	at org.springframework.test.web.servlet.setup.MockMvcFilterDecorator.doFilter(MockMvcFilterDecorator.java:160)
	at org.springframework.mock.web.MockFilterChain.doFilter(MockFilterChain.java:127)
	at org.springframework.web.filter.FormContentFilter.doFilterInternal(FormContentFilter.java:93)
	at org.springframework.web.filter.OncePerRequestFilter.doFilter(OncePerRequestFilter.java:116)
	at org.springframework.test.web.servlet.setup.MockMvcFilterDecorator.doFilter(MockMvcFilterDecorator.java:160)
	at org.springframework.mock.web.MockFilterChain.doFilter(MockFilterChain.java:127)
	at org.springframework.web.filter.CharacterEncodingFilter.doFilterInternal(CharacterEncodingFilter.java:199)
	at org.springframework.web.filter.OncePerRequestFilter.doFilter(OncePerRequestFilter.java:116)
	at org.springframework.test.web.servlet.setup.MockMvcFilterDecorator.doFilter(MockMvcFilterDecorator.java:160)
	at org.springframework.mock.web.MockFilterChain.doFilter(MockFilterChain.java:127)
	at org.springframework.test.web.servlet.MockMvc.perform(MockMvc.java:199)
	at com.example.springjpalab.controller.RestaurantIntegrationTest.GET restaurant по id возвращает 200(RestaurantIntegrationTest.kt:146)
	at java.base/jdk.internal.reflect.NativeMethodAccessorImpl.invoke0(Native Method)
	at java.base/jdk.internal.reflect.NativeMethodAccessorImpl.invoke(NativeMethodAccessorImpl.java:77)
	at java.base/jdk.internal.reflect.DelegatingMethodAccessorImpl.invoke(DelegatingMethodAccessorImpl.java:43)
	at java.base/java.lang.reflect.Method.invoke(Method.java:568)
	at org.junit.platform.commons.util.ReflectionUtils.invokeMethod(ReflectionUtils.java:701)
	at org.junit.platform.commons.support.ReflectionSupport.invokeMethod(ReflectionSupport.java:502)
	at org.junit.jupiter.engine.support.MethodReflectionUtils.invoke(MethodReflectionUtils.java:45)
	at org.junit.jupiter.engine.execution.MethodInvocation.proceed(MethodInvocation.java:61)
	at org.junit.jupiter.engine.execution.InvocationInterceptorChain$ValidatingInvocation.proceed(InvocationInterceptorChain.java:124)
	at org.junit.jupiter.engine.extension.TimeoutExtension.intercept(TimeoutExtension.java:163)
	at org.junit.jupiter.engine.extension.TimeoutExtension.interceptTestableMethod(TimeoutExtension.java:148)
	at org.junit.jupiter.engine.extension.TimeoutExtension.interceptTestMethod(TimeoutExtension.java:86)
	at org.junit.jupiter.engine.execution.InterceptingExecutableInvoker$ReflectiveInterceptorCall.lambda$ofVoidMethod$0(InterceptingExecutableInvoker.java:123)
	at org.junit.jupiter.engine.execution.InterceptingExecutableInvoker.lambda$invoke$0(InterceptingExecutableInvoker.java:105)
	at org.junit.jupiter.engine.execution.InvocationInterceptorChain$InterceptedInvocation.proceed(InvocationInterceptorChain.java:99)
	at org.junit.jupiter.engine.execution.InvocationInterceptorChain.proceed(InvocationInterceptorChain.java:66)
	at org.junit.jupiter.engine.execution.InvocationInterceptorChain.chainAndInvoke(InvocationInterceptorChain.java:47)
	at org.junit.jupiter.engine.execution.InvocationInterceptorChain.invoke(InvocationInterceptorChain.java:39)
	at org.junit.jupiter.engine.execution.InterceptingExecutableInvoker.invoke(InterceptingExecutableInvoker.java:104)
	at org.junit.jupiter.engine.execution.InterceptingExecutableInvoker.invoke(InterceptingExecutableInvoker.java:98)
	at org.junit.jupiter.engine.execution.InterceptingExecutableInvoker.invokeVoid(InterceptingExecutableInvoker.java:71)
	at org.junit.jupiter.engine.descriptor.TestMethodTestDescriptor.lambda$invokeTestMethod$0(TestMethodTestDescriptor.java:219)
	at org.junit.platform.engine.support.hierarchical.ThrowableCollector.execute(ThrowableCollector.java:74)
	at org.junit.jupiter.engine.descriptor.TestMethodTestDescriptor.invokeTestMethod(TestMethodTestDescriptor.java:215)
	at org.junit.jupiter.engine.descriptor.TestMethodTestDescriptor.execute(TestMethodTestDescriptor.java:157)
	at org.junit.jupiter.engine.descriptor.TestMethodTestDescriptor.execute(TestMethodTestDescriptor.java:70)
	at org.junit.platform.engine.support.hierarchical.NodeTestTask.lambda$executeRecursively$2(NodeTestTask.java:176)
	at org.junit.platform.engine.support.hierarchical.ThrowableCollector.execute(ThrowableCollector.java:74)
	at org.junit.platform.engine.support.hierarchical.NodeTestTask.lambda$executeRecursively$1(NodeTestTask.java:166)
	at org.junit.platform.engine.support.hierarchical.Node.around(Node.java:138)
	at org.junit.platform.engine.support.hierarchical.NodeTestTask.lambda$executeRecursively$0(NodeTestTask.java:164)
	at org.junit.platform.engine.support.hierarchical.ThrowableCollector.execute(ThrowableCollector.java:74)
	at org.junit.platform.engine.support.hierarchical.NodeTestTask.executeRecursively(NodeTestTask.java:163)
	at org.junit.platform.engine.support.hierarchical.NodeTestTask.execute(NodeTestTask.java:116)
	at java.base/java.util.ArrayList.forEach(ArrayList.java:1511)
	at org.junit.platform.engine.support.hierarchical.SameThreadHierarchicalTestExecutorService.invokeAll(SameThreadHierarchicalTestExecutorService.java:42)
	at org.junit.platform.engine.support.hierarchical.NodeTestTask.lambda$executeRecursively$2(NodeTestTask.java:180)
	at org.junit.platform.engine.support.hierarchical.ThrowableCollector.execute(ThrowableCollector.java:74)
	at org.junit.platform.engine.support.hierarchical.NodeTestTask.lambda$executeRecursively$1(NodeTestTask.java:166)
	at org.junit.platform.engine.support.hierarchical.Node.around(Node.java:138)
	at org.junit.platform.engine.support.hierarchical.NodeTestTask.lambda$executeRecursively$0(NodeTestTask.java:164)
	at org.junit.platform.engine.support.hierarchical.ThrowableCollector.execute(ThrowableCollector.java:74)
	at org.junit.platform.engine.support.hierarchical.NodeTestTask.executeRecursively(NodeTestTask.java:163)
	at org.junit.platform.engine.support.hierarchical.NodeTestTask.execute(NodeTestTask.java:116)
	at java.base/java.util.ArrayList.forEach(ArrayList.java:1511)
	at org.junit.platform.engine.support.hierarchical.SameThreadHierarchicalTestExecutorService.invokeAll(SameThreadHierarchicalTestExecutorService.java:42)
	at org.junit.platform.engine.support.hierarchical.NodeTestTask.lambda$executeRecursively$2(NodeTestTask.java:180)
	at org.junit.platform.engine.support.hierarchical.ThrowableCollector.execute(ThrowableCollector.java:74)
	at org.junit.platform.engine.support.hierarchical.NodeTestTask.lambda$executeRecursively$1(NodeTestTask.java:166)
	at org.junit.platform.engine.support.hierarchical.Node.around(Node.java:138)
	at org.junit.platform.engine.support.hierarchical.NodeTestTask.lambda$executeRecursively$0(NodeTestTask.java:164)
	at org.junit.platform.engine.support.hierarchical.ThrowableCollector.execute(ThrowableCollector.java:74)
	at org.junit.platform.engine.support.hierarchical.NodeTestTask.executeRecursively(NodeTestTask.java:163)
	at org.junit.platform.engine.support.hierarchical.NodeTestTask.execute(NodeTestTask.java:116)
	at org.junit.platform.engine.support.hierarchical.SameThreadHierarchicalTestExecutorService.submit(SameThreadHierarchicalTestExecutorService.java:36)
	at org.junit.platform.engine.support.hierarchical.HierarchicalTestExecutor.execute(HierarchicalTestExecutor.java:52)
	at org.junit.platform.engine.support.hierarchical.HierarchicalTestEngine.execute(HierarchicalTestEngine.java:58)
	at org.junit.platform.launcher.core.EngineExecutionOrchestrator.executeEngine(EngineExecutionOrchestrator.java:246)
	at org.junit.platform.launcher.core.EngineExecutionOrchestrator.failOrExecuteEngine(EngineExecutionOrchestrator.java:218)
	at org.junit.platform.launcher.core.EngineExecutionOrchestrator.execute(EngineExecutionOrchestrator.java:179)
	at org.junit.platform.launcher.core.EngineExecutionOrchestrator.execute(EngineExecutionOrchestrator.java:108)
	at org.junit.platform.launcher.core.EngineExecutionOrchestrator.lambda$execute$0(EngineExecutionOrchestrator.java:66)
	at org.junit.platform.launcher.core.EngineExecutionOrchestrator.withInterceptedStreams(EngineExecutionOrchestrator.java:157)
	at org.junit.platform.launcher.core.EngineExecutionOrchestrator.execute(EngineExecutionOrchestrator.java:65)
	at org.junit.platform.launcher.core.DefaultLauncher.execute(DefaultLauncher.java:125)
	at org.junit.platform.launcher.core.DefaultLauncher.execute(DefaultLauncher.java:114)
	at org.junit.platform.launcher.core.DelegatingLauncher.execute(DelegatingLauncher.java:58)
	at org.junit.platform.launcher.core.InterceptingLauncher.lambda$execute$2(InterceptingLauncher.java:57)
	at org.junit.platform.launcher.core.ClasspathAlignmentCheckingLauncherInterceptor.intercept(ClasspathAlignmentCheckingLauncherInterceptor.java:25)
	at org.junit.platform.launcher.core.InterceptingLauncher.execute(InterceptingLauncher.java:56)
	at org.junit.platform.launcher.core.DelegatingLauncher.execute(DelegatingLauncher.java:58)
	at java.base/jdk.internal.reflect.NativeMethodAccessorImpl.invoke0(Native Method)
	at java.base/jdk.internal.reflect.NativeMethodAccessorImpl.invoke(NativeMethodAccessorImpl.java:77)
	at java.base/jdk.internal.reflect.DelegatingMethodAccessorImpl.invoke(DelegatingMethodAccessorImpl.java:43)
	at java.base/java.lang.reflect.Method.invoke(Method.java:568)
	at org.apache.maven.surefire.api.util.ReflectionUtils.invokeMethodWithArray(ReflectionUtils.java:125)
	at org.apache.maven.surefire.junitplatform.LauncherAdapter.executeWithCancellationToken(LauncherAdapter.java:68)
	at org.apache.maven.surefire.junitplatform.LauncherAdapter.execute(LauncherAdapter.java:54)
	at org.apache.maven.surefire.junitplatform.JUnitPlatformProvider.execute(JUnitPlatformProvider.java:203)
	at org.apache.maven.surefire.junitplatform.JUnitPlatformProvider.invokeAllTests(JUnitPlatformProvider.java:168)
	at org.apache.maven.surefire.junitplatform.JUnitPlatformProvider.invoke(JUnitPlatformProvider.java:136)
	at org.apache.maven.surefire.booter.ForkedBooter.runSuitesInProcess(ForkedBooter.java:385)
	at org.apache.maven.surefire.booter.ForkedBooter.execute(ForkedBooter.java:162)
	at org.apache.maven.surefire.booter.ForkedBooter.run(ForkedBooter.java:507)
	at org.apache.maven.surefire.booter.ForkedBooter.main(ForkedBooter.java:495)
Caused by: io.lettuce.core.RedisConnectionException: Unable to connect to redis/<unresolved>:6379
	at io.lettuce.core.RedisConnectionException.create(RedisConnectionException.java:63)
	at io.lettuce.core.RedisConnectionException.create(RedisConnectionException.java:41)
	at io.lettuce.core.AbstractRedisClient.getConnection(AbstractRedisClient.java:352)
	at io.lettuce.core.RedisClient.connect(RedisClient.java:220)
	at org.springframework.data.redis.connection.lettuce.StandaloneConnectionProvider.lambda$getConnection$1(StandaloneConnectionProvider.java:113)
	at java.base/java.util.Optional.orElseGet(Optional.java:364)
	at org.springframework.data.redis.connection.lettuce.StandaloneConnectionProvider.getConnection(StandaloneConnectionProvider.java:113)
	at org.springframework.data.redis.connection.lettuce.LettuceConnectionFactory$ExceptionTranslatingConnectionProvider.getConnection(LettuceConnectionFactory.java:1797)
	... 206 common frames omitted
Caused by: java.net.UnknownHostException: Failed to resolve 'redis' [A(1), AAAA(28)] after 4 queries 
	at io.netty.resolver.dns.DnsResolveContext.finishResolve(DnsResolveContext.java:1137)
	at io.netty.resolver.dns.DnsResolveContext.tryToFinishResolve(DnsResolveContext.java:1084)
	at io.netty.resolver.dns.DnsResolveContext.query(DnsResolveContext.java:443)
	at io.netty.resolver.dns.DnsResolveContext.access$700(DnsResolveContext.java:69)
	at io.netty.resolver.dns.DnsResolveContext$2.operationComplete(DnsResolveContext.java:512)
	at io.netty.util.concurrent.DefaultPromise.notifyListener0(DefaultPromise.java:604)
	at io.netty.util.concurrent.DefaultPromise.notifyListeners0(DefaultPromise.java:597)
	at io.netty.util.concurrent.DefaultPromise.notifyListenersNow(DefaultPromise.java:573)
	at io.netty.util.concurrent.DefaultPromise.notifyListeners(DefaultPromise.java:506)
	at io.netty.util.concurrent.DefaultPromise.setValue0(DefaultPromise.java:650)
	at io.netty.util.concurrent.DefaultPromise.setFailure0(DefaultPromise.java:643)
	at io.netty.util.concurrent.DefaultPromise.tryFailure(DefaultPromise.java:132)
	at io.netty.resolver.dns.DnsQueryContext.finishFailure(DnsQueryContext.java:343)
	at io.netty.resolver.dns.DnsQueryContext$4.run(DnsQueryContext.java:278)
	at io.netty.util.concurrent.PromiseTask.runTask(PromiseTask.java:98)
	at io.netty.util.concurrent.ScheduledFutureTask.run(ScheduledFutureTask.java:160)
	at io.netty.util.concurrent.AbstractEventExecutor.runTask(AbstractEventExecutor.java:148)
	at io.netty.util.concurrent.AbstractEventExecutor.safeExecute(AbstractEventExecutor.java:141)
	at io.netty.util.concurrent.SingleThreadEventExecutor.runAllTasks(SingleThreadEventExecutor.java:535)
	at io.netty.channel.SingleThreadIoEventLoop.run(SingleThreadIoEventLoop.java:201)
	at io.netty.util.concurrent.SingleThreadEventExecutor$5.run(SingleThreadEventExecutor.java:1193)
	at io.netty.util.internal.ThreadExecutorMap$2.run(ThreadExecutorMap.java:74)
	at io.netty.util.concurrent.FastThreadLocalRunnable.run(FastThreadLocalRunnable.java:30)
	at java.base/java.lang.Thread.run(Thread.java:842)
Caused by: io.netty.resolver.dns.DnsNameResolverTimeoutException: [8236: /192.168.0.1:53] DefaultDnsQuestion(redis. IN AAAA) query '8236' via UDP timed out after 5000 milliseconds (no stack trace available)
2026-05-03 17:41:52.923 [main] WARN  c.e.s.a.i.h.GlobalExceptionHandler - MethodArgumentNotValidException: Validation failed for argument [0] in public org.springframework.http.ResponseEntity<com.example.springjpalab.adapter.input.dto.restaurant.RestaurantResponse> com.example.springjpalab.adapter.input.controller.RestaurantController.createRestaurant(com.example.springjpalab.adapter.input.dto.restaurant.RestaurantCreateRequest) with 2 errors: [Field error in object 'restaurantCreateRequest' on field 'name': rejected value []; codes [NotBlank.restaurantCreateRequest.name,NotBlank.name,NotBlank.java.lang.String,NotBlank]; arguments [org.springframework.context.support.DefaultMessageSourceResolvable: codes [restaurantCreateRequest.name,name]; arguments []; default message [name]]; default message [Name cannot be blank]] [Field error in object 'restaurantCreateRequest' on field 'name': rejected value []; codes [Size.restaurantCreateRequest.name,Size.name,Size.java.lang.String,Size]; arguments [org.springframework.context.support.DefaultMessageSourceResolvable: codes [restaurantCreateRequest.name,name]; arguments []; default message [name],2147483647,1]; default message [Name must be at least 1 character]] 
2026-05-03 17:41:58.063 [main] ERROR c.e.s.a.i.h.GlobalExceptionHandler - Непредвиденная ошибка
org.springframework.data.redis.RedisConnectionFailureException: Unable to connect to Redis
	at org.springframework.data.redis.connection.lettuce.LettuceConnectionFactory$ExceptionTranslatingConnectionProvider.translateException(LettuceConnectionFactory.java:1868)
	at org.springframework.data.redis.connection.lettuce.LettuceConnectionFactory$ExceptionTranslatingConnectionProvider.getConnection(LettuceConnectionFactory.java:1799)
	at org.springframework.data.redis.connection.lettuce.LettuceConnectionFactory$SharedConnection.getNativeConnection(LettuceConnectionFactory.java:1596)
	at org.springframework.data.redis.connection.lettuce.LettuceConnectionFactory$SharedConnection.lambda$getConnection$0(LettuceConnectionFactory.java:1576)
	at org.springframework.data.redis.connection.lettuce.LettuceConnectionFactory.doInLock(LettuceConnectionFactory.java:1537)
	at org.springframework.data.redis.connection.lettuce.LettuceConnectionFactory$SharedConnection.getConnection(LettuceConnectionFactory.java:1573)
	at org.springframework.data.redis.connection.lettuce.LettuceConnectionFactory.getSharedConnection(LettuceConnectionFactory.java:1258)
	at org.springframework.data.redis.connection.lettuce.LettuceConnectionFactory.getConnection(LettuceConnectionFactory.java:1054)
	at org.springframework.data.redis.cache.DefaultRedisCacheWriter.execute(DefaultRedisCacheWriter.java:539)
	at org.springframework.data.redis.cache.DefaultRedisCacheWriter.get(DefaultRedisCacheWriter.java:245)
	at org.springframework.data.redis.cache.DefaultRedisCacheWriter.get(DefaultRedisCacheWriter.java:236)
	at org.springframework.data.redis.cache.RedisCache.lookup(RedisCache.java:186)
	at org.springframework.cache.support.AbstractValueAdaptingCache.get(AbstractValueAdaptingCache.java:58)
	at org.springframework.cache.interceptor.AbstractCacheInvoker.doGet(AbstractCacheInvoker.java:78)
	at org.springframework.cache.interceptor.CacheAspectSupport.findInCaches(CacheAspectSupport.java:563)
	at org.springframework.cache.interceptor.CacheAspectSupport.findCachedValue(CacheAspectSupport.java:513)
	at org.springframework.cache.interceptor.CacheAspectSupport.execute(CacheAspectSupport.java:438)
	at org.springframework.cache.interceptor.CacheAspectSupport.execute(CacheAspectSupport.java:404)
	at org.springframework.cache.interceptor.CacheInterceptor.invoke(CacheInterceptor.java:64)
	at org.springframework.aop.framework.ReflectiveMethodInvocation.proceed(ReflectiveMethodInvocation.java:179)
	at org.springframework.aop.framework.CglibAopProxy$DynamicAdvisedInterceptor.intercept(CglibAopProxy.java:719)
	at com.example.springjpalab.application.service.RestaurantService$$SpringCGLIB$$0.findById(<generated>)
	at com.example.springjpalab.adapter.input.controller.RestaurantController.getRestaurantById(RestaurantController.kt:195)
	at java.base/jdk.internal.reflect.NativeMethodAccessorImpl.invoke0(Native Method)
	at java.base/jdk.internal.reflect.NativeMethodAccessorImpl.invoke(NativeMethodAccessorImpl.java:77)
	at java.base/jdk.internal.reflect.DelegatingMethodAccessorImpl.invoke(DelegatingMethodAccessorImpl.java:43)
	at java.base/java.lang.reflect.Method.invoke(Method.java:568)
	at org.springframework.aop.support.AopUtils.invokeJoinpointUsingReflection(AopUtils.java:359)
	at org.springframework.aop.framework.ReflectiveMethodInvocation.invokeJoinpoint(ReflectiveMethodInvocation.java:190)
	at org.springframework.aop.framework.ReflectiveMethodInvocation.proceed(ReflectiveMethodInvocation.java:158)
	at org.springframework.validation.beanvalidation.MethodValidationInterceptor.invoke(MethodValidationInterceptor.java:171)
	at org.springframework.aop.framework.ReflectiveMethodInvocation.proceed(ReflectiveMethodInvocation.java:179)
	at org.springframework.aop.framework.CglibAopProxy$DynamicAdvisedInterceptor.intercept(CglibAopProxy.java:719)
	at com.example.springjpalab.adapter.input.controller.RestaurantController$$SpringCGLIB$$0.getRestaurantById(<generated>)
	at java.base/jdk.internal.reflect.NativeMethodAccessorImpl.invoke0(Native Method)
	at java.base/jdk.internal.reflect.NativeMethodAccessorImpl.invoke(NativeMethodAccessorImpl.java:77)
	at java.base/jdk.internal.reflect.DelegatingMethodAccessorImpl.invoke(DelegatingMethodAccessorImpl.java:43)
	at java.base/java.lang.reflect.Method.invoke(Method.java:568)
	at kotlin.reflect.jvm.internal.calls.CallerImpl$Method.callMethod(CallerImpl.kt:97)
	at kotlin.reflect.jvm.internal.calls.CallerImpl$Method$Instance.call(CallerImpl.kt:113)
	at kotlin.reflect.jvm.internal.KCallableImpl.callDefaultMethod$kotlin_reflection(KCallableImpl.kt:250)
	at kotlin.reflect.jvm.internal.KCallableImpl.callBy(KCallableImpl.kt:155)
	at org.springframework.web.method.support.InvocableHandlerMethod$KotlinDelegate.invokeFunction(InvocableHandlerMethod.java:336)
	at org.springframework.web.method.support.InvocableHandlerMethod.doInvoke(InvocableHandlerMethod.java:256)
	at org.springframework.web.method.support.InvocableHandlerMethod.invokeForRequest(InvocableHandlerMethod.java:190)
	at org.springframework.web.servlet.mvc.method.annotation.ServletInvocableHandlerMethod.invokeAndHandle(ServletInvocableHandlerMethod.java:117)
	at org.springframework.web.servlet.mvc.method.annotation.RequestMappingHandlerAdapter.invokeHandlerMethod(RequestMappingHandlerAdapter.java:934)
	at org.springframework.web.servlet.mvc.method.annotation.RequestMappingHandlerAdapter.handleInternal(RequestMappingHandlerAdapter.java:853)
	at org.springframework.web.servlet.mvc.method.AbstractHandlerMethodAdapter.handle(AbstractHandlerMethodAdapter.java:86)
	at org.springframework.web.servlet.DispatcherServlet.doDispatch(DispatcherServlet.java:963)
	at org.springframework.web.servlet.DispatcherServlet.doService(DispatcherServlet.java:866)
	at org.springframework.web.servlet.FrameworkServlet.processRequest(FrameworkServlet.java:1003)
	at org.springframework.web.servlet.FrameworkServlet.doGet(FrameworkServlet.java:892)
	at jakarta.servlet.http.HttpServlet.service(HttpServlet.java:622)
	at org.springframework.web.servlet.FrameworkServlet.service(FrameworkServlet.java:874)
	at org.springframework.test.web.servlet.TestDispatcherServlet.service(TestDispatcherServlet.java:72)
	at jakarta.servlet.http.HttpServlet.service(HttpServlet.java:710)
	at org.springframework.mock.web.MockFilterChain$ServletFilterProxy.doFilter(MockFilterChain.java:160)
	at org.springframework.mock.web.MockFilterChain.doFilter(MockFilterChain.java:127)
	at org.springframework.web.filter.OncePerRequestFilter.doFilter(OncePerRequestFilter.java:110)
	at org.springframework.test.web.servlet.setup.MockMvcFilterDecorator.doFilter(MockMvcFilterDecorator.java:160)
	at org.springframework.mock.web.MockFilterChain.doFilter(MockFilterChain.java:127)
	at org.springframework.web.filter.CompositeFilter$VirtualFilterChain.doFilter(CompositeFilter.java:108)
	at org.springframework.security.web.FilterChainProxy.lambda$doFilterInternal$3(FilterChainProxy.java:235)
	at org.springframework.security.web.FilterChainProxy$VirtualFilterChain.doFilter(FilterChainProxy.java:371)
	at org.springframework.security.web.access.intercept.AuthorizationFilter.doFilter(AuthorizationFilter.java:101)
	at org.springframework.security.web.FilterChainProxy$VirtualFilterChain.doFilter(FilterChainProxy.java:380)
	at org.springframework.security.web.access.ExceptionTranslationFilter.doFilter(ExceptionTranslationFilter.java:126)
	at org.springframework.security.web.access.ExceptionTranslationFilter.doFilter(ExceptionTranslationFilter.java:120)
	at org.springframework.security.web.FilterChainProxy$VirtualFilterChain.doFilter(FilterChainProxy.java:380)
	at org.springframework.security.web.session.SessionManagementFilter.doFilter(SessionManagementFilter.java:132)
	at org.springframework.security.web.session.SessionManagementFilter.doFilter(SessionManagementFilter.java:86)
	at org.springframework.security.web.FilterChainProxy$VirtualFilterChain.doFilter(FilterChainProxy.java:380)
	at org.springframework.security.web.authentication.AnonymousAuthenticationFilter.doFilter(AnonymousAuthenticationFilter.java:100)
	at org.springframework.security.web.FilterChainProxy$VirtualFilterChain.doFilter(FilterChainProxy.java:380)
	at org.springframework.security.web.servletapi.SecurityContextHolderAwareRequestFilter.doFilter(SecurityContextHolderAwareRequestFilter.java:181)
	at org.springframework.security.web.FilterChainProxy$VirtualFilterChain.doFilter(FilterChainProxy.java:380)
	at org.springframework.security.web.savedrequest.RequestCacheAwareFilter.doFilter(RequestCacheAwareFilter.java:63)
	at org.springframework.security.web.FilterChainProxy$VirtualFilterChain.doFilter(FilterChainProxy.java:380)
	at com.example.springjpalab.security.JwtAuthenticationFilter.doFilterInternal(JwtAuthenticationFilter.kt:29)
	at org.springframework.web.filter.OncePerRequestFilter.doFilter(OncePerRequestFilter.java:116)
	at org.springframework.security.web.FilterChainProxy$VirtualFilterChain.doFilter(FilterChainProxy.java:380)
	at org.springframework.security.web.authentication.logout.LogoutFilter.doFilter(LogoutFilter.java:110)
	at org.springframework.security.web.authentication.logout.LogoutFilter.doFilter(LogoutFilter.java:96)
	at org.springframework.security.web.FilterChainProxy$VirtualFilterChain.doFilter(FilterChainProxy.java:380)
	at org.springframework.security.web.header.HeaderWriterFilter.doHeadersAfter(HeaderWriterFilter.java:90)
	at org.springframework.security.web.header.HeaderWriterFilter.doFilterInternal(HeaderWriterFilter.java:75)
	at org.springframework.web.filter.OncePerRequestFilter.doFilter(OncePerRequestFilter.java:116)
	at org.springframework.security.web.FilterChainProxy$VirtualFilterChain.doFilter(FilterChainProxy.java:380)
	at org.springframework.security.web.context.SecurityContextHolderFilter.doFilter(SecurityContextHolderFilter.java:82)
	at org.springframework.security.web.context.SecurityContextHolderFilter.doFilter(SecurityContextHolderFilter.java:69)
	at org.springframework.security.web.FilterChainProxy$VirtualFilterChain.doFilter(FilterChainProxy.java:380)
	at org.springframework.security.web.context.request.async.WebAsyncManagerIntegrationFilter.doFilterInternal(WebAsyncManagerIntegrationFilter.java:62)
	at org.springframework.web.filter.OncePerRequestFilter.doFilter(OncePerRequestFilter.java:116)
	at org.springframework.security.web.FilterChainProxy$VirtualFilterChain.doFilter(FilterChainProxy.java:380)
	at org.springframework.security.web.session.DisableEncodeUrlFilter.doFilterInternal(DisableEncodeUrlFilter.java:42)
	at org.springframework.web.filter.OncePerRequestFilter.doFilter(OncePerRequestFilter.java:116)
	at org.springframework.security.web.FilterChainProxy$VirtualFilterChain.doFilter(FilterChainProxy.java:380)
	at org.springframework.security.web.FilterChainProxy.doFilterInternal(FilterChainProxy.java:237)
	at org.springframework.security.web.FilterChainProxy.doFilter(FilterChainProxy.java:195)
	at org.springframework.web.filter.CompositeFilter$VirtualFilterChain.doFilter(CompositeFilter.java:113)
	at org.springframework.web.filter.ServletRequestPathFilter.doFilter(ServletRequestPathFilter.java:52)
	at org.springframework.web.filter.CompositeFilter$VirtualFilterChain.doFilter(CompositeFilter.java:113)
	at org.springframework.web.filter.CompositeFilter.doFilter(CompositeFilter.java:74)
	at org.springframework.security.config.annotation.web.configuration.WebSecurityConfiguration$CompositeFilterChainProxy.doFilter(WebSecurityConfiguration.java:317)
	at org.springframework.web.filter.DelegatingFilterProxy.invokeDelegate(DelegatingFilterProxy.java:355)
	at org.springframework.web.filter.DelegatingFilterProxy.doFilter(DelegatingFilterProxy.java:272)
	at org.springframework.test.web.servlet.setup.MockMvcFilterDecorator.doFilter(MockMvcFilterDecorator.java:160)
	at org.springframework.mock.web.MockFilterChain.doFilter(MockFilterChain.java:127)
	at org.springframework.web.filter.RequestContextFilter.doFilterInternal(RequestContextFilter.java:100)
	at org.springframework.web.filter.OncePerRequestFilter.doFilter(OncePerRequestFilter.java:116)
	at org.springframework.test.web.servlet.setup.MockMvcFilterDecorator.doFilter(MockMvcFilterDecorator.java:160)
	at org.springframework.mock.web.MockFilterChain.doFilter(MockFilterChain.java:127)
	at org.springframework.web.filter.FormContentFilter.doFilterInternal(FormContentFilter.java:93)
	at org.springframework.web.filter.OncePerRequestFilter.doFilter(OncePerRequestFilter.java:116)
	at org.springframework.test.web.servlet.setup.MockMvcFilterDecorator.doFilter(MockMvcFilterDecorator.java:160)
	at org.springframework.mock.web.MockFilterChain.doFilter(MockFilterChain.java:127)
	at org.springframework.web.filter.CharacterEncodingFilter.doFilterInternal(CharacterEncodingFilter.java:199)
	at org.springframework.web.filter.OncePerRequestFilter.doFilter(OncePerRequestFilter.java:116)
	at org.springframework.test.web.servlet.setup.MockMvcFilterDecorator.doFilter(MockMvcFilterDecorator.java:160)
	at org.springframework.mock.web.MockFilterChain.doFilter(MockFilterChain.java:127)
	at org.springframework.test.web.servlet.MockMvc.perform(MockMvc.java:199)
	at com.example.springjpalab.controller.RestaurantIntegrationTest.GET несуществующий ресторан возвращает 404(RestaurantIntegrationTest.kt:83)
	at java.base/jdk.internal.reflect.NativeMethodAccessorImpl.invoke0(Native Method)
	at java.base/jdk.internal.reflect.NativeMethodAccessorImpl.invoke(NativeMethodAccessorImpl.java:77)
	at java.base/jdk.internal.reflect.DelegatingMethodAccessorImpl.invoke(DelegatingMethodAccessorImpl.java:43)
	at java.base/java.lang.reflect.Method.invoke(Method.java:568)
	at org.junit.platform.commons.util.ReflectionUtils.invokeMethod(ReflectionUtils.java:701)
	at org.junit.platform.commons.support.ReflectionSupport.invokeMethod(ReflectionSupport.java:502)
	at org.junit.jupiter.engine.support.MethodReflectionUtils.invoke(MethodReflectionUtils.java:45)
	at org.junit.jupiter.engine.execution.MethodInvocation.proceed(MethodInvocation.java:61)
	at org.junit.jupiter.engine.execution.InvocationInterceptorChain$ValidatingInvocation.proceed(InvocationInterceptorChain.java:124)
	at org.junit.jupiter.engine.extension.TimeoutExtension.intercept(TimeoutExtension.java:163)
	at org.junit.jupiter.engine.extension.TimeoutExtension.interceptTestableMethod(TimeoutExtension.java:148)
	at org.junit.jupiter.engine.extension.TimeoutExtension.interceptTestMethod(TimeoutExtension.java:86)
	at org.junit.jupiter.engine.execution.InterceptingExecutableInvoker$ReflectiveInterceptorCall.lambda$ofVoidMethod$0(InterceptingExecutableInvoker.java:123)
	at org.junit.jupiter.engine.execution.InterceptingExecutableInvoker.lambda$invoke$0(InterceptingExecutableInvoker.java:105)
	at org.junit.jupiter.engine.execution.InvocationInterceptorChain$InterceptedInvocation.proceed(InvocationInterceptorChain.java:99)
	at org.junit.jupiter.engine.execution.InvocationInterceptorChain.proceed(InvocationInterceptorChain.java:66)
	at org.junit.jupiter.engine.execution.InvocationInterceptorChain.chainAndInvoke(InvocationInterceptorChain.java:47)
	at org.junit.jupiter.engine.execution.InvocationInterceptorChain.invoke(InvocationInterceptorChain.java:39)
	at org.junit.jupiter.engine.execution.InterceptingExecutableInvoker.invoke(InterceptingExecutableInvoker.java:104)
	at org.junit.jupiter.engine.execution.InterceptingExecutableInvoker.invoke(InterceptingExecutableInvoker.java:98)
	at org.junit.jupiter.engine.execution.InterceptingExecutableInvoker.invokeVoid(InterceptingExecutableInvoker.java:71)
	at org.junit.jupiter.engine.descriptor.TestMethodTestDescriptor.lambda$invokeTestMethod$0(TestMethodTestDescriptor.java:219)
	at org.junit.platform.engine.support.hierarchical.ThrowableCollector.execute(ThrowableCollector.java:74)
	at org.junit.jupiter.engine.descriptor.TestMethodTestDescriptor.invokeTestMethod(TestMethodTestDescriptor.java:215)
	at org.junit.jupiter.engine.descriptor.TestMethodTestDescriptor.execute(TestMethodTestDescriptor.java:157)
	at org.junit.jupiter.engine.descriptor.TestMethodTestDescriptor.execute(TestMethodTestDescriptor.java:70)
	at org.junit.platform.engine.support.hierarchical.NodeTestTask.lambda$executeRecursively$2(NodeTestTask.java:176)
	at org.junit.platform.engine.support.hierarchical.ThrowableCollector.execute(ThrowableCollector.java:74)
	at org.junit.platform.engine.support.hierarchical.NodeTestTask.lambda$executeRecursively$1(NodeTestTask.java:166)
	at org.junit.platform.engine.support.hierarchical.Node.around(Node.java:138)
	at org.junit.platform.engine.support.hierarchical.NodeTestTask.lambda$executeRecursively$0(NodeTestTask.java:164)
	at org.junit.platform.engine.support.hierarchical.ThrowableCollector.execute(ThrowableCollector.java:74)
	at org.junit.platform.engine.support.hierarchical.NodeTestTask.executeRecursively(NodeTestTask.java:163)
	at org.junit.platform.engine.support.hierarchical.NodeTestTask.execute(NodeTestTask.java:116)
	at java.base/java.util.ArrayList.forEach(ArrayList.java:1511)
	at org.junit.platform.engine.support.hierarchical.SameThreadHierarchicalTestExecutorService.invokeAll(SameThreadHierarchicalTestExecutorService.java:42)
	at org.junit.platform.engine.support.hierarchical.NodeTestTask.lambda$executeRecursively$2(NodeTestTask.java:180)
	at org.junit.platform.engine.support.hierarchical.ThrowableCollector.execute(ThrowableCollector.java:74)
	at org.junit.platform.engine.support.hierarchical.NodeTestTask.lambda$executeRecursively$1(NodeTestTask.java:166)
	at org.junit.platform.engine.support.hierarchical.Node.around(Node.java:138)
	at org.junit.platform.engine.support.hierarchical.NodeTestTask.lambda$executeRecursively$0(NodeTestTask.java:164)
	at org.junit.platform.engine.support.hierarchical.ThrowableCollector.execute(ThrowableCollector.java:74)
	at org.junit.platform.engine.support.hierarchical.NodeTestTask.executeRecursively(NodeTestTask.java:163)
	at org.junit.platform.engine.support.hierarchical.NodeTestTask.execute(NodeTestTask.java:116)
	at java.base/java.util.ArrayList.forEach(ArrayList.java:1511)
	at org.junit.platform.engine.support.hierarchical.SameThreadHierarchicalTestExecutorService.invokeAll(SameThreadHierarchicalTestExecutorService.java:42)
	at org.junit.platform.engine.support.hierarchical.NodeTestTask.lambda$executeRecursively$2(NodeTestTask.java:180)
	at org.junit.platform.engine.support.hierarchical.ThrowableCollector.execute(ThrowableCollector.java:74)
	at org.junit.platform.engine.support.hierarchical.NodeTestTask.lambda$executeRecursively$1(NodeTestTask.java:166)
	at org.junit.platform.engine.support.hierarchical.Node.around(Node.java:138)
	at org.junit.platform.engine.support.hierarchical.NodeTestTask.lambda$executeRecursively$0(NodeTestTask.java:164)
	at org.junit.platform.engine.support.hierarchical.ThrowableCollector.execute(ThrowableCollector.java:74)
	at org.junit.platform.engine.support.hierarchical.NodeTestTask.executeRecursively(NodeTestTask.java:163)
	at org.junit.platform.engine.support.hierarchical.NodeTestTask.execute(NodeTestTask.java:116)
	at org.junit.platform.engine.support.hierarchical.SameThreadHierarchicalTestExecutorService.submit(SameThreadHierarchicalTestExecutorService.java:36)
	at org.junit.platform.engine.support.hierarchical.HierarchicalTestExecutor.execute(HierarchicalTestExecutor.java:52)
	at org.junit.platform.engine.support.hierarchical.HierarchicalTestEngine.execute(HierarchicalTestEngine.java:58)
	at org.junit.platform.launcher.core.EngineExecutionOrchestrator.executeEngine(EngineExecutionOrchestrator.java:246)
	at org.junit.platform.launcher.core.EngineExecutionOrchestrator.failOrExecuteEngine(EngineExecutionOrchestrator.java:218)
	at org.junit.platform.launcher.core.EngineExecutionOrchestrator.execute(EngineExecutionOrchestrator.java:179)
	at org.junit.platform.launcher.core.EngineExecutionOrchestrator.execute(EngineExecutionOrchestrator.java:108)
	at org.junit.platform.launcher.core.EngineExecutionOrchestrator.lambda$execute$0(EngineExecutionOrchestrator.java:66)
	at org.junit.platform.launcher.core.EngineExecutionOrchestrator.withInterceptedStreams(EngineExecutionOrchestrator.java:157)
	at org.junit.platform.launcher.core.EngineExecutionOrchestrator.execute(EngineExecutionOrchestrator.java:65)
	at org.junit.platform.launcher.core.DefaultLauncher.execute(DefaultLauncher.java:125)
	at org.junit.platform.launcher.core.DefaultLauncher.execute(DefaultLauncher.java:114)
	at org.junit.platform.launcher.core.DelegatingLauncher.execute(DelegatingLauncher.java:58)
	at org.junit.platform.launcher.core.InterceptingLauncher.lambda$execute$2(InterceptingLauncher.java:57)
	at org.junit.platform.launcher.core.ClasspathAlignmentCheckingLauncherInterceptor.intercept(ClasspathAlignmentCheckingLauncherInterceptor.java:25)
	at org.junit.platform.launcher.core.InterceptingLauncher.execute(InterceptingLauncher.java:56)
	at org.junit.platform.launcher.core.DelegatingLauncher.execute(DelegatingLauncher.java:58)
	at java.base/jdk.internal.reflect.NativeMethodAccessorImpl.invoke0(Native Method)
	at java.base/jdk.internal.reflect.NativeMethodAccessorImpl.invoke(NativeMethodAccessorImpl.java:77)
	at java.base/jdk.internal.reflect.DelegatingMethodAccessorImpl.invoke(DelegatingMethodAccessorImpl.java:43)
	at java.base/java.lang.reflect.Method.invoke(Method.java:568)
	at org.apache.maven.surefire.api.util.ReflectionUtils.invokeMethodWithArray(ReflectionUtils.java:125)
	at org.apache.maven.surefire.junitplatform.LauncherAdapter.executeWithCancellationToken(LauncherAdapter.java:68)
	at org.apache.maven.surefire.junitplatform.LauncherAdapter.execute(LauncherAdapter.java:54)
	at org.apache.maven.surefire.junitplatform.JUnitPlatformProvider.execute(JUnitPlatformProvider.java:203)
	at org.apache.maven.surefire.junitplatform.JUnitPlatformProvider.invokeAllTests(JUnitPlatformProvider.java:168)
	at org.apache.maven.surefire.junitplatform.JUnitPlatformProvider.invoke(JUnitPlatformProvider.java:136)
	at org.apache.maven.surefire.booter.ForkedBooter.runSuitesInProcess(ForkedBooter.java:385)
	at org.apache.maven.surefire.booter.ForkedBooter.execute(ForkedBooter.java:162)
	at org.apache.maven.surefire.booter.ForkedBooter.run(ForkedBooter.java:507)
	at org.apache.maven.surefire.booter.ForkedBooter.main(ForkedBooter.java:495)
Caused by: io.lettuce.core.RedisConnectionException: Unable to connect to redis/<unresolved>:6379
	at io.lettuce.core.RedisConnectionException.create(RedisConnectionException.java:63)
	at io.lettuce.core.RedisConnectionException.create(RedisConnectionException.java:41)
	at io.lettuce.core.AbstractRedisClient.getConnection(AbstractRedisClient.java:352)
	at io.lettuce.core.RedisClient.connect(RedisClient.java:220)
	at org.springframework.data.redis.connection.lettuce.StandaloneConnectionProvider.lambda$getConnection$1(StandaloneConnectionProvider.java:113)
	at java.base/java.util.Optional.orElseGet(Optional.java:364)
	at org.springframework.data.redis.connection.lettuce.StandaloneConnectionProvider.getConnection(StandaloneConnectionProvider.java:113)
	at org.springframework.data.redis.connection.lettuce.LettuceConnectionFactory$ExceptionTranslatingConnectionProvider.getConnection(LettuceConnectionFactory.java:1797)
	... 206 common frames omitted
Caused by: java.net.UnknownHostException: Failed to resolve 'redis' [A(1), AAAA(28)] after 4 queries 
	at io.netty.resolver.dns.DnsResolveContext.finishResolve(DnsResolveContext.java:1137)
	at io.netty.resolver.dns.DnsResolveContext.tryToFinishResolve(DnsResolveContext.java:1084)
	at io.netty.resolver.dns.DnsResolveContext.query(DnsResolveContext.java:443)
	at io.netty.resolver.dns.DnsResolveContext.access$700(DnsResolveContext.java:69)
	at io.netty.resolver.dns.DnsResolveContext$2.operationComplete(DnsResolveContext.java:512)
	at io.netty.util.concurrent.DefaultPromise.notifyListener0(DefaultPromise.java:604)
	at io.netty.util.concurrent.DefaultPromise.notifyListeners0(DefaultPromise.java:597)
	at io.netty.util.concurrent.DefaultPromise.notifyListenersNow(DefaultPromise.java:573)
	at io.netty.util.concurrent.DefaultPromise.notifyListeners(DefaultPromise.java:506)
	at io.netty.util.concurrent.DefaultPromise.setValue0(DefaultPromise.java:650)
	at io.netty.util.concurrent.DefaultPromise.setFailure0(DefaultPromise.java:643)
	at io.netty.util.concurrent.DefaultPromise.tryFailure(DefaultPromise.java:132)
	at io.netty.resolver.dns.DnsQueryContext.finishFailure(DnsQueryContext.java:343)
	at io.netty.resolver.dns.DnsQueryContext$4.run(DnsQueryContext.java:278)
	at io.netty.util.concurrent.PromiseTask.runTask(PromiseTask.java:98)
	at io.netty.util.concurrent.ScheduledFutureTask.run(ScheduledFutureTask.java:160)
	at io.netty.util.concurrent.AbstractEventExecutor.runTask(AbstractEventExecutor.java:148)
	at io.netty.util.concurrent.AbstractEventExecutor.safeExecute(AbstractEventExecutor.java:141)
	at io.netty.util.concurrent.SingleThreadEventExecutor.runAllTasks(SingleThreadEventExecutor.java:535)
	at io.netty.channel.SingleThreadIoEventLoop.run(SingleThreadIoEventLoop.java:201)
	at io.netty.util.concurrent.SingleThreadEventExecutor$5.run(SingleThreadEventExecutor.java:1193)
	at io.netty.util.internal.ThreadExecutorMap$2.run(ThreadExecutorMap.java:74)
	at io.netty.util.concurrent.FastThreadLocalRunnable.run(FastThreadLocalRunnable.java:30)
	at java.base/java.lang.Thread.run(Thread.java:842)
Caused by: io.netty.resolver.dns.DnsNameResolverTimeoutException: [9516: /192.168.0.1:53] DefaultDnsQuestion(redis. IN AAAA) query '9516' via UDP timed out after 5000 milliseconds (no stack trace available)
2026-05-03 17:41:58.083 [main] DEBUG org.hibernate.SQL - select rje1_0.id,rje1_0.address,rje1_0.name from restaurants rje1_0 where rje1_0.name=?
2026-05-03 17:41:58.091 [main] DEBUG org.hibernate.SQL - insert into restaurants (address,name) values (?,?)
2026-05-03 17:41:58.099 [main] INFO  c.e.s.a.service.RestaurantService - Создан ресторан: id=2, name=Old Name
2026-05-03 17:42:03.202 [main] WARN  c.e.s.a.i.h.GlobalExceptionHandler - MethodArgumentNotValidException: Validation failed for argument [1] in public org.springframework.http.ResponseEntity<com.example.springjpalab.adapter.input.dto.restaurant.RestaurantResponse> com.example.springjpalab.adapter.input.controller.RestaurantController.updateUserById(long,com.example.springjpalab.adapter.input.dto.restaurant.RestaurantUpdateRequest) with 2 errors: [Field error in object 'restaurantUpdateRequest' on field 'address': rejected value []; codes [NotBlank.restaurantUpdateRequest.address,NotBlank.address,NotBlank.java.lang.String,NotBlank]; arguments [org.springframework.context.support.DefaultMessageSourceResolvable: codes [restaurantUpdateRequest.address,address]; arguments []; default message [address]]; default message [Address cannot be blank]] [Field error in object 'restaurantUpdateRequest' on field 'name': rejected value []; codes [NotBlank.restaurantUpdateRequest.name,NotBlank.name,NotBlank.java.lang.String,NotBlank]; arguments [org.springframework.context.support.DefaultMessageSourceResolvable: codes [restaurantUpdateRequest.name,name]; arguments []; default message [name]]; default message [Name cannot be blank]] 
2026-05-03 17:42:03.216 [main] DEBUG org.hibernate.SQL - select rje1_0.id,rje1_0.address,rje1_0.name from restaurants rje1_0 where rje1_0.name=?
2026-05-03 17:42:03.221 [main] DEBUG org.hibernate.SQL - insert into restaurants (address,name) values (?,?)
2026-05-03 17:42:03.228 [main] INFO  c.e.s.a.service.RestaurantService - Создан ресторан: id=3, name=First
2026-05-03 17:42:08.331 [main] DEBUG org.hibernate.SQL - select rje1_0.id,rje1_0.address,rje1_0.name from restaurants rje1_0 where rje1_0.name=?
2026-05-03 17:42:08.336 [main] DEBUG org.hibernate.SQL - insert into restaurants (address,name) values (?,?)
2026-05-03 17:42:08.343 [main] INFO  c.e.s.a.service.RestaurantService - Создан ресторан: id=4, name=Second
2026-05-03 17:42:18.532 [main] ERROR c.e.s.a.i.h.GlobalExceptionHandler - Непредвиденная ошибка
org.springframework.data.redis.RedisConnectionFailureException: Unable to connect to Redis
	at org.springframework.data.redis.connection.lettuce.LettuceConnectionFactory$ExceptionTranslatingConnectionProvider.translateException(LettuceConnectionFactory.java:1868)
	at org.springframework.data.redis.connection.lettuce.LettuceConnectionFactory$ExceptionTranslatingConnectionProvider.getConnection(LettuceConnectionFactory.java:1799)
	at org.springframework.data.redis.connection.lettuce.LettuceConnectionFactory$SharedConnection.getNativeConnection(LettuceConnectionFactory.java:1596)
	at org.springframework.data.redis.connection.lettuce.LettuceConnectionFactory$SharedConnection.lambda$getConnection$0(LettuceConnectionFactory.java:1576)
	at org.springframework.data.redis.connection.lettuce.LettuceConnectionFactory.doInLock(LettuceConnectionFactory.java:1537)
	at org.springframework.data.redis.connection.lettuce.LettuceConnectionFactory$SharedConnection.getConnection(LettuceConnectionFactory.java:1573)
	at org.springframework.data.redis.connection.lettuce.LettuceConnectionFactory.getSharedConnection(LettuceConnectionFactory.java:1258)
	at org.springframework.data.redis.connection.lettuce.LettuceConnectionFactory.getConnection(LettuceConnectionFactory.java:1054)
	at org.springframework.data.redis.cache.DefaultRedisCacheWriter.execute(DefaultRedisCacheWriter.java:539)
	at org.springframework.data.redis.cache.DefaultRedisCacheWriter.get(DefaultRedisCacheWriter.java:245)
	at org.springframework.data.redis.cache.DefaultRedisCacheWriter.get(DefaultRedisCacheWriter.java:236)
	at org.springframework.data.redis.cache.RedisCache.lookup(RedisCache.java:186)
	at org.springframework.cache.support.AbstractValueAdaptingCache.get(AbstractValueAdaptingCache.java:58)
	at org.springframework.cache.interceptor.AbstractCacheInvoker.doGet(AbstractCacheInvoker.java:78)
	at org.springframework.cache.interceptor.CacheAspectSupport.findInCaches(CacheAspectSupport.java:563)
	at org.springframework.cache.interceptor.CacheAspectSupport.findCachedValue(CacheAspectSupport.java:513)
	at org.springframework.cache.interceptor.CacheAspectSupport.execute(CacheAspectSupport.java:438)
	at org.springframework.cache.interceptor.CacheAspectSupport.execute(CacheAspectSupport.java:404)
	at org.springframework.cache.interceptor.CacheInterceptor.invoke(CacheInterceptor.java:64)
	at org.springframework.aop.framework.ReflectiveMethodInvocation.proceed(ReflectiveMethodInvocation.java:179)
	at org.springframework.aop.framework.CglibAopProxy$DynamicAdvisedInterceptor.intercept(CglibAopProxy.java:719)
	at com.example.springjpalab.application.service.RestaurantService$$SpringCGLIB$$0.findAll(<generated>)
	at com.example.springjpalab.adapter.input.controller.RestaurantController.getAllRestaurants(RestaurantController.kt:61)
	at java.base/jdk.internal.reflect.NativeMethodAccessorImpl.invoke0(Native Method)
	at java.base/jdk.internal.reflect.NativeMethodAccessorImpl.invoke(NativeMethodAccessorImpl.java:77)
	at java.base/jdk.internal.reflect.DelegatingMethodAccessorImpl.invoke(DelegatingMethodAccessorImpl.java:43)
	at java.base/java.lang.reflect.Method.invoke(Method.java:568)
	at org.springframework.aop.support.AopUtils.invokeJoinpointUsingReflection(AopUtils.java:359)
	at org.springframework.aop.framework.ReflectiveMethodInvocation.invokeJoinpoint(ReflectiveMethodInvocation.java:190)
	at org.springframework.aop.framework.ReflectiveMethodInvocation.proceed(ReflectiveMethodInvocation.java:158)
	at org.springframework.validation.beanvalidation.MethodValidationInterceptor.invoke(MethodValidationInterceptor.java:171)
	at org.springframework.aop.framework.ReflectiveMethodInvocation.proceed(ReflectiveMethodInvocation.java:179)
	at org.springframework.aop.framework.CglibAopProxy$DynamicAdvisedInterceptor.intercept(CglibAopProxy.java:719)
	at com.example.springjpalab.adapter.input.controller.RestaurantController$$SpringCGLIB$$0.getAllRestaurants(<generated>)
	at java.base/jdk.internal.reflect.NativeMethodAccessorImpl.invoke0(Native Method)
	at java.base/jdk.internal.reflect.NativeMethodAccessorImpl.invoke(NativeMethodAccessorImpl.java:77)
	at java.base/jdk.internal.reflect.DelegatingMethodAccessorImpl.invoke(DelegatingMethodAccessorImpl.java:43)
	at java.base/java.lang.reflect.Method.invoke(Method.java:568)
	at kotlin.reflect.jvm.internal.calls.CallerImpl$Method.callMethod(CallerImpl.kt:97)
	at kotlin.reflect.jvm.internal.calls.CallerImpl$Method$Instance.call(CallerImpl.kt:113)
	at kotlin.reflect.jvm.internal.KCallableImpl.callDefaultMethod$kotlin_reflection(KCallableImpl.kt:250)
	at kotlin.reflect.jvm.internal.KCallableImpl.callBy(KCallableImpl.kt:155)
	at org.springframework.web.method.support.InvocableHandlerMethod$KotlinDelegate.invokeFunction(InvocableHandlerMethod.java:336)
	at org.springframework.web.method.support.InvocableHandlerMethod.doInvoke(InvocableHandlerMethod.java:256)
	at org.springframework.web.method.support.InvocableHandlerMethod.invokeForRequest(InvocableHandlerMethod.java:190)
	at org.springframework.web.servlet.mvc.method.annotation.ServletInvocableHandlerMethod.invokeAndHandle(ServletInvocableHandlerMethod.java:117)
	at org.springframework.web.servlet.mvc.method.annotation.RequestMappingHandlerAdapter.invokeHandlerMethod(RequestMappingHandlerAdapter.java:934)
	at org.springframework.web.servlet.mvc.method.annotation.RequestMappingHandlerAdapter.handleInternal(RequestMappingHandlerAdapter.java:853)
	at org.springframework.web.servlet.mvc.method.AbstractHandlerMethodAdapter.handle(AbstractHandlerMethodAdapter.java:86)
	at org.springframework.web.servlet.DispatcherServlet.doDispatch(DispatcherServlet.java:963)
	at org.springframework.web.servlet.DispatcherServlet.doService(DispatcherServlet.java:866)
	at org.springframework.web.servlet.FrameworkServlet.processRequest(FrameworkServlet.java:1003)
	at org.springframework.web.servlet.FrameworkServlet.doGet(FrameworkServlet.java:892)
	at jakarta.servlet.http.HttpServlet.service(HttpServlet.java:622)
	at org.springframework.web.servlet.FrameworkServlet.service(FrameworkServlet.java:874)
	at org.springframework.test.web.servlet.TestDispatcherServlet.service(TestDispatcherServlet.java:72)
	at jakarta.servlet.http.HttpServlet.service(HttpServlet.java:710)
	at org.springframework.mock.web.MockFilterChain$ServletFilterProxy.doFilter(MockFilterChain.java:160)
	at org.springframework.mock.web.MockFilterChain.doFilter(MockFilterChain.java:127)
	at org.springframework.web.filter.OncePerRequestFilter.doFilter(OncePerRequestFilter.java:110)
	at org.springframework.test.web.servlet.setup.MockMvcFilterDecorator.doFilter(MockMvcFilterDecorator.java:160)
	at org.springframework.mock.web.MockFilterChain.doFilter(MockFilterChain.java:127)
	at org.springframework.web.filter.CompositeFilter$VirtualFilterChain.doFilter(CompositeFilter.java:108)
	at org.springframework.security.web.FilterChainProxy.lambda$doFilterInternal$3(FilterChainProxy.java:235)
	at org.springframework.security.web.FilterChainProxy$VirtualFilterChain.doFilter(FilterChainProxy.java:371)
	at org.springframework.security.web.access.intercept.AuthorizationFilter.doFilter(AuthorizationFilter.java:101)
	at org.springframework.security.web.FilterChainProxy$VirtualFilterChain.doFilter(FilterChainProxy.java:380)
	at org.springframework.security.web.access.ExceptionTranslationFilter.doFilter(ExceptionTranslationFilter.java:126)
	at org.springframework.security.web.access.ExceptionTranslationFilter.doFilter(ExceptionTranslationFilter.java:120)
	at org.springframework.security.web.FilterChainProxy$VirtualFilterChain.doFilter(FilterChainProxy.java:380)
	at org.springframework.security.web.session.SessionManagementFilter.doFilter(SessionManagementFilter.java:132)
	at org.springframework.security.web.session.SessionManagementFilter.doFilter(SessionManagementFilter.java:86)
	at org.springframework.security.web.FilterChainProxy$VirtualFilterChain.doFilter(FilterChainProxy.java:380)
	at org.springframework.security.web.authentication.AnonymousAuthenticationFilter.doFilter(AnonymousAuthenticationFilter.java:100)
	at org.springframework.security.web.FilterChainProxy$VirtualFilterChain.doFilter(FilterChainProxy.java:380)
	at org.springframework.security.web.servletapi.SecurityContextHolderAwareRequestFilter.doFilter(SecurityContextHolderAwareRequestFilter.java:181)
	at org.springframework.security.web.FilterChainProxy$VirtualFilterChain.doFilter(FilterChainProxy.java:380)
	at org.springframework.security.web.savedrequest.RequestCacheAwareFilter.doFilter(RequestCacheAwareFilter.java:63)
	at org.springframework.security.web.FilterChainProxy$VirtualFilterChain.doFilter(FilterChainProxy.java:380)
	at com.example.springjpalab.security.JwtAuthenticationFilter.doFilterInternal(JwtAuthenticationFilter.kt:29)
	at org.springframework.web.filter.OncePerRequestFilter.doFilter(OncePerRequestFilter.java:116)
	at org.springframework.security.web.FilterChainProxy$VirtualFilterChain.doFilter(FilterChainProxy.java:380)
	at org.springframework.security.web.authentication.logout.LogoutFilter.doFilter(LogoutFilter.java:110)
	at org.springframework.security.web.authentication.logout.LogoutFilter.doFilter(LogoutFilter.java:96)
	at org.springframework.security.web.FilterChainProxy$VirtualFilterChain.doFilter(FilterChainProxy.java:380)
	at org.springframework.security.web.header.HeaderWriterFilter.doHeadersAfter(HeaderWriterFilter.java:90)
	at org.springframework.security.web.header.HeaderWriterFilter.doFilterInternal(HeaderWriterFilter.java:75)
	at org.springframework.web.filter.OncePerRequestFilter.doFilter(OncePerRequestFilter.java:116)
	at org.springframework.security.web.FilterChainProxy$VirtualFilterChain.doFilter(FilterChainProxy.java:380)
	at org.springframework.security.web.context.SecurityContextHolderFilter.doFilter(SecurityContextHolderFilter.java:82)
	at org.springframework.security.web.context.SecurityContextHolderFilter.doFilter(SecurityContextHolderFilter.java:69)
	at org.springframework.security.web.FilterChainProxy$VirtualFilterChain.doFilter(FilterChainProxy.java:380)
	at org.springframework.security.web.context.request.async.WebAsyncManagerIntegrationFilter.doFilterInternal(WebAsyncManagerIntegrationFilter.java:62)
	at org.springframework.web.filter.OncePerRequestFilter.doFilter(OncePerRequestFilter.java:116)
	at org.springframework.security.web.FilterChainProxy$VirtualFilterChain.doFilter(FilterChainProxy.java:380)
	at org.springframework.security.web.session.DisableEncodeUrlFilter.doFilterInternal(DisableEncodeUrlFilter.java:42)
	at org.springframework.web.filter.OncePerRequestFilter.doFilter(OncePerRequestFilter.java:116)
	at org.springframework.security.web.FilterChainProxy$VirtualFilterChain.doFilter(FilterChainProxy.java:380)
	at org.springframework.security.web.FilterChainProxy.doFilterInternal(FilterChainProxy.java:237)
	at org.springframework.security.web.FilterChainProxy.doFilter(FilterChainProxy.java:195)
	at org.springframework.web.filter.CompositeFilter$VirtualFilterChain.doFilter(CompositeFilter.java:113)
	at org.springframework.web.filter.ServletRequestPathFilter.doFilter(ServletRequestPathFilter.java:52)
	at org.springframework.web.filter.CompositeFilter$VirtualFilterChain.doFilter(CompositeFilter.java:113)
	at org.springframework.web.filter.CompositeFilter.doFilter(CompositeFilter.java:74)
	at org.springframework.security.config.annotation.web.configuration.WebSecurityConfiguration$CompositeFilterChainProxy.doFilter(WebSecurityConfiguration.java:317)
	at org.springframework.web.filter.DelegatingFilterProxy.invokeDelegate(DelegatingFilterProxy.java:355)
	at org.springframework.web.filter.DelegatingFilterProxy.doFilter(DelegatingFilterProxy.java:272)
	at org.springframework.test.web.servlet.setup.MockMvcFilterDecorator.doFilter(MockMvcFilterDecorator.java:160)
	at org.springframework.mock.web.MockFilterChain.doFilter(MockFilterChain.java:127)
	at org.springframework.web.filter.RequestContextFilter.doFilterInternal(RequestContextFilter.java:100)
	at org.springframework.web.filter.OncePerRequestFilter.doFilter(OncePerRequestFilter.java:116)
	at org.springframework.test.web.servlet.setup.MockMvcFilterDecorator.doFilter(MockMvcFilterDecorator.java:160)
	at org.springframework.mock.web.MockFilterChain.doFilter(MockFilterChain.java:127)
	at org.springframework.web.filter.FormContentFilter.doFilterInternal(FormContentFilter.java:93)
	at org.springframework.web.filter.OncePerRequestFilter.doFilter(OncePerRequestFilter.java:116)
	at org.springframework.test.web.servlet.setup.MockMvcFilterDecorator.doFilter(MockMvcFilterDecorator.java:160)
	at org.springframework.mock.web.MockFilterChain.doFilter(MockFilterChain.java:127)
	at org.springframework.web.filter.CharacterEncodingFilter.doFilterInternal(CharacterEncodingFilter.java:199)
	at org.springframework.web.filter.OncePerRequestFilter.doFilter(OncePerRequestFilter.java:116)
	at org.springframework.test.web.servlet.setup.MockMvcFilterDecorator.doFilter(MockMvcFilterDecorator.java:160)
	at org.springframework.mock.web.MockFilterChain.doFilter(MockFilterChain.java:127)
	at org.springframework.test.web.servlet.MockMvc.perform(MockMvc.java:199)
	at com.example.springjpalab.controller.RestaurantIntegrationTest.GET все рестораны возвращает 200 и массив(RestaurantIntegrationTest.kt:128)
	at java.base/jdk.internal.reflect.NativeMethodAccessorImpl.invoke0(Native Method)
	at java.base/jdk.internal.reflect.NativeMethodAccessorImpl.invoke(NativeMethodAccessorImpl.java:77)
	at java.base/jdk.internal.reflect.DelegatingMethodAccessorImpl.invoke(DelegatingMethodAccessorImpl.java:43)
	at java.base/java.lang.reflect.Method.invoke(Method.java:568)
	at org.junit.platform.commons.util.ReflectionUtils.invokeMethod(ReflectionUtils.java:701)
	at org.junit.platform.commons.support.ReflectionSupport.invokeMethod(ReflectionSupport.java:502)
	at org.junit.jupiter.engine.support.MethodReflectionUtils.invoke(MethodReflectionUtils.java:45)
	at org.junit.jupiter.engine.execution.MethodInvocation.proceed(MethodInvocation.java:61)
	at org.junit.jupiter.engine.execution.InvocationInterceptorChain$ValidatingInvocation.proceed(InvocationInterceptorChain.java:124)
	at org.junit.jupiter.engine.extension.TimeoutExtension.intercept(TimeoutExtension.java:163)
	at org.junit.jupiter.engine.extension.TimeoutExtension.interceptTestableMethod(TimeoutExtension.java:148)
	at org.junit.jupiter.engine.extension.TimeoutExtension.interceptTestMethod(TimeoutExtension.java:86)
	at org.junit.jupiter.engine.execution.InterceptingExecutableInvoker$ReflectiveInterceptorCall.lambda$ofVoidMethod$0(InterceptingExecutableInvoker.java:123)
	at org.junit.jupiter.engine.execution.InterceptingExecutableInvoker.lambda$invoke$0(InterceptingExecutableInvoker.java:105)
	at org.junit.jupiter.engine.execution.InvocationInterceptorChain$InterceptedInvocation.proceed(InvocationInterceptorChain.java:99)
	at org.junit.jupiter.engine.execution.InvocationInterceptorChain.proceed(InvocationInterceptorChain.java:66)
	at org.junit.jupiter.engine.execution.InvocationInterceptorChain.chainAndInvoke(InvocationInterceptorChain.java:47)
	at org.junit.jupiter.engine.execution.InvocationInterceptorChain.invoke(InvocationInterceptorChain.java:39)
	at org.junit.jupiter.engine.execution.InterceptingExecutableInvoker.invoke(InterceptingExecutableInvoker.java:104)
	at org.junit.jupiter.engine.execution.InterceptingExecutableInvoker.invoke(InterceptingExecutableInvoker.java:98)
	at org.junit.jupiter.engine.execution.InterceptingExecutableInvoker.invokeVoid(InterceptingExecutableInvoker.java:71)
	at org.junit.jupiter.engine.descriptor.TestMethodTestDescriptor.lambda$invokeTestMethod$0(TestMethodTestDescriptor.java:219)
	at org.junit.platform.engine.support.hierarchical.ThrowableCollector.execute(ThrowableCollector.java:74)
	at org.junit.jupiter.engine.descriptor.TestMethodTestDescriptor.invokeTestMethod(TestMethodTestDescriptor.java:215)
	at org.junit.jupiter.engine.descriptor.TestMethodTestDescriptor.execute(TestMethodTestDescriptor.java:157)
	at org.junit.jupiter.engine.descriptor.TestMethodTestDescriptor.execute(TestMethodTestDescriptor.java:70)
	at org.junit.platform.engine.support.hierarchical.NodeTestTask.lambda$executeRecursively$2(NodeTestTask.java:176)
	at org.junit.platform.engine.support.hierarchical.ThrowableCollector.execute(ThrowableCollector.java:74)
	at org.junit.platform.engine.support.hierarchical.NodeTestTask.lambda$executeRecursively$1(NodeTestTask.java:166)
	at org.junit.platform.engine.support.hierarchical.Node.around(Node.java:138)
	at org.junit.platform.engine.support.hierarchical.NodeTestTask.lambda$executeRecursively$0(NodeTestTask.java:164)
	at org.junit.platform.engine.support.hierarchical.ThrowableCollector.execute(ThrowableCollector.java:74)
	at org.junit.platform.engine.support.hierarchical.NodeTestTask.executeRecursively(NodeTestTask.java:163)
	at org.junit.platform.engine.support.hierarchical.NodeTestTask.execute(NodeTestTask.java:116)
	at java.base/java.util.ArrayList.forEach(ArrayList.java:1511)
	at org.junit.platform.engine.support.hierarchical.SameThreadHierarchicalTestExecutorService.invokeAll(SameThreadHierarchicalTestExecutorService.java:42)
	at org.junit.platform.engine.support.hierarchical.NodeTestTask.lambda$executeRecursively$2(NodeTestTask.java:180)
	at org.junit.platform.engine.support.hierarchical.ThrowableCollector.execute(ThrowableCollector.java:74)
	at org.junit.platform.engine.support.hierarchical.NodeTestTask.lambda$executeRecursively$1(NodeTestTask.java:166)
	at org.junit.platform.engine.support.hierarchical.Node.around(Node.java:138)
	at org.junit.platform.engine.support.hierarchical.NodeTestTask.lambda$executeRecursively$0(NodeTestTask.java:164)
	at org.junit.platform.engine.support.hierarchical.ThrowableCollector.execute(ThrowableCollector.java:74)
	at org.junit.platform.engine.support.hierarchical.NodeTestTask.executeRecursively(NodeTestTask.java:163)
	at org.junit.platform.engine.support.hierarchical.NodeTestTask.execute(NodeTestTask.java:116)
	at java.base/java.util.ArrayList.forEach(ArrayList.java:1511)
	at org.junit.platform.engine.support.hierarchical.SameThreadHierarchicalTestExecutorService.invokeAll(SameThreadHierarchicalTestExecutorService.java:42)
	at org.junit.platform.engine.support.hierarchical.NodeTestTask.lambda$executeRecursively$2(NodeTestTask.java:180)
	at org.junit.platform.engine.support.hierarchical.ThrowableCollector.execute(ThrowableCollector.java:74)
	at org.junit.platform.engine.support.hierarchical.NodeTestTask.lambda$executeRecursively$1(NodeTestTask.java:166)
	at org.junit.platform.engine.support.hierarchical.Node.around(Node.java:138)
	at org.junit.platform.engine.support.hierarchical.NodeTestTask.lambda$executeRecursively$0(NodeTestTask.java:164)
	at org.junit.platform.engine.support.hierarchical.ThrowableCollector.execute(ThrowableCollector.java:74)
	at org.junit.platform.engine.support.hierarchical.NodeTestTask.executeRecursively(NodeTestTask.java:163)
	at org.junit.platform.engine.support.hierarchical.NodeTestTask.execute(NodeTestTask.java:116)
	at org.junit.platform.engine.support.hierarchical.SameThreadHierarchicalTestExecutorService.submit(SameThreadHierarchicalTestExecutorService.java:36)
	at org.junit.platform.engine.support.hierarchical.HierarchicalTestExecutor.execute(HierarchicalTestExecutor.java:52)
	at org.junit.platform.engine.support.hierarchical.HierarchicalTestEngine.execute(HierarchicalTestEngine.java:58)
	at org.junit.platform.launcher.core.EngineExecutionOrchestrator.executeEngine(EngineExecutionOrchestrator.java:246)
	at org.junit.platform.launcher.core.EngineExecutionOrchestrator.failOrExecuteEngine(EngineExecutionOrchestrator.java:218)
	at org.junit.platform.launcher.core.EngineExecutionOrchestrator.execute(EngineExecutionOrchestrator.java:179)
	at org.junit.platform.launcher.core.EngineExecutionOrchestrator.execute(EngineExecutionOrchestrator.java:108)
	at org.junit.platform.launcher.core.EngineExecutionOrchestrator.lambda$execute$0(EngineExecutionOrchestrator.java:66)
	at org.junit.platform.launcher.core.EngineExecutionOrchestrator.withInterceptedStreams(EngineExecutionOrchestrator.java:157)
	at org.junit.platform.launcher.core.EngineExecutionOrchestrator.execute(EngineExecutionOrchestrator.java:65)
	at org.junit.platform.launcher.core.DefaultLauncher.execute(DefaultLauncher.java:125)
	at org.junit.platform.launcher.core.DefaultLauncher.execute(DefaultLauncher.java:114)
	at org.junit.platform.launcher.core.DelegatingLauncher.execute(DelegatingLauncher.java:58)
	at org.junit.platform.launcher.core.InterceptingLauncher.lambda$execute$2(InterceptingLauncher.java:57)
	at org.junit.platform.launcher.core.ClasspathAlignmentCheckingLauncherInterceptor.intercept(ClasspathAlignmentCheckingLauncherInterceptor.java:25)
	at org.junit.platform.launcher.core.InterceptingLauncher.execute(InterceptingLauncher.java:56)
	at org.junit.platform.launcher.core.DelegatingLauncher.execute(DelegatingLauncher.java:58)
	at java.base/jdk.internal.reflect.NativeMethodAccessorImpl.invoke0(Native Method)
	at java.base/jdk.internal.reflect.NativeMethodAccessorImpl.invoke(NativeMethodAccessorImpl.java:77)
	at java.base/jdk.internal.reflect.DelegatingMethodAccessorImpl.invoke(DelegatingMethodAccessorImpl.java:43)
	at java.base/java.lang.reflect.Method.invoke(Method.java:568)
	at org.apache.maven.surefire.api.util.ReflectionUtils.invokeMethodWithArray(ReflectionUtils.java:125)
	at org.apache.maven.surefire.junitplatform.LauncherAdapter.executeWithCancellationToken(LauncherAdapter.java:68)
	at org.apache.maven.surefire.junitplatform.LauncherAdapter.execute(LauncherAdapter.java:54)
	at org.apache.maven.surefire.junitplatform.JUnitPlatformProvider.execute(JUnitPlatformProvider.java:203)
	at org.apache.maven.surefire.junitplatform.JUnitPlatformProvider.invokeAllTests(JUnitPlatformProvider.java:168)
	at org.apache.maven.surefire.junitplatform.JUnitPlatformProvider.invoke(JUnitPlatformProvider.java:136)
	at org.apache.maven.surefire.booter.ForkedBooter.runSuitesInProcess(ForkedBooter.java:385)
	at org.apache.maven.surefire.booter.ForkedBooter.execute(ForkedBooter.java:162)
	at org.apache.maven.surefire.booter.ForkedBooter.run(ForkedBooter.java:507)
	at org.apache.maven.surefire.booter.ForkedBooter.main(ForkedBooter.java:495)
Caused by: io.lettuce.core.RedisConnectionException: Unable to connect to redis/<unresolved>:6379
	at io.lettuce.core.RedisConnectionException.create(RedisConnectionException.java:63)
	at io.lettuce.core.RedisConnectionException.create(RedisConnectionException.java:41)
	at io.lettuce.core.AbstractRedisClient.getConnection(AbstractRedisClient.java:352)
	at io.lettuce.core.RedisClient.connect(RedisClient.java:220)
	at org.springframework.data.redis.connection.lettuce.StandaloneConnectionProvider.lambda$getConnection$1(StandaloneConnectionProvider.java:113)
	at java.base/java.util.Optional.orElseGet(Optional.java:364)
	at org.springframework.data.redis.connection.lettuce.StandaloneConnectionProvider.getConnection(StandaloneConnectionProvider.java:113)
	at org.springframework.data.redis.connection.lettuce.LettuceConnectionFactory$ExceptionTranslatingConnectionProvider.getConnection(LettuceConnectionFactory.java:1797)
	... 206 common frames omitted
Caused by: java.net.UnknownHostException: Failed to resolve 'redis' [A(1), AAAA(28)] after 4 queries 
	at io.netty.resolver.dns.DnsResolveContext.finishResolve(DnsResolveContext.java:1137)
	at io.netty.resolver.dns.DnsResolveContext.tryToFinishResolve(DnsResolveContext.java:1084)
	at io.netty.resolver.dns.DnsResolveContext.query(DnsResolveContext.java:443)
	at io.netty.resolver.dns.DnsResolveContext.access$700(DnsResolveContext.java:69)
	at io.netty.resolver.dns.DnsResolveContext$2.operationComplete(DnsResolveContext.java:512)
	at io.netty.util.concurrent.DefaultPromise.notifyListener0(DefaultPromise.java:604)
	at io.netty.util.concurrent.DefaultPromise.notifyListeners0(DefaultPromise.java:597)
	at io.netty.util.concurrent.DefaultPromise.notifyListenersNow(DefaultPromise.java:573)
	at io.netty.util.concurrent.DefaultPromise.notifyListeners(DefaultPromise.java:506)
	at io.netty.util.concurrent.DefaultPromise.setValue0(DefaultPromise.java:650)
	at io.netty.util.concurrent.DefaultPromise.setFailure0(DefaultPromise.java:643)
	at io.netty.util.concurrent.DefaultPromise.tryFailure(DefaultPromise.java:132)
	at io.netty.resolver.dns.DnsQueryContext.finishFailure(DnsQueryContext.java:343)
	at io.netty.resolver.dns.DnsQueryContext$4.run(DnsQueryContext.java:278)
	at io.netty.util.concurrent.PromiseTask.runTask(PromiseTask.java:98)
	at io.netty.util.concurrent.ScheduledFutureTask.run(ScheduledFutureTask.java:160)
	at io.netty.util.concurrent.AbstractEventExecutor.runTask(AbstractEventExecutor.java:148)
	at io.netty.util.concurrent.AbstractEventExecutor.safeExecute(AbstractEventExecutor.java:141)
	at io.netty.util.concurrent.SingleThreadEventExecutor.runAllTasks(SingleThreadEventExecutor.java:535)
	at io.netty.channel.SingleThreadIoEventLoop.run(SingleThreadIoEventLoop.java:201)
	at io.netty.util.concurrent.SingleThreadEventExecutor$5.run(SingleThreadEventExecutor.java:1193)
	at io.netty.util.internal.ThreadExecutorMap$2.run(ThreadExecutorMap.java:74)
	at io.netty.util.concurrent.FastThreadLocalRunnable.run(FastThreadLocalRunnable.java:30)
	at java.base/java.lang.Thread.run(Thread.java:842)
Caused by: io.netty.resolver.dns.DnsNameResolverTimeoutException: [7931: /192.168.0.1:53] DefaultDnsQuestion(redis. IN AAAA) query '7931' via UDP timed out after 5000 milliseconds (no stack trace available)
2026-05-03 17:42:18.564 [main] WARN  c.e.s.a.i.h.GlobalExceptionHandler - MethodArgumentNotValidException: Validation failed for argument [0] in public org.springframework.http.ResponseEntity<com.example.springjpalab.adapter.input.dto.restaurant.RestaurantResponse> com.example.springjpalab.adapter.input.controller.RestaurantController.createRestaurant(com.example.springjpalab.adapter.input.dto.restaurant.RestaurantCreateRequest) with 2 errors: [Field error in object 'restaurantCreateRequest' on field 'address': rejected value []; codes [Size.restaurantCreateRequest.address,Size.address,Size.java.lang.String,Size]; arguments [org.springframework.context.support.DefaultMessageSourceResolvable: codes [restaurantCreateRequest.address,address]; arguments []; default message [address],2147483647,1]; default message [Address must be at least 1 character]] [Field error in object 'restaurantCreateRequest' on field 'address': rejected value []; codes [NotBlank.restaurantCreateRequest.address,NotBlank.address,NotBlank.java.lang.String,NotBlank]; arguments [org.springframework.context.support.DefaultMessageSourceResolvable: codes [restaurantCreateRequest.address,address]; arguments []; default message [address]]; default message [Address cannot be blank]] 
2026-05-03 17:42:18.587 [main] WARN  c.e.s.a.i.h.GlobalExceptionHandler - HttpMessageNotReadableException (invalid request body)
org.springframework.http.converter.HttpMessageNotReadableException: JSON parse error: Cannot construct instance of `com.example.springjpalab.adapter.input.dto.restaurant.RestaurantCreateRequest`, problem: Parameter specified as non-null is null: method com.example.springjpalab.adapter.input.dto.restaurant.RestaurantCreateRequest.<init>, parameter name
	at org.springframework.http.converter.AbstractJacksonHttpMessageConverter.readJavaType(AbstractJacksonHttpMessageConverter.java:366)
	at org.springframework.http.converter.AbstractJacksonHttpMessageConverter.read(AbstractJacksonHttpMessageConverter.java:322)
	at org.springframework.web.servlet.mvc.method.annotation.AbstractMessageConverterMethodArgumentResolver.readWithMessageConverters(AbstractMessageConverterMethodArgumentResolver.java:203)
	at org.springframework.web.servlet.mvc.method.annotation.RequestResponseBodyMethodProcessor.readWithMessageConverters(RequestResponseBodyMethodProcessor.java:175)
	at org.springframework.web.servlet.mvc.method.annotation.RequestResponseBodyMethodProcessor.resolveArgument(RequestResponseBodyMethodProcessor.java:150)
	at org.springframework.web.method.support.HandlerMethodArgumentResolverComposite.resolveArgument(HandlerMethodArgumentResolverComposite.java:122)
	at org.springframework.web.method.support.InvocableHandlerMethod.getMethodArgumentValues(InvocableHandlerMethod.java:230)
	at org.springframework.web.method.support.InvocableHandlerMethod.invokeForRequest(InvocableHandlerMethod.java:180)
	at org.springframework.web.servlet.mvc.method.annotation.ServletInvocableHandlerMethod.invokeAndHandle(ServletInvocableHandlerMethod.java:117)
	at org.springframework.web.servlet.mvc.method.annotation.RequestMappingHandlerAdapter.invokeHandlerMethod(RequestMappingHandlerAdapter.java:934)
	at org.springframework.web.servlet.mvc.method.annotation.RequestMappingHandlerAdapter.handleInternal(RequestMappingHandlerAdapter.java:853)
	at org.springframework.web.servlet.mvc.method.AbstractHandlerMethodAdapter.handle(AbstractHandlerMethodAdapter.java:86)
	at org.springframework.web.servlet.DispatcherServlet.doDispatch(DispatcherServlet.java:963)
	at org.springframework.web.servlet.DispatcherServlet.doService(DispatcherServlet.java:866)
	at org.springframework.web.servlet.FrameworkServlet.processRequest(FrameworkServlet.java:1003)
	at org.springframework.web.servlet.FrameworkServlet.doPost(FrameworkServlet.java:903)
	at jakarta.servlet.http.HttpServlet.service(HttpServlet.java:649)
	at org.springframework.web.servlet.FrameworkServlet.service(FrameworkServlet.java:874)
	at org.springframework.test.web.servlet.TestDispatcherServlet.service(TestDispatcherServlet.java:72)
	at jakarta.servlet.http.HttpServlet.service(HttpServlet.java:710)
	at org.springframework.mock.web.MockFilterChain$ServletFilterProxy.doFilter(MockFilterChain.java:160)
	at org.springframework.mock.web.MockFilterChain.doFilter(MockFilterChain.java:127)
	at org.springframework.web.filter.OncePerRequestFilter.doFilter(OncePerRequestFilter.java:110)
	at org.springframework.test.web.servlet.setup.MockMvcFilterDecorator.doFilter(MockMvcFilterDecorator.java:160)
	at org.springframework.mock.web.MockFilterChain.doFilter(MockFilterChain.java:127)
	at org.springframework.web.filter.CompositeFilter$VirtualFilterChain.doFilter(CompositeFilter.java:108)
	at org.springframework.security.web.FilterChainProxy.lambda$doFilterInternal$3(FilterChainProxy.java:235)
	at org.springframework.security.web.FilterChainProxy$VirtualFilterChain.doFilter(FilterChainProxy.java:371)
	at org.springframework.security.web.access.intercept.AuthorizationFilter.doFilter(AuthorizationFilter.java:101)
	at org.springframework.security.web.FilterChainProxy$VirtualFilterChain.doFilter(FilterChainProxy.java:380)
	at org.springframework.security.web.access.ExceptionTranslationFilter.doFilter(ExceptionTranslationFilter.java:126)
	at org.springframework.security.web.access.ExceptionTranslationFilter.doFilter(ExceptionTranslationFilter.java:120)
	at org.springframework.security.web.FilterChainProxy$VirtualFilterChain.doFilter(FilterChainProxy.java:380)
	at org.springframework.security.web.session.SessionManagementFilter.doFilter(SessionManagementFilter.java:132)
	at org.springframework.security.web.session.SessionManagementFilter.doFilter(SessionManagementFilter.java:86)
	at org.springframework.security.web.FilterChainProxy$VirtualFilterChain.doFilter(FilterChainProxy.java:380)
	at org.springframework.security.web.authentication.AnonymousAuthenticationFilter.doFilter(AnonymousAuthenticationFilter.java:100)
	at org.springframework.security.web.FilterChainProxy$VirtualFilterChain.doFilter(FilterChainProxy.java:380)
	at org.springframework.security.web.servletapi.SecurityContextHolderAwareRequestFilter.doFilter(SecurityContextHolderAwareRequestFilter.java:181)
	at org.springframework.security.web.FilterChainProxy$VirtualFilterChain.doFilter(FilterChainProxy.java:380)
	at org.springframework.security.web.savedrequest.RequestCacheAwareFilter.doFilter(RequestCacheAwareFilter.java:63)
	at org.springframework.security.web.FilterChainProxy$VirtualFilterChain.doFilter(FilterChainProxy.java:380)
	at com.example.springjpalab.security.JwtAuthenticationFilter.doFilterInternal(JwtAuthenticationFilter.kt:29)
	at org.springframework.web.filter.OncePerRequestFilter.doFilter(OncePerRequestFilter.java:116)
	at org.springframework.security.web.FilterChainProxy$VirtualFilterChain.doFilter(FilterChainProxy.java:380)
	at org.springframework.security.web.authentication.logout.LogoutFilter.doFilter(LogoutFilter.java:110)
	at org.springframework.security.web.authentication.logout.LogoutFilter.doFilter(LogoutFilter.java:96)
	at org.springframework.security.web.FilterChainProxy$VirtualFilterChain.doFilter(FilterChainProxy.java:380)
	at org.springframework.security.web.header.HeaderWriterFilter.doHeadersAfter(HeaderWriterFilter.java:90)
	at org.springframework.security.web.header.HeaderWriterFilter.doFilterInternal(HeaderWriterFilter.java:75)
	at org.springframework.web.filter.OncePerRequestFilter.doFilter(OncePerRequestFilter.java:116)
	at org.springframework.security.web.FilterChainProxy$VirtualFilterChain.doFilter(FilterChainProxy.java:380)
	at org.springframework.security.web.context.SecurityContextHolderFilter.doFilter(SecurityContextHolderFilter.java:82)
	at org.springframework.security.web.context.SecurityContextHolderFilter.doFilter(SecurityContextHolderFilter.java:69)
	at org.springframework.security.web.FilterChainProxy$VirtualFilterChain.doFilter(FilterChainProxy.java:380)
	at org.springframework.security.web.context.request.async.WebAsyncManagerIntegrationFilter.doFilterInternal(WebAsyncManagerIntegrationFilter.java:62)
	at org.springframework.web.filter.OncePerRequestFilter.doFilter(OncePerRequestFilter.java:116)
	at org.springframework.security.web.FilterChainProxy$VirtualFilterChain.doFilter(FilterChainProxy.java:380)
	at org.springframework.security.web.session.DisableEncodeUrlFilter.doFilterInternal(DisableEncodeUrlFilter.java:42)
	at org.springframework.web.filter.OncePerRequestFilter.doFilter(OncePerRequestFilter.java:116)
	at org.springframework.security.web.FilterChainProxy$VirtualFilterChain.doFilter(FilterChainProxy.java:380)
	at org.springframework.security.web.FilterChainProxy.doFilterInternal(FilterChainProxy.java:237)
	at org.springframework.security.web.FilterChainProxy.doFilter(FilterChainProxy.java:195)
	at org.springframework.web.filter.CompositeFilter$VirtualFilterChain.doFilter(CompositeFilter.java:113)
	at org.springframework.web.filter.ServletRequestPathFilter.doFilter(ServletRequestPathFilter.java:52)
	at org.springframework.web.filter.CompositeFilter$VirtualFilterChain.doFilter(CompositeFilter.java:113)
	at org.springframework.web.filter.CompositeFilter.doFilter(CompositeFilter.java:74)
	at org.springframework.security.config.annotation.web.configuration.WebSecurityConfiguration$CompositeFilterChainProxy.doFilter(WebSecurityConfiguration.java:317)
	at org.springframework.web.filter.DelegatingFilterProxy.invokeDelegate(DelegatingFilterProxy.java:355)
	at org.springframework.web.filter.DelegatingFilterProxy.doFilter(DelegatingFilterProxy.java:272)
	at org.springframework.test.web.servlet.setup.MockMvcFilterDecorator.doFilter(MockMvcFilterDecorator.java:160)
	at org.springframework.mock.web.MockFilterChain.doFilter(MockFilterChain.java:127)
	at org.springframework.web.filter.RequestContextFilter.doFilterInternal(RequestContextFilter.java:100)
	at org.springframework.web.filter.OncePerRequestFilter.doFilter(OncePerRequestFilter.java:116)
	at org.springframework.test.web.servlet.setup.MockMvcFilterDecorator.doFilter(MockMvcFilterDecorator.java:160)
	at org.springframework.mock.web.MockFilterChain.doFilter(MockFilterChain.java:127)
	at org.springframework.web.filter.FormContentFilter.doFilterInternal(FormContentFilter.java:93)
	at org.springframework.web.filter.OncePerRequestFilter.doFilter(OncePerRequestFilter.java:116)
	at org.springframework.test.web.servlet.setup.MockMvcFilterDecorator.doFilter(MockMvcFilterDecorator.java:160)
	at org.springframework.mock.web.MockFilterChain.doFilter(MockFilterChain.java:127)
	at org.springframework.web.filter.CharacterEncodingFilter.doFilterInternal(CharacterEncodingFilter.java:199)
	at org.springframework.web.filter.OncePerRequestFilter.doFilter(OncePerRequestFilter.java:116)
	at org.springframework.test.web.servlet.setup.MockMvcFilterDecorator.doFilter(MockMvcFilterDecorator.java:160)
	at org.springframework.mock.web.MockFilterChain.doFilter(MockFilterChain.java:127)
	at org.springframework.test.web.servlet.MockMvc.perform(MockMvc.java:199)
	at com.example.springjpalab.controller.RestaurantIntegrationTest.POST restaurant с невалидным body возвращает 400(RestaurantIntegrationTest.kt:117)
	at java.base/jdk.internal.reflect.NativeMethodAccessorImpl.invoke0(Native Method)
	at java.base/jdk.internal.reflect.NativeMethodAccessorImpl.invoke(NativeMethodAccessorImpl.java:77)
	at java.base/jdk.internal.reflect.DelegatingMethodAccessorImpl.invoke(DelegatingMethodAccessorImpl.java:43)
	at java.base/java.lang.reflect.Method.invoke(Method.java:568)
	at org.junit.platform.commons.util.ReflectionUtils.invokeMethod(ReflectionUtils.java:701)
	at org.junit.platform.commons.support.ReflectionSupport.invokeMethod(ReflectionSupport.java:502)
	at org.junit.jupiter.engine.support.MethodReflectionUtils.invoke(MethodReflectionUtils.java:45)
	at org.junit.jupiter.engine.execution.MethodInvocation.proceed(MethodInvocation.java:61)
	at org.junit.jupiter.engine.execution.InvocationInterceptorChain$ValidatingInvocation.proceed(InvocationInterceptorChain.java:124)
	at org.junit.jupiter.engine.extension.TimeoutExtension.intercept(TimeoutExtension.java:163)
	at org.junit.jupiter.engine.extension.TimeoutExtension.interceptTestableMethod(TimeoutExtension.java:148)
	at org.junit.jupiter.engine.extension.TimeoutExtension.interceptTestMethod(TimeoutExtension.java:86)
	at org.junit.jupiter.engine.execution.InterceptingExecutableInvoker$ReflectiveInterceptorCall.lambda$ofVoidMethod$0(InterceptingExecutableInvoker.java:123)
	at org.junit.jupiter.engine.execution.InterceptingExecutableInvoker.lambda$invoke$0(InterceptingExecutableInvoker.java:105)
	at org.junit.jupiter.engine.execution.InvocationInterceptorChain$InterceptedInvocation.proceed(InvocationInterceptorChain.java:99)
	at org.junit.jupiter.engine.execution.InvocationInterceptorChain.proceed(InvocationInterceptorChain.java:66)
	at org.junit.jupiter.engine.execution.InvocationInterceptorChain.chainAndInvoke(InvocationInterceptorChain.java:47)
	at org.junit.jupiter.engine.execution.InvocationInterceptorChain.invoke(InvocationInterceptorChain.java:39)
	at org.junit.jupiter.engine.execution.InterceptingExecutableInvoker.invoke(InterceptingExecutableInvoker.java:104)
	at org.junit.jupiter.engine.execution.InterceptingExecutableInvoker.invoke(InterceptingExecutableInvoker.java:98)
	at org.junit.jupiter.engine.execution.InterceptingExecutableInvoker.invokeVoid(InterceptingExecutableInvoker.java:71)
	at org.junit.jupiter.engine.descriptor.TestMethodTestDescriptor.lambda$invokeTestMethod$0(TestMethodTestDescriptor.java:219)
	at org.junit.platform.engine.support.hierarchical.ThrowableCollector.execute(ThrowableCollector.java:74)
	at org.junit.jupiter.engine.descriptor.TestMethodTestDescriptor.invokeTestMethod(TestMethodTestDescriptor.java:215)
	at org.junit.jupiter.engine.descriptor.TestMethodTestDescriptor.execute(TestMethodTestDescriptor.java:157)
	at org.junit.jupiter.engine.descriptor.TestMethodTestDescriptor.execute(TestMethodTestDescriptor.java:70)
	at org.junit.platform.engine.support.hierarchical.NodeTestTask.lambda$executeRecursively$2(NodeTestTask.java:176)
	at org.junit.platform.engine.support.hierarchical.ThrowableCollector.execute(ThrowableCollector.java:74)
	at org.junit.platform.engine.support.hierarchical.NodeTestTask.lambda$executeRecursively$1(NodeTestTask.java:166)
	at org.junit.platform.engine.support.hierarchical.Node.around(Node.java:138)
	at org.junit.platform.engine.support.hierarchical.NodeTestTask.lambda$executeRecursively$0(NodeTestTask.java:164)
	at org.junit.platform.engine.support.hierarchical.ThrowableCollector.execute(ThrowableCollector.java:74)
	at org.junit.platform.engine.support.hierarchical.NodeTestTask.executeRecursively(NodeTestTask.java:163)
	at org.junit.platform.engine.support.hierarchical.NodeTestTask.execute(NodeTestTask.java:116)
	at java.base/java.util.ArrayList.forEach(ArrayList.java:1511)
	at org.junit.platform.engine.support.hierarchical.SameThreadHierarchicalTestExecutorService.invokeAll(SameThreadHierarchicalTestExecutorService.java:42)
	at org.junit.platform.engine.support.hierarchical.NodeTestTask.lambda$executeRecursively$2(NodeTestTask.java:180)
	at org.junit.platform.engine.support.hierarchical.ThrowableCollector.execute(ThrowableCollector.java:74)
	at org.junit.platform.engine.support.hierarchical.NodeTestTask.lambda$executeRecursively$1(NodeTestTask.java:166)
	at org.junit.platform.engine.support.hierarchical.Node.around(Node.java:138)
	at org.junit.platform.engine.support.hierarchical.NodeTestTask.lambda$executeRecursively$0(NodeTestTask.java:164)
	at org.junit.platform.engine.support.hierarchical.ThrowableCollector.execute(ThrowableCollector.java:74)
	at org.junit.platform.engine.support.hierarchical.NodeTestTask.executeRecursively(NodeTestTask.java:163)
	at org.junit.platform.engine.support.hierarchical.NodeTestTask.execute(NodeTestTask.java:116)
	at java.base/java.util.ArrayList.forEach(ArrayList.java:1511)
	at org.junit.platform.engine.support.hierarchical.SameThreadHierarchicalTestExecutorService.invokeAll(SameThreadHierarchicalTestExecutorService.java:42)
	at org.junit.platform.engine.support.hierarchical.NodeTestTask.lambda$executeRecursively$2(NodeTestTask.java:180)
	at org.junit.platform.engine.support.hierarchical.ThrowableCollector.execute(ThrowableCollector.java:74)
	at org.junit.platform.engine.support.hierarchical.NodeTestTask.lambda$executeRecursively$1(NodeTestTask.java:166)
	at org.junit.platform.engine.support.hierarchical.Node.around(Node.java:138)
	at org.junit.platform.engine.support.hierarchical.NodeTestTask.lambda$executeRecursively$0(NodeTestTask.java:164)
	at org.junit.platform.engine.support.hierarchical.ThrowableCollector.execute(ThrowableCollector.java:74)
	at org.junit.platform.engine.support.hierarchical.NodeTestTask.executeRecursively(NodeTestTask.java:163)
	at org.junit.platform.engine.support.hierarchical.NodeTestTask.execute(NodeTestTask.java:116)
	at org.junit.platform.engine.support.hierarchical.SameThreadHierarchicalTestExecutorService.submit(SameThreadHierarchicalTestExecutorService.java:36)
	at org.junit.platform.engine.support.hierarchical.HierarchicalTestExecutor.execute(HierarchicalTestExecutor.java:52)
	at org.junit.platform.engine.support.hierarchical.HierarchicalTestEngine.execute(HierarchicalTestEngine.java:58)
	at org.junit.platform.launcher.core.EngineExecutionOrchestrator.executeEngine(EngineExecutionOrchestrator.java:246)
	at org.junit.platform.launcher.core.EngineExecutionOrchestrator.failOrExecuteEngine(EngineExecutionOrchestrator.java:218)
	at org.junit.platform.launcher.core.EngineExecutionOrchestrator.execute(EngineExecutionOrchestrator.java:179)
	at org.junit.platform.launcher.core.EngineExecutionOrchestrator.execute(EngineExecutionOrchestrator.java:108)
	at org.junit.platform.launcher.core.EngineExecutionOrchestrator.lambda$execute$0(EngineExecutionOrchestrator.java:66)
	at org.junit.platform.launcher.core.EngineExecutionOrchestrator.withInterceptedStreams(EngineExecutionOrchestrator.java:157)
	at org.junit.platform.launcher.core.EngineExecutionOrchestrator.execute(EngineExecutionOrchestrator.java:65)
	at org.junit.platform.launcher.core.DefaultLauncher.execute(DefaultLauncher.java:125)
	at org.junit.platform.launcher.core.DefaultLauncher.execute(DefaultLauncher.java:114)
	at org.junit.platform.launcher.core.DelegatingLauncher.execute(DelegatingLauncher.java:58)
	at org.junit.platform.launcher.core.InterceptingLauncher.lambda$execute$2(InterceptingLauncher.java:57)
	at org.junit.platform.launcher.core.ClasspathAlignmentCheckingLauncherInterceptor.intercept(ClasspathAlignmentCheckingLauncherInterceptor.java:25)
	at org.junit.platform.launcher.core.InterceptingLauncher.execute(InterceptingLauncher.java:56)
	at org.junit.platform.launcher.core.DelegatingLauncher.execute(DelegatingLauncher.java:58)
	at java.base/jdk.internal.reflect.NativeMethodAccessorImpl.invoke0(Native Method)
	at java.base/jdk.internal.reflect.NativeMethodAccessorImpl.invoke(NativeMethodAccessorImpl.java:77)
	at java.base/jdk.internal.reflect.DelegatingMethodAccessorImpl.invoke(DelegatingMethodAccessorImpl.java:43)
	at java.base/java.lang.reflect.Method.invoke(Method.java:568)
	at org.apache.maven.surefire.api.util.ReflectionUtils.invokeMethodWithArray(ReflectionUtils.java:125)
	at org.apache.maven.surefire.junitplatform.LauncherAdapter.executeWithCancellationToken(LauncherAdapter.java:68)
	at org.apache.maven.surefire.junitplatform.LauncherAdapter.execute(LauncherAdapter.java:54)
	at org.apache.maven.surefire.junitplatform.JUnitPlatformProvider.execute(JUnitPlatformProvider.java:203)
	at org.apache.maven.surefire.junitplatform.JUnitPlatformProvider.invokeAllTests(JUnitPlatformProvider.java:168)
	at org.apache.maven.surefire.junitplatform.JUnitPlatformProvider.invoke(JUnitPlatformProvider.java:136)
	at org.apache.maven.surefire.booter.ForkedBooter.runSuitesInProcess(ForkedBooter.java:385)
	at org.apache.maven.surefire.booter.ForkedBooter.execute(ForkedBooter.java:162)
	at org.apache.maven.surefire.booter.ForkedBooter.run(ForkedBooter.java:507)
	at org.apache.maven.surefire.booter.ForkedBooter.main(ForkedBooter.java:495)
Caused by: tools.jackson.databind.exc.ValueInstantiationException: Cannot construct instance of `com.example.springjpalab.adapter.input.dto.restaurant.RestaurantCreateRequest`, problem: Parameter specified as non-null is null: method com.example.springjpalab.adapter.input.dto.restaurant.RestaurantCreateRequest.<init>, parameter name
 at [Source: REDACTED (`StreamReadFeature.INCLUDE_SOURCE_IN_LOCATION` disabled); byte offset: #1]
	at tools.jackson.databind.exc.ValueInstantiationException.from(ValueInstantiationException.java:44)
	at tools.jackson.databind.DeserializationContext.instantiationException(DeserializationContext.java:2080)
	at tools.jackson.databind.deser.std.StdValueInstantiator.wrapAsDatabindException(StdValueInstantiator.java:581)
	at tools.jackson.databind.deser.std.StdValueInstantiator.rewrapCtorProblem(StdValueInstantiator.java:602)
	at tools.jackson.databind.deser.std.StdValueInstantiator.createFromObjectWith(StdValueInstantiator.java:289)
	at tools.jackson.databind.deser.ValueInstantiator.createFromObjectWith(ValueInstantiator.java:270)
	at tools.jackson.databind.deser.bean.PropertyBasedCreator.build(PropertyBasedCreator.java:252)
	at tools.jackson.databind.deser.bean.BeanDeserializer._deserializeUsingPropertyBased(BeanDeserializer.java:697)
	at tools.jackson.databind.deser.bean.BeanDeserializerBase.deserializeFromObjectUsingNonDefault(BeanDeserializerBase.java:1417)
	at tools.jackson.databind.deser.bean.BeanDeserializer.deserializeFromObject(BeanDeserializer.java:480)
	at tools.jackson.databind.deser.bean.BeanDeserializer.deserialize(BeanDeserializer.java:200)
	at tools.jackson.databind.deser.DeserializationContextExt.readRootValue(DeserializationContextExt.java:265)
	at tools.jackson.databind.ObjectReader._bindAndClose(ObjectReader.java:1646)
	at tools.jackson.databind.ObjectReader.readValue(ObjectReader.java:1171)
	at org.springframework.http.converter.AbstractJacksonHttpMessageConverter.readJavaType(AbstractJacksonHttpMessageConverter.java:355)
	... 170 common frames omitted
Caused by: java.lang.NullPointerException: Parameter specified as non-null is null: method com.example.springjpalab.adapter.input.dto.restaurant.RestaurantCreateRequest.<init>, parameter name
	at com.example.springjpalab.adapter.input.dto.restaurant.RestaurantCreateRequest.<init>(RestaurantCreateRequest.kt)
	at java.base/java.lang.invoke.MethodHandle.invokeWithArguments(MethodHandle.java:732)
	at tools.jackson.databind.introspect.AnnotatedConstructor.call(AnnotatedConstructor.java:113)
	at tools.jackson.databind.deser.std.StdValueInstantiator.createFromObjectWith(StdValueInstantiator.java:287)
	... 180 common frames omitted
2026-05-03 17:42:18.611 [main] DEBUG org.hibernate.SQL - select rje1_0.id,rje1_0.address,rje1_0.name from restaurants rje1_0 where rje1_0.name=?
2026-05-03 17:42:18.619 [main] DEBUG org.hibernate.SQL - insert into restaurants (address,name) values (?,?)
2026-05-03 17:42:18.628 [main] INFO  c.e.s.a.service.RestaurantService - Создан ресторан: id=5, name=Тест
2026-05-03 17:42:23.729 [main] DEBUG org.hibernate.SQL - select rje1_0.id,rje1_0.address,rje1_0.name from restaurants rje1_0 where rje1_0.name=?
2026-05-03 17:42:23.735 [main] DEBUG org.hibernate.SQL - insert into restaurants (address,name) values (?,?)
2026-05-03 17:42:23.745 [main] INFO  c.e.s.a.service.RestaurantService - Создан ресторан: id=6, name=First1
2026-05-03 17:42:33.761 [main] DEBUG org.hibernate.SQL - select rje1_0.id,rje1_0.address,rje1_0.name from restaurants rje1_0 where rje1_0.name=?
2026-05-03 17:42:33.766 [main] DEBUG org.hibernate.SQL - select d1_0.restaurant_id,d1_0.id,d1_0.description,d1_0.is_available,d1_0.name,d1_0.price from dishes d1_0 where d1_0.restaurant_id=?
2026-05-03 17:42:33.772 [main] WARN  c.e.s.a.service.RestaurantService - Ресторан 'First1' уже существует
2026-05-03 17:42:33.775 [main] WARN  c.e.s.a.i.h.GlobalExceptionHandler - Ресторан 'First1' уже существует
2026-05-03 17:42:33.789 [main] DEBUG org.hibernate.SQL - select rje1_0.id,rje1_0.address,rje1_0.name from restaurants rje1_0 where rje1_0.name=?
2026-05-03 17:42:33.794 [main] DEBUG org.hibernate.SQL - insert into restaurants (address,name) values (?,?)
2026-05-03 17:42:33.801 [main] INFO  c.e.s.a.service.RestaurantService - Создан ресторан: id=7, name=Old Name 1777804953785
2026-05-03 17:42:38.899 [main] INFO  c.e.s.a.service.RestaurantService - Промах кэша restaurants.findById для id=7: загружаем из репозитория
2026-05-03 17:42:38.902 [main] DEBUG org.hibernate.SQL - select rje1_0.id,rje1_0.address,d1_0.restaurant_id,d1_0.id,d1_0.description,d1_0.is_available,d1_0.name,d1_0.price,rje1_0.name from restaurants rje1_0 left join dishes d1_0 on rje1_0.id=d1_0.restaurant_id where rje1_0.id=?
2026-05-03 17:42:38.911 [main] DEBUG org.hibernate.SQL - update restaurants set address=?,name=? where id=?
2026-05-03 17:42:38.917 [main] INFO  c.e.s.a.service.RestaurantService - Обновлен ресторан: id=7, name=New Name
2026-05-03 17:42:44.039 [main] DEBUG org.hibernate.SQL - select rje1_0.id,rje1_0.address,rje1_0.name from restaurants rje1_0 where rje1_0.name=?
2026-05-03 17:42:44.045 [main] DEBUG org.hibernate.SQL - insert into restaurants (address,name) values (?,?)
2026-05-03 17:42:44.052 [main] INFO  c.e.s.a.service.RestaurantService - Создан ресторан: id=8, name=ToDelete1
2026-05-03 17:42:49.147 [main] DEBUG org.hibernate.SQL - select rje1_0.id,rje1_0.address,rje1_0.name from restaurants rje1_0 where rje1_0.name=?
2026-05-03 17:42:49.152 [main] DEBUG org.hibernate.SQL - insert into restaurants (address,name) values (?,?)
2026-05-03 17:42:49.159 [main] INFO  c.e.s.a.service.RestaurantService - Создан ресторан: id=9, name=ToDelete2
2026-05-03 17:42:54.271 [main] DEBUG org.hibernate.SQL - select count(*) from restaurants rje1_0 where rje1_0.id=?
2026-05-03 17:42:54.279 [main] DEBUG org.hibernate.SQL - select rje1_0.id,rje1_0.address,rje1_0.name from restaurants rje1_0 where rje1_0.id=?
2026-05-03 17:42:54.287 [main] DEBUG org.hibernate.SQL - select d1_0.restaurant_id,d1_0.id,d1_0.description,d1_0.is_available,d1_0.name,d1_0.price from dishes d1_0 where d1_0.restaurant_id=?
2026-05-03 17:42:54.302 [main] DEBUG org.hibernate.SQL - delete from restaurants where id=?
2026-05-03 17:42:54.316 [main] INFO  c.e.s.a.service.RestaurantService - Удален ресторан: id=8
2026-05-03 17:42:59.415 [main] DEBUG org.hibernate.SQL - select count(*) from restaurants rje1_0 where rje1_0.id=?
2026-05-03 17:42:59.423 [main] DEBUG org.hibernate.SQL - select rje1_0.id,rje1_0.address,rje1_0.name from restaurants rje1_0 where rje1_0.id=?
2026-05-03 17:42:59.426 [main] DEBUG org.hibernate.SQL - select d1_0.restaurant_id,d1_0.id,d1_0.description,d1_0.is_available,d1_0.name,d1_0.price from dishes d1_0 where d1_0.restaurant_id=?
2026-05-03 17:42:59.430 [main] DEBUG org.hibernate.SQL - delete from restaurants where id=?
2026-05-03 17:42:59.437 [main] INFO  c.e.s.a.service.RestaurantService - Удален ресторан: id=9
2026-05-03 17:43:09.618 [main] ERROR c.e.s.a.i.h.GlobalExceptionHandler - Непредвиденная ошибка
org.springframework.data.redis.RedisConnectionFailureException: Unable to connect to Redis
	at org.springframework.data.redis.connection.lettuce.LettuceConnectionFactory$ExceptionTranslatingConnectionProvider.translateException(LettuceConnectionFactory.java:1868)
	at org.springframework.data.redis.connection.lettuce.LettuceConnectionFactory$ExceptionTranslatingConnectionProvider.getConnection(LettuceConnectionFactory.java:1799)
	at org.springframework.data.redis.connection.lettuce.LettuceConnectionFactory$SharedConnection.getNativeConnection(LettuceConnectionFactory.java:1596)
	at org.springframework.data.redis.connection.lettuce.LettuceConnectionFactory$SharedConnection.lambda$getConnection$0(LettuceConnectionFactory.java:1576)
	at org.springframework.data.redis.connection.lettuce.LettuceConnectionFactory.doInLock(LettuceConnectionFactory.java:1537)
	at org.springframework.data.redis.connection.lettuce.LettuceConnectionFactory$SharedConnection.getConnection(LettuceConnectionFactory.java:1573)
	at org.springframework.data.redis.connection.lettuce.LettuceConnectionFactory.getSharedConnection(LettuceConnectionFactory.java:1258)
	at org.springframework.data.redis.connection.lettuce.LettuceConnectionFactory.getConnection(LettuceConnectionFactory.java:1054)
	at org.springframework.data.redis.cache.DefaultRedisCacheWriter.execute(DefaultRedisCacheWriter.java:539)
	at org.springframework.data.redis.cache.DefaultRedisCacheWriter.get(DefaultRedisCacheWriter.java:245)
	at org.springframework.data.redis.cache.DefaultRedisCacheWriter.get(DefaultRedisCacheWriter.java:236)
	at org.springframework.data.redis.cache.RedisCache.lookup(RedisCache.java:186)
	at org.springframework.cache.support.AbstractValueAdaptingCache.get(AbstractValueAdaptingCache.java:58)
	at org.springframework.cache.interceptor.AbstractCacheInvoker.doGet(AbstractCacheInvoker.java:78)
	at org.springframework.cache.interceptor.CacheAspectSupport.findInCaches(CacheAspectSupport.java:563)
	at org.springframework.cache.interceptor.CacheAspectSupport.findCachedValue(CacheAspectSupport.java:513)
	at org.springframework.cache.interceptor.CacheAspectSupport.execute(CacheAspectSupport.java:438)
	at org.springframework.cache.interceptor.CacheAspectSupport.execute(CacheAspectSupport.java:404)
	at org.springframework.cache.interceptor.CacheInterceptor.invoke(CacheInterceptor.java:64)
	at org.springframework.aop.framework.ReflectiveMethodInvocation.proceed(ReflectiveMethodInvocation.java:179)
	at org.springframework.aop.framework.CglibAopProxy$DynamicAdvisedInterceptor.intercept(CglibAopProxy.java:719)
	at com.example.springjpalab.application.service.RestaurantService$$SpringCGLIB$$0.findById(<generated>)
	at com.example.springjpalab.adapter.input.controller.RestaurantController.getRestaurantById(RestaurantController.kt:195)
	at java.base/jdk.internal.reflect.NativeMethodAccessorImpl.invoke0(Native Method)
	at java.base/jdk.internal.reflect.NativeMethodAccessorImpl.invoke(NativeMethodAccessorImpl.java:77)
	at java.base/jdk.internal.reflect.DelegatingMethodAccessorImpl.invoke(DelegatingMethodAccessorImpl.java:43)
	at java.base/java.lang.reflect.Method.invoke(Method.java:568)
	at org.springframework.aop.support.AopUtils.invokeJoinpointUsingReflection(AopUtils.java:359)
	at org.springframework.aop.framework.ReflectiveMethodInvocation.invokeJoinpoint(ReflectiveMethodInvocation.java:190)
	at org.springframework.aop.framework.ReflectiveMethodInvocation.proceed(ReflectiveMethodInvocation.java:158)
	at org.springframework.validation.beanvalidation.MethodValidationInterceptor.invoke(MethodValidationInterceptor.java:171)
	at org.springframework.aop.framework.ReflectiveMethodInvocation.proceed(ReflectiveMethodInvocation.java:179)
	at org.springframework.aop.framework.CglibAopProxy$DynamicAdvisedInterceptor.intercept(CglibAopProxy.java:719)
	at com.example.springjpalab.adapter.input.controller.RestaurantController$$SpringCGLIB$$0.getRestaurantById(<generated>)
	at java.base/jdk.internal.reflect.NativeMethodAccessorImpl.invoke0(Native Method)
	at java.base/jdk.internal.reflect.NativeMethodAccessorImpl.invoke(NativeMethodAccessorImpl.java:77)
	at java.base/jdk.internal.reflect.DelegatingMethodAccessorImpl.invoke(DelegatingMethodAccessorImpl.java:43)
	at java.base/java.lang.reflect.Method.invoke(Method.java:568)
	at kotlin.reflect.jvm.internal.calls.CallerImpl$Method.callMethod(CallerImpl.kt:97)
	at kotlin.reflect.jvm.internal.calls.CallerImpl$Method$Instance.call(CallerImpl.kt:113)
	at kotlin.reflect.jvm.internal.KCallableImpl.callDefaultMethod$kotlin_reflection(KCallableImpl.kt:250)
	at kotlin.reflect.jvm.internal.KCallableImpl.callBy(KCallableImpl.kt:155)
	at org.springframework.web.method.support.InvocableHandlerMethod$KotlinDelegate.invokeFunction(InvocableHandlerMethod.java:336)
	at org.springframework.web.method.support.InvocableHandlerMethod.doInvoke(InvocableHandlerMethod.java:256)
	at org.springframework.web.method.support.InvocableHandlerMethod.invokeForRequest(InvocableHandlerMethod.java:190)
	at org.springframework.web.servlet.mvc.method.annotation.ServletInvocableHandlerMethod.invokeAndHandle(ServletInvocableHandlerMethod.java:117)
	at org.springframework.web.servlet.mvc.method.annotation.RequestMappingHandlerAdapter.invokeHandlerMethod(RequestMappingHandlerAdapter.java:934)
	at org.springframework.web.servlet.mvc.method.annotation.RequestMappingHandlerAdapter.handleInternal(RequestMappingHandlerAdapter.java:853)
	at org.springframework.web.servlet.mvc.method.AbstractHandlerMethodAdapter.handle(AbstractHandlerMethodAdapter.java:86)
	at org.springframework.web.servlet.DispatcherServlet.doDispatch(DispatcherServlet.java:963)
	at org.springframework.web.servlet.DispatcherServlet.doService(DispatcherServlet.java:866)
	at org.springframework.web.servlet.FrameworkServlet.processRequest(FrameworkServlet.java:1003)
	at org.springframework.web.servlet.FrameworkServlet.doGet(FrameworkServlet.java:892)
	at jakarta.servlet.http.HttpServlet.service(HttpServlet.java:622)
	at org.springframework.web.servlet.FrameworkServlet.service(FrameworkServlet.java:874)
	at org.springframework.test.web.servlet.TestDispatcherServlet.service(TestDispatcherServlet.java:72)
	at jakarta.servlet.http.HttpServlet.service(HttpServlet.java:710)
	at org.springframework.mock.web.MockFilterChain$ServletFilterProxy.doFilter(MockFilterChain.java:160)
	at org.springframework.mock.web.MockFilterChain.doFilter(MockFilterChain.java:127)
	at org.springframework.web.filter.OncePerRequestFilter.doFilter(OncePerRequestFilter.java:110)
	at org.springframework.test.web.servlet.setup.MockMvcFilterDecorator.doFilter(MockMvcFilterDecorator.java:160)
	at org.springframework.mock.web.MockFilterChain.doFilter(MockFilterChain.java:127)
	at org.springframework.web.filter.CompositeFilter$VirtualFilterChain.doFilter(CompositeFilter.java:108)
	at org.springframework.security.web.FilterChainProxy.lambda$doFilterInternal$3(FilterChainProxy.java:235)
	at org.springframework.security.web.FilterChainProxy$VirtualFilterChain.doFilter(FilterChainProxy.java:371)
	at org.springframework.security.web.access.intercept.AuthorizationFilter.doFilter(AuthorizationFilter.java:101)
	at org.springframework.security.web.FilterChainProxy$VirtualFilterChain.doFilter(FilterChainProxy.java:380)
	at org.springframework.security.web.access.ExceptionTranslationFilter.doFilter(ExceptionTranslationFilter.java:126)
	at org.springframework.security.web.access.ExceptionTranslationFilter.doFilter(ExceptionTranslationFilter.java:120)
	at org.springframework.security.web.FilterChainProxy$VirtualFilterChain.doFilter(FilterChainProxy.java:380)
	at org.springframework.security.web.session.SessionManagementFilter.doFilter(SessionManagementFilter.java:132)
	at org.springframework.security.web.session.SessionManagementFilter.doFilter(SessionManagementFilter.java:86)
	at org.springframework.security.web.FilterChainProxy$VirtualFilterChain.doFilter(FilterChainProxy.java:380)
	at org.springframework.security.web.authentication.AnonymousAuthenticationFilter.doFilter(AnonymousAuthenticationFilter.java:100)
	at org.springframework.security.web.FilterChainProxy$VirtualFilterChain.doFilter(FilterChainProxy.java:380)
	at org.springframework.security.web.servletapi.SecurityContextHolderAwareRequestFilter.doFilter(SecurityContextHolderAwareRequestFilter.java:181)
	at org.springframework.security.web.FilterChainProxy$VirtualFilterChain.doFilter(FilterChainProxy.java:380)
	at org.springframework.security.web.savedrequest.RequestCacheAwareFilter.doFilter(RequestCacheAwareFilter.java:63)
	at org.springframework.security.web.FilterChainProxy$VirtualFilterChain.doFilter(FilterChainProxy.java:380)
	at com.example.springjpalab.security.JwtAuthenticationFilter.doFilterInternal(JwtAuthenticationFilter.kt:29)
	at org.springframework.web.filter.OncePerRequestFilter.doFilter(OncePerRequestFilter.java:116)
	at org.springframework.security.web.FilterChainProxy$VirtualFilterChain.doFilter(FilterChainProxy.java:380)
	at org.springframework.security.web.authentication.logout.LogoutFilter.doFilter(LogoutFilter.java:110)
	at org.springframework.security.web.authentication.logout.LogoutFilter.doFilter(LogoutFilter.java:96)
	at org.springframework.security.web.FilterChainProxy$VirtualFilterChain.doFilter(FilterChainProxy.java:380)
	at org.springframework.security.web.header.HeaderWriterFilter.doHeadersAfter(HeaderWriterFilter.java:90)
	at org.springframework.security.web.header.HeaderWriterFilter.doFilterInternal(HeaderWriterFilter.java:75)
	at org.springframework.web.filter.OncePerRequestFilter.doFilter(OncePerRequestFilter.java:116)
	at org.springframework.security.web.FilterChainProxy$VirtualFilterChain.doFilter(FilterChainProxy.java:380)
	at org.springframework.security.web.context.SecurityContextHolderFilter.doFilter(SecurityContextHolderFilter.java:82)
	at org.springframework.security.web.context.SecurityContextHolderFilter.doFilter(SecurityContextHolderFilter.java:69)
	at org.springframework.security.web.FilterChainProxy$VirtualFilterChain.doFilter(FilterChainProxy.java:380)
	at org.springframework.security.web.context.request.async.WebAsyncManagerIntegrationFilter.doFilterInternal(WebAsyncManagerIntegrationFilter.java:62)
	at org.springframework.web.filter.OncePerRequestFilter.doFilter(OncePerRequestFilter.java:116)
	at org.springframework.security.web.FilterChainProxy$VirtualFilterChain.doFilter(FilterChainProxy.java:380)
	at org.springframework.security.web.session.DisableEncodeUrlFilter.doFilterInternal(DisableEncodeUrlFilter.java:42)
	at org.springframework.web.filter.OncePerRequestFilter.doFilter(OncePerRequestFilter.java:116)
	at org.springframework.security.web.FilterChainProxy$VirtualFilterChain.doFilter(FilterChainProxy.java:380)
	at org.springframework.security.web.FilterChainProxy.doFilterInternal(FilterChainProxy.java:237)
	at org.springframework.security.web.FilterChainProxy.doFilter(FilterChainProxy.java:195)
	at org.springframework.web.filter.CompositeFilter$VirtualFilterChain.doFilter(CompositeFilter.java:113)
	at org.springframework.web.filter.ServletRequestPathFilter.doFilter(ServletRequestPathFilter.java:52)
	at org.springframework.web.filter.CompositeFilter$VirtualFilterChain.doFilter(CompositeFilter.java:113)
	at org.springframework.web.filter.CompositeFilter.doFilter(CompositeFilter.java:74)
	at org.springframework.security.config.annotation.web.configuration.WebSecurityConfiguration$CompositeFilterChainProxy.doFilter(WebSecurityConfiguration.java:317)
	at org.springframework.web.filter.DelegatingFilterProxy.invokeDelegate(DelegatingFilterProxy.java:355)
	at org.springframework.web.filter.DelegatingFilterProxy.doFilter(DelegatingFilterProxy.java:272)
	at org.springframework.test.web.servlet.setup.MockMvcFilterDecorator.doFilter(MockMvcFilterDecorator.java:160)
	at org.springframework.mock.web.MockFilterChain.doFilter(MockFilterChain.java:127)
	at org.springframework.web.filter.RequestContextFilter.doFilterInternal(RequestContextFilter.java:100)
	at org.springframework.web.filter.OncePerRequestFilter.doFilter(OncePerRequestFilter.java:116)
	at org.springframework.test.web.servlet.setup.MockMvcFilterDecorator.doFilter(MockMvcFilterDecorator.java:160)
	at org.springframework.mock.web.MockFilterChain.doFilter(MockFilterChain.java:127)
	at org.springframework.web.filter.FormContentFilter.doFilterInternal(FormContentFilter.java:93)
	at org.springframework.web.filter.OncePerRequestFilter.doFilter(OncePerRequestFilter.java:116)
	at org.springframework.test.web.servlet.setup.MockMvcFilterDecorator.doFilter(MockMvcFilterDecorator.java:160)
	at org.springframework.mock.web.MockFilterChain.doFilter(MockFilterChain.java:127)
	at org.springframework.web.filter.CharacterEncodingFilter.doFilterInternal(CharacterEncodingFilter.java:199)
	at org.springframework.web.filter.OncePerRequestFilter.doFilter(OncePerRequestFilter.java:116)
	at org.springframework.test.web.servlet.setup.MockMvcFilterDecorator.doFilter(MockMvcFilterDecorator.java:160)
	at org.springframework.mock.web.MockFilterChain.doFilter(MockFilterChain.java:127)
	at org.springframework.test.web.servlet.MockMvc.perform(MockMvc.java:199)
	at com.example.springjpalab.controller.RestaurantIntegrationTest.DELETE ресторанов и проверка что они удалены(RestaurantIntegrationTest.kt:259)
	at java.base/jdk.internal.reflect.NativeMethodAccessorImpl.invoke0(Native Method)
	at java.base/jdk.internal.reflect.NativeMethodAccessorImpl.invoke(NativeMethodAccessorImpl.java:77)
	at java.base/jdk.internal.reflect.DelegatingMethodAccessorImpl.invoke(DelegatingMethodAccessorImpl.java:43)
	at java.base/java.lang.reflect.Method.invoke(Method.java:568)
	at org.junit.platform.commons.util.ReflectionUtils.invokeMethod(ReflectionUtils.java:701)
	at org.junit.platform.commons.support.ReflectionSupport.invokeMethod(ReflectionSupport.java:502)
	at org.junit.jupiter.engine.support.MethodReflectionUtils.invoke(MethodReflectionUtils.java:45)
	at org.junit.jupiter.engine.execution.MethodInvocation.proceed(MethodInvocation.java:61)
	at org.junit.jupiter.engine.execution.InvocationInterceptorChain$ValidatingInvocation.proceed(InvocationInterceptorChain.java:124)
	at org.junit.jupiter.engine.extension.TimeoutExtension.intercept(TimeoutExtension.java:163)
	at org.junit.jupiter.engine.extension.TimeoutExtension.interceptTestableMethod(TimeoutExtension.java:148)
	at org.junit.jupiter.engine.extension.TimeoutExtension.interceptTestMethod(TimeoutExtension.java:86)
	at org.junit.jupiter.engine.execution.InterceptingExecutableInvoker$ReflectiveInterceptorCall.lambda$ofVoidMethod$0(InterceptingExecutableInvoker.java:123)
	at org.junit.jupiter.engine.execution.InterceptingExecutableInvoker.lambda$invoke$0(InterceptingExecutableInvoker.java:105)
	at org.junit.jupiter.engine.execution.InvocationInterceptorChain$InterceptedInvocation.proceed(InvocationInterceptorChain.java:99)
	at org.junit.jupiter.engine.execution.InvocationInterceptorChain.proceed(InvocationInterceptorChain.java:66)
	at org.junit.jupiter.engine.execution.InvocationInterceptorChain.chainAndInvoke(InvocationInterceptorChain.java:47)
	at org.junit.jupiter.engine.execution.InvocationInterceptorChain.invoke(InvocationInterceptorChain.java:39)
	at org.junit.jupiter.engine.execution.InterceptingExecutableInvoker.invoke(InterceptingExecutableInvoker.java:104)
	at org.junit.jupiter.engine.execution.InterceptingExecutableInvoker.invoke(InterceptingExecutableInvoker.java:98)
	at org.junit.jupiter.engine.execution.InterceptingExecutableInvoker.invokeVoid(InterceptingExecutableInvoker.java:71)
	at org.junit.jupiter.engine.descriptor.TestMethodTestDescriptor.lambda$invokeTestMethod$0(TestMethodTestDescriptor.java:219)
	at org.junit.platform.engine.support.hierarchical.ThrowableCollector.execute(ThrowableCollector.java:74)
	at org.junit.jupiter.engine.descriptor.TestMethodTestDescriptor.invokeTestMethod(TestMethodTestDescriptor.java:215)
	at org.junit.jupiter.engine.descriptor.TestMethodTestDescriptor.execute(TestMethodTestDescriptor.java:157)
	at org.junit.jupiter.engine.descriptor.TestMethodTestDescriptor.execute(TestMethodTestDescriptor.java:70)
	at org.junit.platform.engine.support.hierarchical.NodeTestTask.lambda$executeRecursively$2(NodeTestTask.java:176)
	at org.junit.platform.engine.support.hierarchical.ThrowableCollector.execute(ThrowableCollector.java:74)
	at org.junit.platform.engine.support.hierarchical.NodeTestTask.lambda$executeRecursively$1(NodeTestTask.java:166)
	at org.junit.platform.engine.support.hierarchical.Node.around(Node.java:138)
	at org.junit.platform.engine.support.hierarchical.NodeTestTask.lambda$executeRecursively$0(NodeTestTask.java:164)
	at org.junit.platform.engine.support.hierarchical.ThrowableCollector.execute(ThrowableCollector.java:74)
	at org.junit.platform.engine.support.hierarchical.NodeTestTask.executeRecursively(NodeTestTask.java:163)
	at org.junit.platform.engine.support.hierarchical.NodeTestTask.execute(NodeTestTask.java:116)
	at java.base/java.util.ArrayList.forEach(ArrayList.java:1511)
	at org.junit.platform.engine.support.hierarchical.SameThreadHierarchicalTestExecutorService.invokeAll(SameThreadHierarchicalTestExecutorService.java:42)
	at org.junit.platform.engine.support.hierarchical.NodeTestTask.lambda$executeRecursively$2(NodeTestTask.java:180)
	at org.junit.platform.engine.support.hierarchical.ThrowableCollector.execute(ThrowableCollector.java:74)
	at org.junit.platform.engine.support.hierarchical.NodeTestTask.lambda$executeRecursively$1(NodeTestTask.java:166)
	at org.junit.platform.engine.support.hierarchical.Node.around(Node.java:138)
	at org.junit.platform.engine.support.hierarchical.NodeTestTask.lambda$executeRecursively$0(NodeTestTask.java:164)
	at org.junit.platform.engine.support.hierarchical.ThrowableCollector.execute(ThrowableCollector.java:74)
	at org.junit.platform.engine.support.hierarchical.NodeTestTask.executeRecursively(NodeTestTask.java:163)
	at org.junit.platform.engine.support.hierarchical.NodeTestTask.execute(NodeTestTask.java:116)
	at java.base/java.util.ArrayList.forEach(ArrayList.java:1511)
	at org.junit.platform.engine.support.hierarchical.SameThreadHierarchicalTestExecutorService.invokeAll(SameThreadHierarchicalTestExecutorService.java:42)
	at org.junit.platform.engine.support.hierarchical.NodeTestTask.lambda$executeRecursively$2(NodeTestTask.java:180)
	at org.junit.platform.engine.support.hierarchical.ThrowableCollector.execute(ThrowableCollector.java:74)
	at org.junit.platform.engine.support.hierarchical.NodeTestTask.lambda$executeRecursively$1(NodeTestTask.java:166)
	at org.junit.platform.engine.support.hierarchical.Node.around(Node.java:138)
	at org.junit.platform.engine.support.hierarchical.NodeTestTask.lambda$executeRecursively$0(NodeTestTask.java:164)
	at org.junit.platform.engine.support.hierarchical.ThrowableCollector.execute(ThrowableCollector.java:74)
	at org.junit.platform.engine.support.hierarchical.NodeTestTask.executeRecursively(NodeTestTask.java:163)
	at org.junit.platform.engine.support.hierarchical.NodeTestTask.execute(NodeTestTask.java:116)
	at org.junit.platform.engine.support.hierarchical.SameThreadHierarchicalTestExecutorService.submit(SameThreadHierarchicalTestExecutorService.java:36)
	at org.junit.platform.engine.support.hierarchical.HierarchicalTestExecutor.execute(HierarchicalTestExecutor.java:52)
	at org.junit.platform.engine.support.hierarchical.HierarchicalTestEngine.execute(HierarchicalTestEngine.java:58)
	at org.junit.platform.launcher.core.EngineExecutionOrchestrator.executeEngine(EngineExecutionOrchestrator.java:246)
	at org.junit.platform.launcher.core.EngineExecutionOrchestrator.failOrExecuteEngine(EngineExecutionOrchestrator.java:218)
	at org.junit.platform.launcher.core.EngineExecutionOrchestrator.execute(EngineExecutionOrchestrator.java:179)
	at org.junit.platform.launcher.core.EngineExecutionOrchestrator.execute(EngineExecutionOrchestrator.java:108)
	at org.junit.platform.launcher.core.EngineExecutionOrchestrator.lambda$execute$0(EngineExecutionOrchestrator.java:66)
	at org.junit.platform.launcher.core.EngineExecutionOrchestrator.withInterceptedStreams(EngineExecutionOrchestrator.java:157)
	at org.junit.platform.launcher.core.EngineExecutionOrchestrator.execute(EngineExecutionOrchestrator.java:65)
	at org.junit.platform.launcher.core.DefaultLauncher.execute(DefaultLauncher.java:125)
	at org.junit.platform.launcher.core.DefaultLauncher.execute(DefaultLauncher.java:114)
	at org.junit.platform.launcher.core.DelegatingLauncher.execute(DelegatingLauncher.java:58)
	at org.junit.platform.launcher.core.InterceptingLauncher.lambda$execute$2(InterceptingLauncher.java:57)
	at org.junit.platform.launcher.core.ClasspathAlignmentCheckingLauncherInterceptor.intercept(ClasspathAlignmentCheckingLauncherInterceptor.java:25)
	at org.junit.platform.launcher.core.InterceptingLauncher.execute(InterceptingLauncher.java:56)
	at org.junit.platform.launcher.core.DelegatingLauncher.execute(DelegatingLauncher.java:58)
	at java.base/jdk.internal.reflect.NativeMethodAccessorImpl.invoke0(Native Method)
	at java.base/jdk.internal.reflect.NativeMethodAccessorImpl.invoke(NativeMethodAccessorImpl.java:77)
	at java.base/jdk.internal.reflect.DelegatingMethodAccessorImpl.invoke(DelegatingMethodAccessorImpl.java:43)
	at java.base/java.lang.reflect.Method.invoke(Method.java:568)
	at org.apache.maven.surefire.api.util.ReflectionUtils.invokeMethodWithArray(ReflectionUtils.java:125)
	at org.apache.maven.surefire.junitplatform.LauncherAdapter.executeWithCancellationToken(LauncherAdapter.java:68)
	at org.apache.maven.surefire.junitplatform.LauncherAdapter.execute(LauncherAdapter.java:54)
	at org.apache.maven.surefire.junitplatform.JUnitPlatformProvider.execute(JUnitPlatformProvider.java:203)
	at org.apache.maven.surefire.junitplatform.JUnitPlatformProvider.invokeAllTests(JUnitPlatformProvider.java:168)
	at org.apache.maven.surefire.junitplatform.JUnitPlatformProvider.invoke(JUnitPlatformProvider.java:136)
	at org.apache.maven.surefire.booter.ForkedBooter.runSuitesInProcess(ForkedBooter.java:385)
	at org.apache.maven.surefire.booter.ForkedBooter.execute(ForkedBooter.java:162)
	at org.apache.maven.surefire.booter.ForkedBooter.run(ForkedBooter.java:507)
	at org.apache.maven.surefire.booter.ForkedBooter.main(ForkedBooter.java:495)
Caused by: io.lettuce.core.RedisConnectionException: Unable to connect to redis/<unresolved>:6379
	at io.lettuce.core.RedisConnectionException.create(RedisConnectionException.java:63)
	at io.lettuce.core.RedisConnectionException.create(RedisConnectionException.java:41)
	at io.lettuce.core.AbstractRedisClient.getConnection(AbstractRedisClient.java:352)
	at io.lettuce.core.RedisClient.connect(RedisClient.java:220)
	at org.springframework.data.redis.connection.lettuce.StandaloneConnectionProvider.lambda$getConnection$1(StandaloneConnectionProvider.java:113)
	at java.base/java.util.Optional.orElseGet(Optional.java:364)
	at org.springframework.data.redis.connection.lettuce.StandaloneConnectionProvider.getConnection(StandaloneConnectionProvider.java:113)
	at org.springframework.data.redis.connection.lettuce.LettuceConnectionFactory$ExceptionTranslatingConnectionProvider.getConnection(LettuceConnectionFactory.java:1797)
	... 206 common frames omitted
Caused by: java.net.UnknownHostException: Failed to resolve 'redis' [A(1), AAAA(28)] after 4 queries 
	at io.netty.resolver.dns.DnsResolveContext.finishResolve(DnsResolveContext.java:1137)
	at io.netty.resolver.dns.DnsResolveContext.tryToFinishResolve(DnsResolveContext.java:1084)
	at io.netty.resolver.dns.DnsResolveContext.query(DnsResolveContext.java:443)
	at io.netty.resolver.dns.DnsResolveContext.access$700(DnsResolveContext.java:69)
	at io.netty.resolver.dns.DnsResolveContext$2.operationComplete(DnsResolveContext.java:512)
	at io.netty.util.concurrent.DefaultPromise.notifyListener0(DefaultPromise.java:604)
	at io.netty.util.concurrent.DefaultPromise.notifyListeners0(DefaultPromise.java:597)
	at io.netty.util.concurrent.DefaultPromise.notifyListenersNow(DefaultPromise.java:573)
	at io.netty.util.concurrent.DefaultPromise.notifyListeners(DefaultPromise.java:506)
	at io.netty.util.concurrent.DefaultPromise.setValue0(DefaultPromise.java:650)
	at io.netty.util.concurrent.DefaultPromise.setFailure0(DefaultPromise.java:643)
	at io.netty.util.concurrent.DefaultPromise.tryFailure(DefaultPromise.java:132)
	at io.netty.resolver.dns.DnsQueryContext.finishFailure(DnsQueryContext.java:343)
	at io.netty.resolver.dns.DnsQueryContext$4.run(DnsQueryContext.java:278)
	at io.netty.util.concurrent.PromiseTask.runTask(PromiseTask.java:98)
	at io.netty.util.concurrent.ScheduledFutureTask.run(ScheduledFutureTask.java:160)
	at io.netty.util.concurrent.AbstractEventExecutor.runTask(AbstractEventExecutor.java:148)
	at io.netty.util.concurrent.AbstractEventExecutor.safeExecute(AbstractEventExecutor.java:141)
	at io.netty.util.concurrent.SingleThreadEventExecutor.runAllTasks(SingleThreadEventExecutor.java:535)
	at io.netty.channel.SingleThreadIoEventLoop.run(SingleThreadIoEventLoop.java:201)
	at io.netty.util.concurrent.SingleThreadEventExecutor$5.run(SingleThreadEventExecutor.java:1193)
	at io.netty.util.internal.ThreadExecutorMap$2.run(ThreadExecutorMap.java:74)
	at io.netty.util.concurrent.FastThreadLocalRunnable.run(FastThreadLocalRunnable.java:30)
	at java.base/java.lang.Thread.run(Thread.java:842)
Caused by: io.netty.resolver.dns.DnsNameResolverTimeoutException: [10630: /192.168.0.1:53] DefaultDnsQuestion(redis. IN AAAA) query '10630' via UDP timed out after 5000 milliseconds (no stack trace available)
2026-05-03 17:43:12.970 [main] INFO  c.e.s.a.service.DishService - Промах кэша dishes.byName для name='sampleDish': загружаем из репозитория
2026-05-03 17:43:13.531 [lettuce-eventExecutorLoop-11-7] ERROR i.n.u.c.D.rejectedExecution - Failed to submit a listener notification task. Event loop shut down?
java.util.concurrent.RejectedExecutionException: event executor terminated
	at io.netty.util.concurrent.SingleThreadEventExecutor.reject(SingleThreadEventExecutor.java:1123)
	at io.netty.util.concurrent.SingleThreadEventExecutor.offerTask(SingleThreadEventExecutor.java:413)
	at io.netty.util.concurrent.SingleThreadEventExecutor.addTask(SingleThreadEventExecutor.java:406)
	at io.netty.util.concurrent.SingleThreadEventExecutor.execute(SingleThreadEventExecutor.java:1025)
	at io.netty.util.concurrent.SingleThreadEventExecutor.execute0(SingleThreadEventExecutor.java:991)
	at io.netty.util.concurrent.SingleThreadEventExecutor.execute(SingleThreadEventExecutor.java:981)
	at io.netty.util.concurrent.DefaultPromise.safeExecute(DefaultPromise.java:879)
	at io.netty.util.concurrent.DefaultPromise.notifyListeners(DefaultPromise.java:514)
	at io.netty.util.concurrent.DefaultPromise.addListener(DefaultPromise.java:199)
	at io.netty.channel.DefaultChannelPromise.addListener(DefaultChannelPromise.java:95)
	at io.netty.channel.DefaultChannelPromise.addListener(DefaultChannelPromise.java:30)
	at io.lettuce.core.protocol.RedisHandshakeHandler.fail(RedisHandshakeHandler.java:123)
	at io.lettuce.core.protocol.RedisHandshakeHandler.lambda$channelRegistered$0(RedisHandshakeHandler.java:51)
	at io.netty.util.concurrent.PromiseTask.runTask(PromiseTask.java:98)
	at io.netty.util.concurrent.PromiseTask.run(PromiseTask.java:106)
	at io.netty.util.concurrent.AbstractEventExecutor.runTask(AbstractEventExecutor.java:148)
	at io.netty.util.concurrent.DefaultEventExecutor.run(DefaultEventExecutor.java:66)
	at io.netty.util.concurrent.SingleThreadEventExecutor$5.run(SingleThreadEventExecutor.java:1193)
	at io.netty.util.internal.ThreadExecutorMap$2.run(ThreadExecutorMap.java:74)
	at io.netty.util.concurrent.FastThreadLocalRunnable.run(FastThreadLocalRunnable.java:30)
	at java.base/java.lang.Thread.run(Thread.java:842)
2026-05-03 17:43:14.655 [main @kotlinx.coroutines.test runner#2] INFO  c.e.s.a.service.DishService - Удалено блюдо: id=1
2026-05-03 17:43:14.810 [main] INFO  c.e.s.a.service.DishService - Создано блюдо: id=2, name=newDish
2026-05-03 17:43:14.860 [main] INFO  c.e.s.a.service.DishService - Промах кэша dishes.byId для id=1: загружаем из репозитория
2026-05-03 17:43:14.907 [main] WARN  c.e.s.a.service.DishService - Блюдо с id=999 не найдено
2026-05-03 17:43:14.967 [main] INFO  c.e.s.a.service.DishService - Обновлено блюдо: id=1, name=updatedDish
2026-05-03 17:43:15.008 [main] WARN  c.e.s.a.service.DishService - Блюдо 'sampleDish' уже существует
2026-05-03 17:43:15.057 [main] INFO  c.e.s.a.service.DishService - Промах кэша dishes.findAll: загружаем из репозитория
2026-05-03 17:43:15.099 [main] WARN  c.e.s.a.service.DishService - Блюдо с id=999 не найдено
2026-05-03 17:43:15.125 [main] INFO  c.e.s.a.service.DishService - Промах кэша dishes.byId для id=999: загружаем из репозитория
2026-05-03 17:43:15.128 [main] WARN  c.e.s.a.service.DishService - Блюдо с id=999 не найдено
2026-05-03 17:43:15.157 [main] INFO  c.e.s.a.service.DishService - Промах кэша dishes.byNamePart для namePart='Dish': загружаем из репозитория
2026-05-03 17:43:15.367 [main] WARN  c.e.s.a.service.OrderService - Заказ с id=999 не найден
2026-05-03 17:43:15.398 [main] WARN  c.e.s.a.service.OrderService - Заказ с id=999 не найден
2026-05-03 17:43:15.450 [main] INFO  c.e.s.a.service.OrderService - Создан заказ: id=2, userId=1, status=PENDING
2026-05-03 17:43:15.545 [main] INFO  c.e.s.a.service.OrderService - Обновлен заказ: id=1, status=CONFIRMED
2026-05-03 17:43:15.783 [main] INFO  c.e.s.a.service.RestaurantService - Промах кэша restaurants.findAll: загружаем из репозитория
2026-05-03 17:43:15.914 [main] INFO  c.e.s.a.service.RestaurantService - Промах кэша restaurants.findByName для name=NonExist: загружаем из репозитория
2026-05-03 17:43:15.917 [main] WARN  c.e.s.a.service.RestaurantService - Ресторан с name=NonExist не найден
2026-05-03 17:43:15.944 [main] INFO  c.e.s.a.service.RestaurantService - Удален ресторан: id=1
2026-05-03 17:43:15.964 [main] INFO  c.e.s.a.service.RestaurantService - Промах кэша restaurants.findById для id=999: загружаем из репозитория
2026-05-03 17:43:15.967 [main] WARN  c.e.s.a.service.RestaurantService - Ресторан с id=999 не найден
2026-05-03 17:43:16.007 [main] INFO  c.e.s.a.service.RestaurantService - Обновлен ресторан: id=1, name=Pizza Planet
2026-05-03 17:43:16.031 [main] INFO  c.e.s.a.service.RestaurantService - Создан ресторан: id=2, name=Sushi Bar
2026-05-03 17:43:16.056 [main] WARN  c.e.s.a.service.RestaurantService - Ресторан с id=999 не найден
2026-05-03 17:43:16.082 [main] INFO  c.e.s.a.service.RestaurantService - Промах кэша restaurants.findById для id=1: загружаем из репозитория
2026-05-03 17:43:16.100 [main] WARN  c.e.s.a.service.RestaurantService - Ресторан 'Pizza Place' уже существует
2026-05-03 17:43:16.125 [main] WARN  c.e.s.a.service.RestaurantService - Ресторан с id=999 не найден
2026-05-03 17:43:16.144 [main] INFO  c.e.s.a.service.RestaurantService - Промах кэша restaurants.findByName для name=Pizza Place: загружаем из репозитория
2026-05-03 17:43:16.574 [main] INFO  c.e.s.a.service.UserService - Промах кэша users.byEmail для email='nonexistent@ya.ru': загружаем из репозитория
2026-05-03 17:43:16.809 [main] INFO  c.e.s.a.service.UserService - Удален пользователь: id=1
2026-05-03 17:43:17.143 [main] INFO  c.e.s.a.service.UserService - Создан пользователь: id=2, email=pog0sian@yandex.ru
2026-05-03 17:43:17.304 [main] INFO  c.e.s.a.service.UserService - Обновлен пользователь: id=1, email=pog@ya.ru
2026-05-03 17:43:17.461 [main] WARN  c.e.s.a.service.UserService - Пользователь с id=999 не найден
2026-05-03 17:43:17.617 [main] WARN  c.e.s.a.service.UserService - Пользователь с id=999 не найден
2026-05-03 17:43:17.780 [main] INFO  c.e.s.a.service.UserService - Промах кэша users.findAll: загружаем из репозитория
2026-05-03 17:43:18.106 [main] INFO  c.e.s.a.service.UserService - Промах кэша users.byId для id=999: загружаем из репозитория
2026-05-03 17:43:18.109 [main] WARN  c.e.s.a.service.UserService - Пользователь с id=999 не найден
2026-05-03 17:43:18.126 [HikariPool-4:housekeeper] WARN  com.zaxxer.hikari.pool.PoolBase - HikariPool-4 - Failed to validate connection org.postgresql.jdbc.PgConnection@48d71d65 (Соединение уже было закрыто). Possibly consider using a shorter maxLifetime value.
2026-05-03 17:43:18.373 [main] WARN  c.e.s.a.service.UserService - Пользователь с email=user@example.com уже существует
2026-05-03 17:43:18.575 [main] INFO  c.e.s.a.service.UserService - Промах кэша users.byId для id=1: загружаем из репозитория
2026-05-03 17:43:18.622 [lettuce-eventExecutorLoop-11-8] ERROR i.n.u.c.D.rejectedExecution - Failed to submit a listener notification task. Event loop shut down?
java.util.concurrent.RejectedExecutionException: event executor terminated
	at io.netty.util.concurrent.SingleThreadEventExecutor.reject(SingleThreadEventExecutor.java:1123)
	at io.netty.util.concurrent.SingleThreadEventExecutor.offerTask(SingleThreadEventExecutor.java:413)
	at io.netty.util.concurrent.SingleThreadEventExecutor.addTask(SingleThreadEventExecutor.java:406)
	at io.netty.util.concurrent.SingleThreadEventExecutor.execute(SingleThreadEventExecutor.java:1025)
	at io.netty.util.concurrent.SingleThreadEventExecutor.execute0(SingleThreadEventExecutor.java:991)
	at io.netty.util.concurrent.SingleThreadEventExecutor.execute(SingleThreadEventExecutor.java:981)
	at io.netty.util.concurrent.DefaultPromise.safeExecute(DefaultPromise.java:879)
	at io.netty.util.concurrent.DefaultPromise.notifyListeners(DefaultPromise.java:514)
	at io.netty.util.concurrent.DefaultPromise.addListener(DefaultPromise.java:199)
	at io.netty.channel.DefaultChannelPromise.addListener(DefaultChannelPromise.java:95)
	at io.netty.channel.DefaultChannelPromise.addListener(DefaultChannelPromise.java:30)
	at io.lettuce.core.protocol.RedisHandshakeHandler.fail(RedisHandshakeHandler.java:123)
	at io.lettuce.core.protocol.RedisHandshakeHandler.lambda$channelRegistered$0(RedisHandshakeHandler.java:51)
	at io.netty.util.concurrent.PromiseTask.runTask(PromiseTask.java:98)
	at io.netty.util.concurrent.PromiseTask.run(PromiseTask.java:106)
	at io.netty.util.concurrent.AbstractEventExecutor.runTask(AbstractEventExecutor.java:148)
	at io.netty.util.concurrent.DefaultEventExecutor.run(DefaultEventExecutor.java:66)
	at io.netty.util.concurrent.SingleThreadEventExecutor$5.run(SingleThreadEventExecutor.java:1193)
	at io.netty.util.internal.ThreadExecutorMap$2.run(ThreadExecutorMap.java:74)
	at io.netty.util.concurrent.FastThreadLocalRunnable.run(FastThreadLocalRunnable.java:30)
	at java.base/java.lang.Thread.run(Thread.java:842)
2026-05-03 17:43:18.720 [main] INFO  c.e.s.a.service.UserService - Промах кэша users.byEmail для email='user@example.com': загружаем из репозитория
2026-05-03 17:43:19.061 [main] INFO  c.e.s.SpringJpaLabApplicationTests - Starting SpringJpaLabApplicationTests using Java 17.0.12 with PID 15524 (started by lidiya in C:\Users\lidiya\IdeaProjects\spring-jpa-lab)
2026-05-03 17:43:19.062 [main] DEBUG c.e.s.SpringJpaLabApplicationTests - Running with Spring Boot v4.0.0, Spring v7.0.1
2026-05-03 17:43:19.062 [main] INFO  c.e.s.SpringJpaLabApplicationTests - The following 1 profile is active: "test"
2026-05-03 17:43:21.171 [HikariPool-4:housekeeper] WARN  com.zaxxer.hikari.pool.PoolBase - HikariPool-4 - Failed to validate connection org.postgresql.jdbc.PgConnection@5d0329d1 (Соединение уже было закрыто). Possibly consider using a shorter maxLifetime value.
2026-05-03 17:43:23.331 [main] WARN  o.s.b.j.a.JpaBaseConfiguration$JpaWebConfiguration - spring.jpa.open-in-view is enabled by default. Therefore, database queries may be performed during view rendering. Explicitly configure spring.jpa.open-in-view to disable this warning
2026-05-03 17:43:23.828 [lettuce-eventExecutorLoop-11-9] ERROR i.n.u.c.D.rejectedExecution - Failed to submit a listener notification task. Event loop shut down?
java.util.concurrent.RejectedExecutionException: event executor terminated
	at io.netty.util.concurrent.SingleThreadEventExecutor.reject(SingleThreadEventExecutor.java:1123)
	at io.netty.util.concurrent.SingleThreadEventExecutor.offerTask(SingleThreadEventExecutor.java:413)
	at io.netty.util.concurrent.SingleThreadEventExecutor.addTask(SingleThreadEventExecutor.java:406)
	at io.netty.util.concurrent.SingleThreadEventExecutor.execute(SingleThreadEventExecutor.java:1025)
	at io.netty.util.concurrent.SingleThreadEventExecutor.execute0(SingleThreadEventExecutor.java:991)
	at io.netty.util.concurrent.SingleThreadEventExecutor.execute(SingleThreadEventExecutor.java:981)
	at io.netty.util.concurrent.DefaultPromise.safeExecute(DefaultPromise.java:879)
	at io.netty.util.concurrent.DefaultPromise.notifyListeners(DefaultPromise.java:514)
	at io.netty.util.concurrent.DefaultPromise.addListener(DefaultPromise.java:199)
	at io.netty.channel.DefaultChannelPromise.addListener(DefaultChannelPromise.java:95)
	at io.netty.channel.DefaultChannelPromise.addListener(DefaultChannelPromise.java:30)
	at io.lettuce.core.protocol.RedisHandshakeHandler.fail(RedisHandshakeHandler.java:123)
	at io.lettuce.core.protocol.RedisHandshakeHandler.lambda$channelRegistered$0(RedisHandshakeHandler.java:51)
	at io.netty.util.concurrent.PromiseTask.runTask(PromiseTask.java:98)
	at io.netty.util.concurrent.PromiseTask.run(PromiseTask.java:106)
	at io.netty.util.concurrent.AbstractEventExecutor.runTask(AbstractEventExecutor.java:148)
	at io.netty.util.concurrent.DefaultEventExecutor.run(DefaultEventExecutor.java:66)
	at io.netty.util.concurrent.SingleThreadEventExecutor$5.run(SingleThreadEventExecutor.java:1193)
	at io.netty.util.internal.ThreadExecutorMap$2.run(ThreadExecutorMap.java:74)
	at io.netty.util.concurrent.FastThreadLocalRunnable.run(FastThreadLocalRunnable.java:30)
	at java.base/java.lang.Thread.run(Thread.java:842)
2026-05-03 17:43:24.640 [HikariPool-4:housekeeper] WARN  com.zaxxer.hikari.pool.PoolBase - HikariPool-4 - Failed to validate connection org.postgresql.jdbc.PgConnection@28de6386 (Соединение уже было закрыто). Possibly consider using a shorter maxLifetime value.
2026-05-03 17:43:25.012 [main] INFO  c.e.s.SpringJpaLabApplicationTests - Started SpringJpaLabApplicationTests in 6.153 seconds (process running for 163.226)
2026-05-03 17:48:17.918 [main] INFO  c.e.s.cache.RestaurantCacheTest - Starting RestaurantCacheTest using Java 21.0.10 with PID 33952 (started by lidiya in C:\Users\lidiya\IdeaProjects\spring-jpa-lab)
2026-05-03 17:48:17.922 [main] DEBUG c.e.s.cache.RestaurantCacheTest - Running with Spring Boot v4.0.0, Spring v7.0.1
2026-05-03 17:48:17.923 [main] INFO  c.e.s.cache.RestaurantCacheTest - The following 1 profile is active: "test"
2026-05-03 17:48:37.343 [main] WARN  o.s.b.j.a.JpaBaseConfiguration$JpaWebConfiguration - spring.jpa.open-in-view is enabled by default. Therefore, database queries may be performed during view rendering. Explicitly configure spring.jpa.open-in-view to disable this warning
2026-05-03 17:48:39.511 [main] DEBUG c.e.s.s.JwtAuthenticationFilter - Filter 'jwtAuthenticationFilter' configured for use
2026-05-03 17:48:39.574 [main] INFO  c.e.s.cache.RestaurantCacheTest - Started RestaurantCacheTest in 22.799 seconds (process running for 31.364)
2026-05-03 17:48:41.482 [main] DEBUG org.hibernate.SQL - select rje1_0.id,rje1_0.address,rje1_0.name from restaurants rje1_0 where rje1_0.name=?
2026-05-03 17:48:41.589 [main] DEBUG org.hibernate.SQL - insert into restaurants (address,name) values (?,?)
2026-05-03 17:48:41.647 [main] INFO  c.e.s.a.service.RestaurantService - РЎРѕР·РґР°РЅ СЂРµСЃС‚РѕСЂР°РЅ: id=1, name=Р”Р»СЏ РѕР±РЅРѕРІР»РµРЅРёСЏ
2026-05-03 17:48:41.751 [main] INFO  c.e.s.a.service.RestaurantService - РџСЂРѕРјР°С… РєСЌС€Р° restaurants.findById РґР»СЏ id=1: Р·Р°РіСЂСѓР¶Р°РµРј РёР· СЂРµРїРѕР·РёС‚РѕСЂРёСЏ
2026-05-03 17:48:41.766 [main] DEBUG org.hibernate.SQL - select rje1_0.id,rje1_0.address,d1_0.restaurant_id,d1_0.id,d1_0.description,d1_0.is_available,d1_0.name,d1_0.price,rje1_0.name from restaurants rje1_0 left join dishes d1_0 on rje1_0.id=d1_0.restaurant_id where rje1_0.id=?
2026-05-03 17:48:41.818 [main] DEBUG org.hibernate.SQL - update restaurants set address=?,name=? where id=?
2026-05-03 17:48:41.831 [main] INFO  c.e.s.a.service.RestaurantService - РћР±РЅРѕРІР»РµРЅ СЂРµСЃС‚РѕСЂР°РЅ: id=1, name=РћР±РЅРѕРІР»С‘РЅРЅС‹Р№
2026-05-03 17:48:42.130 [main] INFO  c.e.s.a.service.RestaurantService - РџСЂРѕРјР°С… РєСЌС€Р° restaurants.findAll: Р·Р°РіСЂСѓР¶Р°РµРј РёР· СЂРµРїРѕР·РёС‚РѕСЂРёСЏ
2026-05-03 17:48:42.143 [main] DEBUG org.hibernate.SQL - select rje1_0.id,rje1_0.address,rje1_0.name from restaurants rje1_0
2026-05-03 17:48:42.160 [main] DEBUG org.hibernate.SQL - select d1_0.restaurant_id,d1_0.id,d1_0.description,d1_0.is_available,d1_0.name,d1_0.price from dishes d1_0 where d1_0.restaurant_id=?
2026-05-03 17:49:04.357 [main] INFO  c.e.springjpalab.cache.DishCacheTest - Starting DishCacheTest using Java 21.0.10 with PID 18632 (started by lidiya in C:\Users\lidiya\IdeaProjects\spring-jpa-lab)
2026-05-03 17:49:04.359 [main] DEBUG c.e.springjpalab.cache.DishCacheTest - Running with Spring Boot v4.0.0, Spring v7.0.1
2026-05-03 17:49:04.361 [main] INFO  c.e.springjpalab.cache.DishCacheTest - The following 1 profile is active: "test"
2026-05-03 17:49:23.451 [main] WARN  o.s.b.j.a.JpaBaseConfiguration$JpaWebConfiguration - spring.jpa.open-in-view is enabled by default. Therefore, database queries may be performed during view rendering. Explicitly configure spring.jpa.open-in-view to disable this warning
2026-05-03 17:49:25.464 [main] DEBUG c.e.s.s.JwtAuthenticationFilter - Filter 'jwtAuthenticationFilter' configured for use
2026-05-03 17:49:25.529 [main] INFO  c.e.springjpalab.cache.DishCacheTest - Started DishCacheTest in 22.264 seconds (process running for 31.749)
2026-05-03 17:49:27.439 [main] DEBUG org.hibernate.SQL - select rje1_0.id,rje1_0.address,rje1_0.name from restaurants rje1_0 where rje1_0.name=?
2026-05-03 17:49:27.555 [main] DEBUG org.hibernate.SQL - insert into restaurants (address,name) values (?,?)
2026-05-03 17:49:27.607 [main] INFO  c.e.s.a.service.RestaurantService - РЎРѕР·РґР°РЅ СЂРµСЃС‚РѕСЂР°РЅ: id=1, name=Р РµСЃС‚-309027316279200
2026-05-03 17:49:27.820 [main] INFO  c.e.s.a.service.RestaurantService - РџСЂРѕРјР°С… РєСЌС€Р° restaurants.findById РґР»СЏ id=1: Р·Р°РіСЂСѓР¶Р°РµРј РёР· СЂРµРїРѕР·РёС‚РѕСЂРёСЏ
2026-05-03 17:49:27.834 [main] DEBUG org.hibernate.SQL - select rje1_0.id,rje1_0.address,d1_0.restaurant_id,d1_0.id,d1_0.description,d1_0.is_available,d1_0.name,d1_0.price,rje1_0.name from restaurants rje1_0 left join dishes d1_0 on rje1_0.id=d1_0.restaurant_id where rje1_0.id=?
2026-05-03 17:49:27.894 [main] DEBUG org.hibernate.SQL - select dje1_0.id,dje1_0.description,dje1_0.is_available,dje1_0.name,dje1_0.price,dje1_0.restaurant_id from dishes dje1_0 where lower(dje1_0.name)=lower(?) and dje1_0.restaurant_id=?
2026-05-03 17:49:27.919 [main] DEBUG org.hibernate.SQL - insert into dishes (description,is_available,name,price,restaurant_id) values (?,?,?,?,?)
2026-05-03 17:49:27.929 [main] INFO  c.e.s.a.service.DishService - РЎРѕР·РґР°РЅРѕ Р±Р»СЋРґРѕ: id=1, name=Р‘Р»СЋРґРѕ-309028076547000
2026-05-03 17:49:27.985 [main] INFO  c.e.s.a.service.DishService - РџСЂРѕРјР°С… РєСЌС€Р° dishes.findAll: Р·Р°РіСЂСѓР¶Р°РµРј РёР· СЂРµРїРѕР·РёС‚РѕСЂРёСЏ
2026-05-03 17:49:28.003 [main] DEBUG org.hibernate.SQL - select dje1_0.id,dje1_0.description,dje1_0.is_available,dje1_0.name,dje1_0.price,dje1_0.restaurant_id from dishes dje1_0
2026-05-03 17:49:28.010 [main] DEBUG org.hibernate.SQL - select rje1_0.id,rje1_0.address,rje1_0.name from restaurants rje1_0 where rje1_0.id=?
2026-05-03 17:49:28.219 [main] INFO  c.e.s.a.service.DishService - РџСЂРѕРјР°С… РєСЌС€Р° dishes.byId РґР»СЏ id=1: Р·Р°РіСЂСѓР¶Р°РµРј РёР· СЂРµРїРѕР·РёС‚РѕСЂРёСЏ
2026-05-03 17:49:28.220 [main] DEBUG org.hibernate.SQL - select dje1_0.id,dje1_0.description,dje1_0.is_available,dje1_0.name,dje1_0.price,dje1_0.restaurant_id,r1_0.id,r1_0.address,r1_0.name from dishes dje1_0 join restaurants r1_0 on r1_0.id=dje1_0.restaurant_id where dje1_0.id=?
2026-05-03 17:49:28.245 [main] DEBUG org.hibernate.SQL - update dishes set description=?,is_available=?,name=?,price=?,restaurant_id=? where id=?
2026-05-03 17:49:28.256 [main] INFO  c.e.s.a.service.DishService - РћР±РЅРѕРІР»РµРЅРѕ Р±Р»СЋРґРѕ: id=1, name=РћР±РЅРѕРІР»С‘РЅРЅРѕРµ Р±Р»СЋРґРѕ
2026-05-03 17:49:28.407 [main] INFO  c.e.s.a.service.DishService - РџСЂРѕРјР°С… РєСЌС€Р° dishes.findAll: Р·Р°РіСЂСѓР¶Р°РµРј РёР· СЂРµРїРѕР·РёС‚РѕСЂРёСЏ
2026-05-03 17:49:28.409 [main] DEBUG org.hibernate.SQL - select dje1_0.id,dje1_0.description,dje1_0.is_available,dje1_0.name,dje1_0.price,dje1_0.restaurant_id from dishes dje1_0
2026-05-03 17:49:28.413 [main] DEBUG org.hibernate.SQL - select rje1_0.id,rje1_0.address,rje1_0.name from restaurants rje1_0 where rje1_0.id=?
2026-05-03 17:49:28.551 [main] DEBUG org.hibernate.SQL - select rje1_0.id,rje1_0.address,rje1_0.name from restaurants rje1_0 where rje1_0.name=?
2026-05-03 17:49:28.555 [main] DEBUG org.hibernate.SQL - insert into restaurants (address,name) values (?,?)
2026-05-03 17:49:28.562 [main] INFO  c.e.s.a.service.RestaurantService - РЎРѕР·РґР°РЅ СЂРµСЃС‚РѕСЂР°РЅ: id=2, name=Р РµСЃС‚-309028909032400
2026-05-03 17:49:28.576 [main] INFO  c.e.s.a.service.RestaurantService - РџСЂРѕРјР°С… РєСЌС€Р° restaurants.findById РґР»СЏ id=2: Р·Р°РіСЂСѓР¶Р°РµРј РёР· СЂРµРїРѕР·РёС‚РѕСЂРёСЏ
2026-05-03 17:49:28.577 [main] DEBUG org.hibernate.SQL - select rje1_0.id,rje1_0.address,d1_0.restaurant_id,d1_0.id,d1_0.description,d1_0.is_available,d1_0.name,d1_0.price,rje1_0.name from restaurants rje1_0 left join dishes d1_0 on rje1_0.id=d1_0.restaurant_id where rje1_0.id=?
2026-05-03 17:49:28.586 [main] DEBUG org.hibernate.SQL - select dje1_0.id,dje1_0.description,dje1_0.is_available,dje1_0.name,dje1_0.price,dje1_0.restaurant_id from dishes dje1_0 where lower(dje1_0.name)=lower(?) and dje1_0.restaurant_id=?
2026-05-03 17:49:28.590 [main] DEBUG org.hibernate.SQL - insert into dishes (description,is_available,name,price,restaurant_id) values (?,?,?,?,?)
2026-05-03 17:49:28.596 [main] INFO  c.e.s.a.service.DishService - РЎРѕР·РґР°РЅРѕ Р±Р»СЋРґРѕ: id=2, name=Р‘Р»СЋРґРѕ-309028930393800
2026-05-03 17:49:28.733 [main] INFO  c.e.s.a.service.DishService - РџСЂРѕРјР°С… РєСЌС€Р° dishes.findAll: Р·Р°РіСЂСѓР¶Р°РµРј РёР· СЂРµРїРѕР·РёС‚РѕСЂРёСЏ
2026-05-03 17:49:28.737 [main] DEBUG org.hibernate.SQL - select dje1_0.id,dje1_0.description,dje1_0.is_available,dje1_0.name,dje1_0.price,dje1_0.restaurant_id from dishes dje1_0
2026-05-03 17:49:28.741 [main] DEBUG org.hibernate.SQL - select rje1_0.id,rje1_0.address,rje1_0.name from restaurants rje1_0 where rje1_0.id=?
2026-05-03 17:49:28.745 [main] DEBUG org.hibernate.SQL - select rje1_0.id,rje1_0.address,rje1_0.name from restaurants rje1_0 where rje1_0.id=?
2026-05-03 17:49:48.509 [main] INFO  c.e.springjpalab.cache.UserCacheTest - Starting UserCacheTest using Java 21.0.10 with PID 29264 (started by lidiya in C:\Users\lidiya\IdeaProjects\spring-jpa-lab)
2026-05-03 17:49:48.519 [main] DEBUG c.e.springjpalab.cache.UserCacheTest - Running with Spring Boot v4.0.0, Spring v7.0.1
2026-05-03 17:49:48.521 [main] INFO  c.e.springjpalab.cache.UserCacheTest - The following 1 profile is active: "test"
2026-05-03 17:50:06.524 [main] WARN  o.s.b.j.a.JpaBaseConfiguration$JpaWebConfiguration - spring.jpa.open-in-view is enabled by default. Therefore, database queries may be performed during view rendering. Explicitly configure spring.jpa.open-in-view to disable this warning
2026-05-03 17:50:08.592 [main] DEBUG c.e.s.s.JwtAuthenticationFilter - Filter 'jwtAuthenticationFilter' configured for use
2026-05-03 17:50:08.653 [main] INFO  c.e.springjpalab.cache.UserCacheTest - Started UserCacheTest in 21.477 seconds (process running for 32.2)
2026-05-03 17:50:10.496 [main] DEBUG org.hibernate.SQL - select uje1_0.id from users uje1_0 where uje1_0.email=? fetch first ? rows only
2026-05-03 17:50:10.738 [main] DEBUG org.hibernate.SQL - insert into users (email,first_name,is_active,last_name,password,role) values (?,?,?,?,?,?)
2026-05-03 17:50:10.794 [main] INFO  c.e.s.a.service.AuthService - Р—Р°СЂРµРіРёСЃС‚СЂРёСЂРѕРІР°РЅ РїРѕР»СЊР·РѕРІР°С‚РµР»СЊ: cache-user-309070436623200@mail.test
2026-05-03 17:50:11.150 [main] INFO  c.e.s.a.service.UserService - РџСЂРѕРјР°С… РєСЌС€Р° users.findAll: Р·Р°РіСЂСѓР¶Р°РµРј РёР· СЂРµРїРѕР·РёС‚РѕСЂРёСЏ
2026-05-03 17:50:11.178 [main] DEBUG org.hibernate.SQL - select uje1_0.id,uje1_0.email,uje1_0.first_name,uje1_0.is_active,uje1_0.last_name,uje1_0.password,uje1_0.role from users uje1_0
2026-05-03 17:50:11.294 [main] INFO  c.e.s.a.service.UserService - РџСЂРѕРјР°С… РєСЌС€Р° users.byId РґР»СЏ id=1: Р·Р°РіСЂСѓР¶Р°РµРј РёР· СЂРµРїРѕР·РёС‚РѕСЂРёСЏ
2026-05-03 17:50:11.303 [main] DEBUG org.hibernate.SQL - select uje1_0.id,uje1_0.email,uje1_0.first_name,uje1_0.is_active,uje1_0.last_name,uje1_0.password,uje1_0.role from users uje1_0 where uje1_0.id=?
2026-05-03 17:50:11.326 [main] DEBUG org.hibernate.SQL - update users set email=?,first_name=?,is_active=?,last_name=?,password=?,role=? where id=?
2026-05-03 17:50:11.335 [main] INFO  c.e.s.a.service.UserService - РћР±РЅРѕРІР»РµРЅ РїРѕР»СЊР·РѕРІР°С‚РµР»СЊ: id=1, email=cache-user-309070436623200@mail.test
2026-05-03 17:50:13.706 [main] INFO  c.e.s.a.service.UserService - РџСЂРѕРјР°С… РєСЌС€Р° users.findAll: Р·Р°РіСЂСѓР¶Р°РµРј РёР· СЂРµРїРѕР·РёС‚РѕСЂРёСЏ
2026-05-03 17:50:13.710 [main] DEBUG org.hibernate.SQL - select uje1_0.id,uje1_0.email,uje1_0.first_name,uje1_0.is_active,uje1_0.last_name,uje1_0.password,uje1_0.role from users uje1_0
2026-05-03 17:50:55.509 [main] INFO  c.e.springjpalab.cache.UserCacheTest - Starting UserCacheTest using Java 21.0.10 with PID 31372 (started by lidiya in C:\Users\lidiya\IdeaProjects\spring-jpa-lab)
2026-05-03 17:50:55.512 [main] DEBUG c.e.springjpalab.cache.UserCacheTest - Running with Spring Boot v4.0.0, Spring v7.0.1
2026-05-03 17:50:55.515 [main] INFO  c.e.springjpalab.cache.UserCacheTest - The following 1 profile is active: "test"
2026-05-03 17:51:15.940 [main] WARN  o.s.b.j.a.JpaBaseConfiguration$JpaWebConfiguration - spring.jpa.open-in-view is enabled by default. Therefore, database queries may be performed during view rendering. Explicitly configure spring.jpa.open-in-view to disable this warning
2026-05-03 17:51:18.247 [main] DEBUG c.e.s.s.JwtAuthenticationFilter - Filter 'jwtAuthenticationFilter' configured for use
2026-05-03 17:51:18.330 [main] INFO  c.e.springjpalab.cache.UserCacheTest - Started UserCacheTest in 24.13 seconds (process running for 32.646)
2026-05-03 17:51:33.696 [main] INFO  c.e.s.cache.RestaurantCacheTest - Starting RestaurantCacheTest using Java 21.0.10 with PID 35348 (started by lidiya in C:\Users\lidiya\IdeaProjects\spring-jpa-lab)
2026-05-03 17:51:33.698 [main] DEBUG c.e.s.cache.RestaurantCacheTest - Running with Spring Boot v4.0.0, Spring v7.0.1
2026-05-03 17:51:33.700 [main] INFO  c.e.s.cache.RestaurantCacheTest - The following 1 profile is active: "test"
2026-05-03 17:51:55.869 [main] WARN  o.s.b.j.a.JpaBaseConfiguration$JpaWebConfiguration - spring.jpa.open-in-view is enabled by default. Therefore, database queries may be performed during view rendering. Explicitly configure spring.jpa.open-in-view to disable this warning
2026-05-03 17:51:57.948 [main] DEBUG c.e.s.s.JwtAuthenticationFilter - Filter 'jwtAuthenticationFilter' configured for use
2026-05-03 17:51:58.014 [main] INFO  c.e.s.cache.RestaurantCacheTest - Started RestaurantCacheTest in 25.436 seconds (process running for 34.746)
2026-05-03 17:52:00.041 [main] DEBUG org.hibernate.SQL - select rje1_0.id,rje1_0.address,rje1_0.name from restaurants rje1_0 where rje1_0.name=?
2026-05-03 17:52:00.158 [main] DEBUG org.hibernate.SQL - insert into restaurants (address,name) values (?,?)
2026-05-03 17:52:00.216 [main] INFO  c.e.s.a.service.RestaurantService - РЎРѕР·РґР°РЅ СЂРµСЃС‚РѕСЂР°РЅ: id=1, name=Р”Р»СЏ РѕР±РЅРѕРІР»РµРЅРёСЏ
2026-05-03 17:52:00.358 [main] INFO  c.e.s.a.service.RestaurantService - РџСЂРѕРјР°С… РєСЌС€Р° restaurants.findById РґР»СЏ id=1: Р·Р°РіСЂСѓР¶Р°РµРј РёР· СЂРµРїРѕР·РёС‚РѕСЂРёСЏ
2026-05-03 17:52:00.372 [main] DEBUG org.hibernate.SQL - select rje1_0.id,rje1_0.address,d1_0.restaurant_id,d1_0.id,d1_0.description,d1_0.is_available,d1_0.name,d1_0.price,rje1_0.name from restaurants rje1_0 left join dishes d1_0 on rje1_0.id=d1_0.restaurant_id where rje1_0.id=?
2026-05-03 17:52:00.413 [main] DEBUG org.hibernate.SQL - update restaurants set address=?,name=? where id=?
2026-05-03 17:52:00.424 [main] INFO  c.e.s.a.service.RestaurantService - РћР±РЅРѕРІР»РµРЅ СЂРµСЃС‚РѕСЂР°РЅ: id=1, name=РћР±РЅРѕРІР»С‘РЅРЅС‹Р№
2026-05-03 17:52:00.738 [main] INFO  c.e.s.a.service.RestaurantService - РџСЂРѕРјР°С… РєСЌС€Р° restaurants.findAll: Р·Р°РіСЂСѓР¶Р°РµРј РёР· СЂРµРїРѕР·РёС‚РѕСЂРёСЏ
2026-05-03 17:52:00.764 [main] DEBUG org.hibernate.SQL - select rje1_0.id,rje1_0.address,rje1_0.name from restaurants rje1_0
2026-05-03 17:52:00.774 [main] DEBUG org.hibernate.SQL - select d1_0.restaurant_id,d1_0.id,d1_0.description,d1_0.is_available,d1_0.name,d1_0.price from dishes d1_0 where d1_0.restaurant_id=?
2026-05-03 17:54:30.780 [main] INFO  c.e.s.cache.RestaurantCacheTest - Starting RestaurantCacheTest using Java 21.0.10 with PID 34616 (started by lidiya in C:\Users\lidiya\IdeaProjects\spring-jpa-lab)
2026-05-03 17:54:30.784 [main] DEBUG c.e.s.cache.RestaurantCacheTest - Running with Spring Boot v4.0.0, Spring v7.0.1
2026-05-03 17:54:30.786 [main] INFO  c.e.s.cache.RestaurantCacheTest - The following 1 profile is active: "test"
2026-05-03 17:54:49.482 [main] WARN  o.s.b.j.a.JpaBaseConfiguration$JpaWebConfiguration - spring.jpa.open-in-view is enabled by default. Therefore, database queries may be performed during view rendering. Explicitly configure spring.jpa.open-in-view to disable this warning
2026-05-03 17:54:51.549 [main] DEBUG c.e.s.s.JwtAuthenticationFilter - Filter 'jwtAuthenticationFilter' configured for use
2026-05-03 17:54:51.609 [main] INFO  c.e.s.cache.RestaurantCacheTest - Started RestaurantCacheTest in 21.982 seconds (process running for 30.141)
2026-05-03 17:54:53.626 [main] DEBUG org.hibernate.SQL - select rje1_0.id,rje1_0.address,rje1_0.name from restaurants rje1_0 where rje1_0.name=?
2026-05-03 17:54:53.750 [main] DEBUG org.hibernate.SQL - insert into restaurants (address,name) values (?,?)
2026-05-03 17:54:53.811 [main] INFO  c.e.s.a.service.RestaurantService - РЎРѕР·РґР°РЅ СЂРµСЃС‚РѕСЂР°РЅ: id=1, name=Р”Р»СЏ РѕР±РЅРѕРІР»РµРЅРёСЏ
2026-05-03 17:54:53.938 [main] INFO  c.e.s.a.service.RestaurantService - РџСЂРѕРјР°С… РєСЌС€Р° restaurants.findById РґР»СЏ id=1: Р·Р°РіСЂСѓР¶Р°РµРј РёР· СЂРµРїРѕР·РёС‚РѕСЂРёСЏ
2026-05-03 17:54:53.952 [main] DEBUG org.hibernate.SQL - select rje1_0.id,rje1_0.address,d1_0.restaurant_id,d1_0.id,d1_0.description,d1_0.is_available,d1_0.name,d1_0.price,rje1_0.name from restaurants rje1_0 left join dishes d1_0 on rje1_0.id=d1_0.restaurant_id where rje1_0.id=?
2026-05-03 17:54:53.998 [main] DEBUG org.hibernate.SQL - update restaurants set address=?,name=? where id=?
2026-05-03 17:54:54.008 [main] INFO  c.e.s.a.service.RestaurantService - РћР±РЅРѕРІР»РµРЅ СЂРµСЃС‚РѕСЂР°РЅ: id=1, name=РћР±РЅРѕРІР»С‘РЅРЅС‹Р№
2026-05-03 17:54:54.314 [main] INFO  c.e.s.a.service.RestaurantService - РџСЂРѕРјР°С… РєСЌС€Р° restaurants.findAll: Р·Р°РіСЂСѓР¶Р°РµРј РёР· СЂРµРїРѕР·РёС‚РѕСЂРёСЏ
2026-05-03 17:54:54.338 [main] DEBUG org.hibernate.SQL - select rje1_0.id,rje1_0.address,rje1_0.name from restaurants rje1_0
2026-05-03 17:54:54.349 [main] DEBUG org.hibernate.SQL - select d1_0.restaurant_id,d1_0.id,d1_0.description,d1_0.is_available,d1_0.name,d1_0.price from dishes d1_0 where d1_0.restaurant_id=?
2026-05-03 17:54:54.515 [main] DEBUG org.hibernate.SQL - select rje1_0.id,rje1_0.address,rje1_0.name from restaurants rje1_0 where rje1_0.name=?
2026-05-03 17:54:54.519 [main] DEBUG org.hibernate.SQL - insert into restaurants (address,name) values (?,?)
2026-05-03 17:54:54.526 [main] INFO  c.e.s.a.service.RestaurantService - РЎРѕР·РґР°РЅ СЂРµСЃС‚РѕСЂР°РЅ: id=2, name=Р”Р»СЏ РёРЅРІР°Р»РёРґР°С†РёРё-309354930012600
2026-05-03 17:54:54.539 [main] INFO  c.e.s.a.service.RestaurantService - РџСЂРѕРјР°С… РєСЌС€Р° restaurants.findById РґР»СЏ id=2: Р·Р°РіСЂСѓР¶Р°РµРј РёР· СЂРµРїРѕР·РёС‚РѕСЂРёСЏ
2026-05-03 17:54:54.540 [main] DEBUG org.hibernate.SQL - select rje1_0.id,rje1_0.address,d1_0.restaurant_id,d1_0.id,d1_0.description,d1_0.is_available,d1_0.name,d1_0.price,rje1_0.name from restaurants rje1_0 left join dishes d1_0 on rje1_0.id=d1_0.restaurant_id where rje1_0.id=?
2026-05-03 17:54:54.674 [main] DEBUG org.hibernate.SQL - select rje1_0.id,rje1_0.address,rje1_0.name from restaurants rje1_0 where rje1_0.name=?
2026-05-03 17:54:54.678 [main] DEBUG org.hibernate.SQL - insert into restaurants (address,name) values (?,?)
2026-05-03 17:54:54.684 [main] INFO  c.e.s.a.service.RestaurantService - РЎРѕР·РґР°РЅ СЂРµСЃС‚РѕСЂР°РЅ: id=3, name=РќРѕРІС‹Р№-309355089847000
2026-05-03 17:55:21.369 [main] INFO  c.e.springjpalab.cache.UserCacheTest - Starting UserCacheTest using Java 21.0.10 with PID 21456 (started by lidiya in C:\Users\lidiya\IdeaProjects\spring-jpa-lab)
2026-05-03 17:55:21.372 [main] DEBUG c.e.springjpalab.cache.UserCacheTest - Running with Spring Boot v4.0.0, Spring v7.0.1
2026-05-03 17:55:21.373 [main] INFO  c.e.springjpalab.cache.UserCacheTest - The following 1 profile is active: "test"
2026-05-03 17:55:45.947 [main] WARN  o.s.b.j.a.JpaBaseConfiguration$JpaWebConfiguration - spring.jpa.open-in-view is enabled by default. Therefore, database queries may be performed during view rendering. Explicitly configure spring.jpa.open-in-view to disable this warning
2026-05-03 17:55:48.684 [main] DEBUG c.e.s.s.JwtAuthenticationFilter - Filter 'jwtAuthenticationFilter' configured for use
2026-05-03 17:55:48.757 [main] INFO  c.e.springjpalab.cache.UserCacheTest - Started UserCacheTest in 28.575 seconds (process running for 37.012)
2026-05-03 17:55:50.876 [main] DEBUG org.hibernate.SQL - select uje1_0.id from users uje1_0 where uje1_0.email=? fetch first ? rows only
2026-05-03 17:55:51.128 [main] DEBUG org.hibernate.SQL - insert into users (email,first_name,is_active,last_name,password,role) values (?,?,?,?,?,?)
2026-05-03 17:55:51.184 [main] INFO  c.e.s.a.service.AuthService - Р—Р°СЂРµРіРёСЃС‚СЂРёСЂРѕРІР°РЅ РїРѕР»СЊР·РѕРІР°С‚РµР»СЊ: cache-user-309410844847600@mail.test
2026-05-03 17:55:51.569 [main] INFO  c.e.s.a.service.UserService - РџСЂРѕРјР°С… РєСЌС€Р° users.findAll: Р·Р°РіСЂСѓР¶Р°РµРј РёР· СЂРµРїРѕР·РёС‚РѕСЂРёСЏ
2026-05-03 17:55:51.597 [main] DEBUG org.hibernate.SQL - select uje1_0.id,uje1_0.email,uje1_0.first_name,uje1_0.is_active,uje1_0.last_name,uje1_0.password,uje1_0.role from users uje1_0
2026-05-03 17:55:51.733 [main] INFO  c.e.s.a.service.UserService - РџСЂРѕРјР°С… РєСЌС€Р° users.byId РґР»СЏ id=1: Р·Р°РіСЂСѓР¶Р°РµРј РёР· СЂРµРїРѕР·РёС‚РѕСЂРёСЏ
2026-05-03 17:55:51.745 [main] DEBUG org.hibernate.SQL - select uje1_0.id,uje1_0.email,uje1_0.first_name,uje1_0.is_active,uje1_0.last_name,uje1_0.password,uje1_0.role from users uje1_0 where uje1_0.id=?
2026-05-03 17:55:51.772 [main] DEBUG org.hibernate.SQL - update users set email=?,first_name=?,is_active=?,last_name=?,password=?,role=? where id=?
2026-05-03 17:55:51.782 [main] INFO  c.e.s.a.service.UserService - РћР±РЅРѕРІР»РµРЅ РїРѕР»СЊР·РѕРІР°С‚РµР»СЊ: id=1, email=cache-user-309410844847600@mail.test
2026-05-03 17:55:54.159 [main] INFO  c.e.s.a.service.UserService - РџСЂРѕРјР°С… РєСЌС€Р° users.findAll: Р·Р°РіСЂСѓР¶Р°РµРј РёР· СЂРµРїРѕР·РёС‚РѕСЂРёСЏ
2026-05-03 17:55:54.163 [main] DEBUG org.hibernate.SQL - select uje1_0.id,uje1_0.email,uje1_0.first_name,uje1_0.is_active,uje1_0.last_name,uje1_0.password,uje1_0.role from users uje1_0
2026-05-03 17:57:17.606 [main] INFO  c.e.springjpalab.cache.UserCacheTest - Starting UserCacheTest using Java 21.0.10 with PID 32624 (started by lidiya in C:\Users\lidiya\IdeaProjects\spring-jpa-lab)
2026-05-03 17:57:17.608 [main] DEBUG c.e.springjpalab.cache.UserCacheTest - Running with Spring Boot v4.0.0, Spring v7.0.1
2026-05-03 17:57:17.611 [main] INFO  c.e.springjpalab.cache.UserCacheTest - The following 1 profile is active: "test"
2026-05-03 17:57:35.348 [main] WARN  o.s.b.j.a.JpaBaseConfiguration$JpaWebConfiguration - spring.jpa.open-in-view is enabled by default. Therefore, database queries may be performed during view rendering. Explicitly configure spring.jpa.open-in-view to disable this warning
2026-05-03 17:57:37.424 [main] DEBUG c.e.s.s.JwtAuthenticationFilter - Filter 'jwtAuthenticationFilter' configured for use
2026-05-03 17:57:37.486 [main] INFO  c.e.springjpalab.cache.UserCacheTest - Started UserCacheTest in 21.222 seconds (process running for 29.862)
2026-05-03 17:57:39.369 [main] DEBUG org.hibernate.SQL - select uje1_0.id from users uje1_0 where uje1_0.email=? fetch first ? rows only
2026-05-03 17:57:39.608 [main] DEBUG org.hibernate.SQL - insert into users (email,first_name,is_active,last_name,password,role) values (?,?,?,?,?,?)
2026-05-03 17:57:39.663 [main] INFO  c.e.s.a.service.AuthService - Р—Р°СЂРµРіРёСЃС‚СЂРёСЂРѕРІР°РЅ РїРѕР»СЊР·РѕРІР°С‚РµР»СЊ: cache-user-309519384475000@mail.test
2026-05-03 17:57:40.018 [main] INFO  c.e.s.a.service.UserService - РџСЂРѕРјР°С… РєСЌС€Р° users.findAll: Р·Р°РіСЂСѓР¶Р°РµРј РёР· СЂРµРїРѕР·РёС‚РѕСЂРёСЏ
2026-05-03 17:57:40.048 [main] DEBUG org.hibernate.SQL - select uje1_0.id,uje1_0.email,uje1_0.first_name,uje1_0.is_active,uje1_0.last_name,uje1_0.password,uje1_0.role from users uje1_0
2026-05-03 17:57:40.170 [main] INFO  c.e.s.a.service.UserService - РџСЂРѕРјР°С… РєСЌС€Р° users.byId РґР»СЏ id=1: Р·Р°РіСЂСѓР¶Р°РµРј РёР· СЂРµРїРѕР·РёС‚РѕСЂРёСЏ
2026-05-03 17:57:40.183 [main] DEBUG org.hibernate.SQL - select uje1_0.id,uje1_0.email,uje1_0.first_name,uje1_0.is_active,uje1_0.last_name,uje1_0.password,uje1_0.role from users uje1_0 where uje1_0.id=?
2026-05-03 17:57:40.230 [main] DEBUG org.hibernate.SQL - update users set email=?,first_name=?,is_active=?,last_name=?,password=?,role=? where id=?
2026-05-03 17:57:40.243 [main] INFO  c.e.s.a.service.UserService - РћР±РЅРѕРІР»РµРЅ РїРѕР»СЊР·РѕРІР°С‚РµР»СЊ: id=1, email=cache-user-309519384475000@mail.test
2026-05-03 17:57:40.531 [main] DEBUG org.hibernate.SQL - select uje1_0.id from users uje1_0 where uje1_0.email=? fetch first ? rows only
2026-05-03 17:57:40.667 [main] DEBUG org.hibernate.SQL - insert into users (email,first_name,is_active,last_name,password,role) values (?,?,?,?,?,?)
2026-05-03 17:57:40.674 [main] INFO  c.e.s.a.service.AuthService - Р—Р°СЂРµРіРёСЃС‚СЂРёСЂРѕРІР°РЅ РїРѕР»СЊР·РѕРІР°С‚РµР»СЊ: cache-user-309520973197000@mail.test
2026-05-03 17:57:40.685 [main] INFO  c.e.s.a.service.UserService - РџСЂРѕРјР°С… РєСЌС€Р° users.findAll: Р·Р°РіСЂСѓР¶Р°РµРј РёР· СЂРµРїРѕР·РёС‚РѕСЂРёСЏ
2026-05-03 17:57:40.687 [main] DEBUG org.hibernate.SQL - select uje1_0.id,uje1_0.email,uje1_0.first_name,uje1_0.is_active,uje1_0.last_name,uje1_0.password,uje1_0.role from users uje1_0
2026-05-03 17:57:40.709 [main] INFO  c.e.s.a.service.UserService - РџСЂРѕРјР°С… РєСЌС€Р° users.byId РґР»СЏ id=2: Р·Р°РіСЂСѓР¶Р°РµРј РёР· СЂРµРїРѕР·РёС‚РѕСЂРёСЏ
2026-05-03 17:57:40.710 [main] DEBUG org.hibernate.SQL - select uje1_0.id,uje1_0.email,uje1_0.first_name,uje1_0.is_active,uje1_0.last_name,uje1_0.password,uje1_0.role from users uje1_0 where uje1_0.id=?
2026-05-03 17:57:40.844 [main] DEBUG org.hibernate.SQL - select uje1_0.id from users uje1_0 where uje1_0.email=? fetch first ? rows only
2026-05-03 17:57:40.975 [main] DEBUG org.hibernate.SQL - insert into users (email,first_name,is_active,last_name,password,role) values (?,?,?,?,?,?)
2026-05-03 17:57:40.981 [main] INFO  c.e.s.a.service.AuthService - Р—Р°СЂРµРіРёСЃС‚СЂРёСЂРѕРІР°РЅ РїРѕР»СЊР·РѕРІР°С‚РµР»СЊ: cache-user-309521289228600@mail.test
2026-05-03 17:57:41.122 [main] INFO  c.e.s.a.service.UserService - РџСЂРѕРјР°С… РєСЌС€Р° users.findAll: Р·Р°РіСЂСѓР¶Р°РµРј РёР· СЂРµРїРѕР·РёС‚РѕСЂРёСЏ
2026-05-03 17:57:41.124 [main] DEBUG org.hibernate.SQL - select uje1_0.id,uje1_0.email,uje1_0.first_name,uje1_0.is_active,uje1_0.last_name,uje1_0.password,uje1_0.role from users uje1_0
2026-05-03 18:04:40.252 [main] INFO  c.e.s.c.RestaurantIntegrationTest - Starting RestaurantIntegrationTest using Java 21.0.10 with PID 18944 (started by lidiya in C:\Users\lidiya\IdeaProjects\spring-jpa-lab)
2026-05-03 18:04:40.253 [main] DEBUG c.e.s.c.RestaurantIntegrationTest - Running with Spring Boot v4.0.0, Spring v7.0.1
2026-05-03 18:04:40.254 [main] INFO  c.e.s.c.RestaurantIntegrationTest - The following 1 profile is active: "test"
2026-05-03 18:04:57.061 [main] WARN  o.s.b.j.a.JpaBaseConfiguration$JpaWebConfiguration - spring.jpa.open-in-view is enabled by default. Therefore, database queries may be performed during view rendering. Explicitly configure spring.jpa.open-in-view to disable this warning
2026-05-03 18:04:59.686 [main] DEBUG c.e.s.s.JwtAuthenticationFilter - Filter 'jwtAuthenticationFilter' configured for use
2026-05-03 18:04:59.775 [main] INFO  c.e.s.c.RestaurantIntegrationTest - Started RestaurantIntegrationTest in 20.452 seconds (process running for 31.551)
2026-05-03 18:05:01.180 [main] DEBUG org.hibernate.SQL - select rje1_0.id,rje1_0.address,rje1_0.name from restaurants rje1_0 where rje1_0.name=?
2026-05-03 18:05:01.352 [main] DEBUG org.hibernate.SQL - insert into restaurants (address,name) values (?,?)
2026-05-03 18:05:01.420 [main] INFO  c.e.s.a.service.RestaurantService - РЎРѕР·РґР°РЅ СЂРµСЃС‚РѕСЂР°РЅ: id=1, name=Find Me
2026-05-03 18:05:12.636 [main] ERROR c.e.s.a.i.h.GlobalExceptionHandler - РќРµРїСЂРµРґРІРёРґРµРЅРЅР°СЏ РѕС€РёР±РєР°
org.springframework.data.redis.RedisConnectionFailureException: Unable to connect to Redis
	at org.springframework.data.redis.connection.lettuce.LettuceConnectionFactory$ExceptionTranslatingConnectionProvider.translateException(LettuceConnectionFactory.java:1868)
	at org.springframework.data.redis.connection.lettuce.LettuceConnectionFactory$ExceptionTranslatingConnectionProvider.getConnection(LettuceConnectionFactory.java:1799)
	at org.springframework.data.redis.connection.lettuce.LettuceConnectionFactory$SharedConnection.getNativeConnection(LettuceConnectionFactory.java:1596)
	at org.springframework.data.redis.connection.lettuce.LettuceConnectionFactory$SharedConnection.lambda$getConnection$0(LettuceConnectionFactory.java:1576)
	at org.springframework.data.redis.connection.lettuce.LettuceConnectionFactory.doInLock(LettuceConnectionFactory.java:1537)
	at org.springframework.data.redis.connection.lettuce.LettuceConnectionFactory$SharedConnection.getConnection(LettuceConnectionFactory.java:1573)
	at org.springframework.data.redis.connection.lettuce.LettuceConnectionFactory.getSharedConnection(LettuceConnectionFactory.java:1258)
	at org.springframework.data.redis.connection.lettuce.LettuceConnectionFactory.getConnection(LettuceConnectionFactory.java:1054)
	at org.springframework.data.redis.cache.DefaultRedisCacheWriter.execute(DefaultRedisCacheWriter.java:539)
	at org.springframework.data.redis.cache.DefaultRedisCacheWriter.get(DefaultRedisCacheWriter.java:245)
	at org.springframework.data.redis.cache.DefaultRedisCacheWriter.get(DefaultRedisCacheWriter.java:236)
	at org.springframework.data.redis.cache.RedisCache.lookup(RedisCache.java:186)
	at org.springframework.cache.support.AbstractValueAdaptingCache.get(AbstractValueAdaptingCache.java:58)
	at org.springframework.cache.interceptor.AbstractCacheInvoker.doGet(AbstractCacheInvoker.java:78)
	at org.springframework.cache.interceptor.CacheAspectSupport.findInCaches(CacheAspectSupport.java:563)
	at org.springframework.cache.interceptor.CacheAspectSupport.findCachedValue(CacheAspectSupport.java:513)
	at org.springframework.cache.interceptor.CacheAspectSupport.execute(CacheAspectSupport.java:438)
	at org.springframework.cache.interceptor.CacheAspectSupport.execute(CacheAspectSupport.java:404)
	at org.springframework.cache.interceptor.CacheInterceptor.invoke(CacheInterceptor.java:64)
	at org.springframework.aop.framework.ReflectiveMethodInvocation.proceed(ReflectiveMethodInvocation.java:179)
	at org.springframework.aop.framework.CglibAopProxy$DynamicAdvisedInterceptor.intercept(CglibAopProxy.java:719)
	at com.example.springjpalab.application.service.RestaurantService$$SpringCGLIB$$0.findById(<generated>)
	at com.example.springjpalab.adapter.input.controller.RestaurantController.getRestaurantById(RestaurantController.kt:195)
	at java.base/jdk.internal.reflect.DirectMethodHandleAccessor.invoke(DirectMethodHandleAccessor.java:103)
	at java.base/java.lang.reflect.Method.invoke(Method.java:580)
	at org.springframework.aop.support.AopUtils.invokeJoinpointUsingReflection(AopUtils.java:359)
	at org.springframework.aop.framework.ReflectiveMethodInvocation.invokeJoinpoint(ReflectiveMethodInvocation.java:190)
	at org.springframework.aop.framework.ReflectiveMethodInvocation.proceed(ReflectiveMethodInvocation.java:158)
	at org.springframework.validation.beanvalidation.MethodValidationInterceptor.invoke(MethodValidationInterceptor.java:171)
	at org.springframework.aop.framework.ReflectiveMethodInvocation.proceed(ReflectiveMethodInvocation.java:179)
	at org.springframework.aop.framework.CglibAopProxy$DynamicAdvisedInterceptor.intercept(CglibAopProxy.java:719)
	at com.example.springjpalab.adapter.input.controller.RestaurantController$$SpringCGLIB$$0.getRestaurantById(<generated>)
	at java.base/jdk.internal.reflect.DirectMethodHandleAccessor.invoke(DirectMethodHandleAccessor.java:103)
	at java.base/java.lang.reflect.Method.invoke(Method.java:580)
	at kotlin.reflect.jvm.internal.calls.CallerImpl$Method.callMethod(CallerImpl.kt:97)
	at kotlin.reflect.jvm.internal.calls.CallerImpl$Method$Instance.call(CallerImpl.kt:113)
	at kotlin.reflect.jvm.internal.KCallableImpl.callDefaultMethod$kotlin_reflection(KCallableImpl.kt:250)
	at kotlin.reflect.jvm.internal.KCallableImpl.callBy(KCallableImpl.kt:155)
	at org.springframework.web.method.support.InvocableHandlerMethod$KotlinDelegate.invokeFunction(InvocableHandlerMethod.java:336)
	at org.springframework.web.method.support.InvocableHandlerMethod.doInvoke(InvocableHandlerMethod.java:256)
	at org.springframework.web.method.support.InvocableHandlerMethod.invokeForRequest(InvocableHandlerMethod.java:190)
	at org.springframework.web.servlet.mvc.method.annotation.ServletInvocableHandlerMethod.invokeAndHandle(ServletInvocableHandlerMethod.java:117)
	at org.springframework.web.servlet.mvc.method.annotation.RequestMappingHandlerAdapter.invokeHandlerMethod(RequestMappingHandlerAdapter.java:934)
	at org.springframework.web.servlet.mvc.method.annotation.RequestMappingHandlerAdapter.handleInternal(RequestMappingHandlerAdapter.java:853)
	at org.springframework.web.servlet.mvc.method.AbstractHandlerMethodAdapter.handle(AbstractHandlerMethodAdapter.java:86)
	at org.springframework.web.servlet.DispatcherServlet.doDispatch(DispatcherServlet.java:963)
	at org.springframework.web.servlet.DispatcherServlet.doService(DispatcherServlet.java:866)
	at org.springframework.web.servlet.FrameworkServlet.processRequest(FrameworkServlet.java:1003)
	at org.springframework.web.servlet.FrameworkServlet.doGet(FrameworkServlet.java:892)
	at jakarta.servlet.http.HttpServlet.service(HttpServlet.java:622)
	at org.springframework.web.servlet.FrameworkServlet.service(FrameworkServlet.java:874)
	at org.springframework.test.web.servlet.TestDispatcherServlet.service(TestDispatcherServlet.java:72)
	at jakarta.servlet.http.HttpServlet.service(HttpServlet.java:710)
	at org.springframework.mock.web.MockFilterChain$ServletFilterProxy.doFilter(MockFilterChain.java:160)
	at org.springframework.mock.web.MockFilterChain.doFilter(MockFilterChain.java:127)
	at org.springframework.web.filter.OncePerRequestFilter.doFilter(OncePerRequestFilter.java:110)
	at org.springframework.test.web.servlet.setup.MockMvcFilterDecorator.doFilter(MockMvcFilterDecorator.java:160)
	at org.springframework.mock.web.MockFilterChain.doFilter(MockFilterChain.java:127)
	at org.springframework.web.filter.CompositeFilter$VirtualFilterChain.doFilter(CompositeFilter.java:108)
	at org.springframework.security.web.FilterChainProxy.lambda$doFilterInternal$3(FilterChainProxy.java:235)
	at org.springframework.security.web.FilterChainProxy$VirtualFilterChain.doFilter(FilterChainProxy.java:371)
	at org.springframework.security.web.access.intercept.AuthorizationFilter.doFilter(AuthorizationFilter.java:101)
	at org.springframework.security.web.FilterChainProxy$VirtualFilterChain.doFilter(FilterChainProxy.java:380)
	at org.springframework.security.web.access.ExceptionTranslationFilter.doFilter(ExceptionTranslationFilter.java:126)
	at org.springframework.security.web.access.ExceptionTranslationFilter.doFilter(ExceptionTranslationFilter.java:120)
	at org.springframework.security.web.FilterChainProxy$VirtualFilterChain.doFilter(FilterChainProxy.java:380)
	at org.springframework.security.web.session.SessionManagementFilter.doFilter(SessionManagementFilter.java:132)
	at org.springframework.security.web.session.SessionManagementFilter.doFilter(SessionManagementFilter.java:86)
	at org.springframework.security.web.FilterChainProxy$VirtualFilterChain.doFilter(FilterChainProxy.java:380)
	at org.springframework.security.web.authentication.AnonymousAuthenticationFilter.doFilter(AnonymousAuthenticationFilter.java:100)
	at org.springframework.security.web.FilterChainProxy$VirtualFilterChain.doFilter(FilterChainProxy.java:380)
	at org.springframework.security.web.servletapi.SecurityContextHolderAwareRequestFilter.doFilter(SecurityContextHolderAwareRequestFilter.java:181)
	at org.springframework.security.web.FilterChainProxy$VirtualFilterChain.doFilter(FilterChainProxy.java:380)
	at org.springframework.security.web.savedrequest.RequestCacheAwareFilter.doFilter(RequestCacheAwareFilter.java:63)
	at org.springframework.security.web.FilterChainProxy$VirtualFilterChain.doFilter(FilterChainProxy.java:380)
	at com.example.springjpalab.security.JwtAuthenticationFilter.doFilterInternal(JwtAuthenticationFilter.kt:29)
	at org.springframework.web.filter.OncePerRequestFilter.doFilter(OncePerRequestFilter.java:116)
	at org.springframework.security.web.FilterChainProxy$VirtualFilterChain.doFilter(FilterChainProxy.java:380)
	at org.springframework.security.web.authentication.logout.LogoutFilter.doFilter(LogoutFilter.java:110)
	at org.springframework.security.web.authentication.logout.LogoutFilter.doFilter(LogoutFilter.java:96)
	at org.springframework.security.web.FilterChainProxy$VirtualFilterChain.doFilter(FilterChainProxy.java:380)
	at org.springframework.security.web.header.HeaderWriterFilter.doHeadersAfter(HeaderWriterFilter.java:90)
	at org.springframework.security.web.header.HeaderWriterFilter.doFilterInternal(HeaderWriterFilter.java:75)
	at org.springframework.web.filter.OncePerRequestFilter.doFilter(OncePerRequestFilter.java:116)
	at org.springframework.security.web.FilterChainProxy$VirtualFilterChain.doFilter(FilterChainProxy.java:380)
	at org.springframework.security.web.context.SecurityContextHolderFilter.doFilter(SecurityContextHolderFilter.java:82)
	at org.springframework.security.web.context.SecurityContextHolderFilter.doFilter(SecurityContextHolderFilter.java:69)
	at org.springframework.security.web.FilterChainProxy$VirtualFilterChain.doFilter(FilterChainProxy.java:380)
	at org.springframework.security.web.context.request.async.WebAsyncManagerIntegrationFilter.doFilterInternal(WebAsyncManagerIntegrationFilter.java:62)
	at org.springframework.web.filter.OncePerRequestFilter.doFilter(OncePerRequestFilter.java:116)
	at org.springframework.security.web.FilterChainProxy$VirtualFilterChain.doFilter(FilterChainProxy.java:380)
	at org.springframework.security.web.session.DisableEncodeUrlFilter.doFilterInternal(DisableEncodeUrlFilter.java:42)
	at org.springframework.web.filter.OncePerRequestFilter.doFilter(OncePerRequestFilter.java:116)
	at org.springframework.security.web.FilterChainProxy$VirtualFilterChain.doFilter(FilterChainProxy.java:380)
	at org.springframework.security.web.FilterChainProxy.doFilterInternal(FilterChainProxy.java:237)
	at org.springframework.security.web.FilterChainProxy.doFilter(FilterChainProxy.java:195)
	at org.springframework.web.filter.CompositeFilter$VirtualFilterChain.doFilter(CompositeFilter.java:113)
	at org.springframework.web.filter.ServletRequestPathFilter.doFilter(ServletRequestPathFilter.java:52)
	at org.springframework.web.filter.CompositeFilter$VirtualFilterChain.doFilter(CompositeFilter.java:113)
	at org.springframework.web.filter.CompositeFilter.doFilter(CompositeFilter.java:74)
	at org.springframework.security.config.annotation.web.configuration.WebSecurityConfiguration$CompositeFilterChainProxy.doFilter(WebSecurityConfiguration.java:317)
	at org.springframework.web.filter.DelegatingFilterProxy.invokeDelegate(DelegatingFilterProxy.java:355)
	at org.springframework.web.filter.DelegatingFilterProxy.doFilter(DelegatingFilterProxy.java:272)
	at org.springframework.test.web.servlet.setup.MockMvcFilterDecorator.doFilter(MockMvcFilterDecorator.java:160)
	at org.springframework.mock.web.MockFilterChain.doFilter(MockFilterChain.java:127)
	at org.springframework.web.filter.RequestContextFilter.doFilterInternal(RequestContextFilter.java:100)
	at org.springframework.web.filter.OncePerRequestFilter.doFilter(OncePerRequestFilter.java:116)
	at org.springframework.test.web.servlet.setup.MockMvcFilterDecorator.doFilter(MockMvcFilterDecorator.java:160)
	at org.springframework.mock.web.MockFilterChain.doFilter(MockFilterChain.java:127)
	at org.springframework.web.filter.FormContentFilter.doFilterInternal(FormContentFilter.java:93)
	at org.springframework.web.filter.OncePerRequestFilter.doFilter(OncePerRequestFilter.java:116)
	at org.springframework.test.web.servlet.setup.MockMvcFilterDecorator.doFilter(MockMvcFilterDecorator.java:160)
	at org.springframework.mock.web.MockFilterChain.doFilter(MockFilterChain.java:127)
	at org.springframework.web.filter.CharacterEncodingFilter.doFilterInternal(CharacterEncodingFilter.java:199)
	at org.springframework.web.filter.OncePerRequestFilter.doFilter(OncePerRequestFilter.java:116)
	at org.springframework.test.web.servlet.setup.MockMvcFilterDecorator.doFilter(MockMvcFilterDecorator.java:160)
	at org.springframework.mock.web.MockFilterChain.doFilter(MockFilterChain.java:127)
	at org.springframework.test.web.servlet.MockMvc.perform(MockMvc.java:199)
	at com.example.springjpalab.controller.RestaurantIntegrationTest.GET restaurant РїРѕ id РІРѕР·РІСЂР°С‰Р°РµС‚ 200(RestaurantIntegrationTest.kt:146)
	at java.base/jdk.internal.reflect.DirectMethodHandleAccessor.invoke(DirectMethodHandleAccessor.java:103)
	at java.base/java.lang.reflect.Method.invoke(Method.java:580)
	at org.junit.platform.commons.util.ReflectionUtils.invokeMethod(ReflectionUtils.java:701)
	at org.junit.platform.commons.support.ReflectionSupport.invokeMethod(ReflectionSupport.java:502)
	at org.junit.jupiter.engine.support.MethodReflectionUtils.invoke(MethodReflectionUtils.java:45)
	at org.junit.jupiter.engine.execution.MethodInvocation.proceed(MethodInvocation.java:61)
	at org.junit.jupiter.engine.execution.InvocationInterceptorChain$ValidatingInvocation.proceed(InvocationInterceptorChain.java:124)
	at org.junit.jupiter.engine.extension.TimeoutExtension.intercept(TimeoutExtension.java:163)
	at org.junit.jupiter.engine.extension.TimeoutExtension.interceptTestableMethod(TimeoutExtension.java:148)
	at org.junit.jupiter.engine.extension.TimeoutExtension.interceptTestMethod(TimeoutExtension.java:86)
	at org.junit.jupiter.engine.execution.InterceptingExecutableInvoker$ReflectiveInterceptorCall.lambda$ofVoidMethod$0(InterceptingExecutableInvoker.java:123)
	at org.junit.jupiter.engine.execution.InterceptingExecutableInvoker.lambda$invoke$0(InterceptingExecutableInvoker.java:105)
	at org.junit.jupiter.engine.execution.InvocationInterceptorChain$InterceptedInvocation.proceed(InvocationInterceptorChain.java:99)
	at org.junit.jupiter.engine.execution.InvocationInterceptorChain.proceed(InvocationInterceptorChain.java:66)
	at org.junit.jupiter.engine.execution.InvocationInterceptorChain.chainAndInvoke(InvocationInterceptorChain.java:47)
	at org.junit.jupiter.engine.execution.InvocationInterceptorChain.invoke(InvocationInterceptorChain.java:39)
	at org.junit.jupiter.engine.execution.InterceptingExecutableInvoker.invoke(InterceptingExecutableInvoker.java:104)
	at org.junit.jupiter.engine.execution.InterceptingExecutableInvoker.invoke(InterceptingExecutableInvoker.java:98)
	at org.junit.jupiter.engine.execution.InterceptingExecutableInvoker.invokeVoid(InterceptingExecutableInvoker.java:71)
	at org.junit.jupiter.engine.descriptor.TestMethodTestDescriptor.lambda$invokeTestMethod$0(TestMethodTestDescriptor.java:219)
	at org.junit.platform.engine.support.hierarchical.ThrowableCollector.execute(ThrowableCollector.java:74)
	at org.junit.jupiter.engine.descriptor.TestMethodTestDescriptor.invokeTestMethod(TestMethodTestDescriptor.java:215)
	at org.junit.jupiter.engine.descriptor.TestMethodTestDescriptor.execute(TestMethodTestDescriptor.java:157)
	at org.junit.jupiter.engine.descriptor.TestMethodTestDescriptor.execute(TestMethodTestDescriptor.java:70)
	at org.junit.platform.engine.support.hierarchical.NodeTestTask.lambda$executeRecursively$2(NodeTestTask.java:176)
	at org.junit.platform.engine.support.hierarchical.ThrowableCollector.execute(ThrowableCollector.java:74)
	at org.junit.platform.engine.support.hierarchical.NodeTestTask.lambda$executeRecursively$1(NodeTestTask.java:166)
	at org.junit.platform.engine.support.hierarchical.Node.around(Node.java:138)
	at org.junit.platform.engine.support.hierarchical.NodeTestTask.lambda$executeRecursively$0(NodeTestTask.java:164)
	at org.junit.platform.engine.support.hierarchical.ThrowableCollector.execute(ThrowableCollector.java:74)
	at org.junit.platform.engine.support.hierarchical.NodeTestTask.executeRecursively(NodeTestTask.java:163)
	at org.junit.platform.engine.support.hierarchical.NodeTestTask.execute(NodeTestTask.java:116)
	at java.base/java.util.ArrayList.forEach(ArrayList.java:1596)
	at org.junit.platform.engine.support.hierarchical.SameThreadHierarchicalTestExecutorService.invokeAll(SameThreadHierarchicalTestExecutorService.java:42)
	at org.junit.platform.engine.support.hierarchical.NodeTestTask.lambda$executeRecursively$2(NodeTestTask.java:180)
	at org.junit.platform.engine.support.hierarchical.ThrowableCollector.execute(ThrowableCollector.java:74)
	at org.junit.platform.engine.support.hierarchical.NodeTestTask.lambda$executeRecursively$1(NodeTestTask.java:166)
	at org.junit.platform.engine.support.hierarchical.Node.around(Node.java:138)
	at org.junit.platform.engine.support.hierarchical.NodeTestTask.lambda$executeRecursively$0(NodeTestTask.java:164)
	at org.junit.platform.engine.support.hierarchical.ThrowableCollector.execute(ThrowableCollector.java:74)
	at org.junit.platform.engine.support.hierarchical.NodeTestTask.executeRecursively(NodeTestTask.java:163)
	at org.junit.platform.engine.support.hierarchical.NodeTestTask.execute(NodeTestTask.java:116)
	at java.base/java.util.ArrayList.forEach(ArrayList.java:1596)
	at org.junit.platform.engine.support.hierarchical.SameThreadHierarchicalTestExecutorService.invokeAll(SameThreadHierarchicalTestExecutorService.java:42)
	at org.junit.platform.engine.support.hierarchical.NodeTestTask.lambda$executeRecursively$2(NodeTestTask.java:180)
	at org.junit.platform.engine.support.hierarchical.ThrowableCollector.execute(ThrowableCollector.java:74)
	at org.junit.platform.engine.support.hierarchical.NodeTestTask.lambda$executeRecursively$1(NodeTestTask.java:166)
	at org.junit.platform.engine.support.hierarchical.Node.around(Node.java:138)
	at org.junit.platform.engine.support.hierarchical.NodeTestTask.lambda$executeRecursively$0(NodeTestTask.java:164)
	at org.junit.platform.engine.support.hierarchical.ThrowableCollector.execute(ThrowableCollector.java:74)
	at org.junit.platform.engine.support.hierarchical.NodeTestTask.executeRecursively(NodeTestTask.java:163)
	at org.junit.platform.engine.support.hierarchical.NodeTestTask.execute(NodeTestTask.java:116)
	at org.junit.platform.engine.support.hierarchical.SameThreadHierarchicalTestExecutorService.submit(SameThreadHierarchicalTestExecutorService.java:36)
	at org.junit.platform.engine.support.hierarchical.HierarchicalTestExecutor.execute(HierarchicalTestExecutor.java:52)
	at org.junit.platform.engine.support.hierarchical.HierarchicalTestEngine.execute(HierarchicalTestEngine.java:58)
	at org.junit.platform.launcher.core.EngineExecutionOrchestrator.executeEngine(EngineExecutionOrchestrator.java:246)
	at org.junit.platform.launcher.core.EngineExecutionOrchestrator.failOrExecuteEngine(EngineExecutionOrchestrator.java:218)
	at org.junit.platform.launcher.core.EngineExecutionOrchestrator.execute(EngineExecutionOrchestrator.java:179)
	at org.junit.platform.launcher.core.EngineExecutionOrchestrator.execute(EngineExecutionOrchestrator.java:108)
	at org.junit.platform.launcher.core.EngineExecutionOrchestrator.lambda$execute$0(EngineExecutionOrchestrator.java:66)
	at org.junit.platform.launcher.core.EngineExecutionOrchestrator.withInterceptedStreams(EngineExecutionOrchestrator.java:157)
	at org.junit.platform.launcher.core.EngineExecutionOrchestrator.execute(EngineExecutionOrchestrator.java:65)
	at org.junit.platform.launcher.core.DefaultLauncher.execute(DefaultLauncher.java:125)
	at org.junit.platform.launcher.core.DefaultLauncher.execute(DefaultLauncher.java:114)
	at org.junit.platform.launcher.core.DefaultLauncher.execute(DefaultLauncher.java:93)
	at org.junit.platform.launcher.core.DelegatingLauncher.execute(DelegatingLauncher.java:48)
	at org.junit.platform.launcher.core.InterceptingLauncher.lambda$execute$0(InterceptingLauncher.java:41)
	at org.junit.platform.launcher.core.ClasspathAlignmentCheckingLauncherInterceptor.intercept(ClasspathAlignmentCheckingLauncherInterceptor.java:25)
	at org.junit.platform.launcher.core.InterceptingLauncher.execute(InterceptingLauncher.java:40)
	at org.junit.platform.launcher.core.DelegatingLauncher.execute(DelegatingLauncher.java:48)
	at org.junit.platform.launcher.core.SessionPerRequestLauncher.execute(SessionPerRequestLauncher.java:67)
	at com.intellij.junit6.JUnit6IdeaTestRunner.startRunnerWithArgs(JUnit6IdeaTestRunner.java:67)
	at com.intellij.rt.junit.IdeaTestRunner$Repeater$1.execute(IdeaTestRunner.java:38)
	at com.intellij.rt.execution.junit.TestsRepeater.repeat(TestsRepeater.java:11)
	at com.intellij.rt.junit.IdeaTestRunner$Repeater.startRunnerWithArgs(IdeaTestRunner.java:35)
	at com.intellij.rt.junit.JUnitStarter.prepareStreamsAndStart(JUnitStarter.java:237)
	at com.intellij.rt.junit.JUnitStarter.main(JUnitStarter.java:58)
Caused by: io.lettuce.core.RedisConnectionException: Unable to connect to redis/<unresolved>:6379
	at io.lettuce.core.RedisConnectionException.create(RedisConnectionException.java:63)
	at io.lettuce.core.RedisConnectionException.create(RedisConnectionException.java:41)
	at io.lettuce.core.AbstractRedisClient.getConnection(AbstractRedisClient.java:352)
	at io.lettuce.core.RedisClient.connect(RedisClient.java:220)
	at org.springframework.data.redis.connection.lettuce.StandaloneConnectionProvider.lambda$getConnection$1(StandaloneConnectionProvider.java:113)
	at java.base/java.util.Optional.orElseGet(Optional.java:364)
	at org.springframework.data.redis.connection.lettuce.StandaloneConnectionProvider.getConnection(StandaloneConnectionProvider.java:113)
	at org.springframework.data.redis.connection.lettuce.LettuceConnectionFactory$ExceptionTranslatingConnectionProvider.getConnection(LettuceConnectionFactory.java:1797)
	... 194 common frames omitted
Caused by: java.net.UnknownHostException: Failed to resolve 'redis' [A(1), AAAA(28)] after 4 queries 
	at io.netty.resolver.dns.DnsResolveContext.finishResolve(DnsResolveContext.java:1137)
	at io.netty.resolver.dns.DnsResolveContext.tryToFinishResolve(DnsResolveContext.java:1084)
	at io.netty.resolver.dns.DnsResolveContext.query(DnsResolveContext.java:443)
	at io.netty.resolver.dns.DnsResolveContext.access$700(DnsResolveContext.java:69)
	at io.netty.resolver.dns.DnsResolveContext$2.operationComplete(DnsResolveContext.java:512)
	at io.netty.util.concurrent.DefaultPromise.notifyListener0(DefaultPromise.java:604)
	at io.netty.util.concurrent.DefaultPromise.notifyListeners0(DefaultPromise.java:597)
	at io.netty.util.concurrent.DefaultPromise.notifyListenersNow(DefaultPromise.java:573)
	at io.netty.util.concurrent.DefaultPromise.notifyListeners(DefaultPromise.java:506)
	at io.netty.util.concurrent.DefaultPromise.setValue0(DefaultPromise.java:650)
	at io.netty.util.concurrent.DefaultPromise.setFailure0(DefaultPromise.java:643)
	at io.netty.util.concurrent.DefaultPromise.tryFailure(DefaultPromise.java:132)
	at io.netty.resolver.dns.DnsQueryContext.finishFailure(DnsQueryContext.java:343)
	at io.netty.resolver.dns.DnsQueryContext$4.run(DnsQueryContext.java:278)
	at io.netty.util.concurrent.PromiseTask.runTask(PromiseTask.java:98)
	at io.netty.util.concurrent.ScheduledFutureTask.run(ScheduledFutureTask.java:160)
	at io.netty.util.concurrent.AbstractEventExecutor.runTask(AbstractEventExecutor.java:148)
	at io.netty.util.concurrent.AbstractEventExecutor.safeExecute$$$capture(AbstractEventExecutor.java:141)
	at io.netty.util.concurrent.AbstractEventExecutor.safeExecute(AbstractEventExecutor.java)
	at io.netty.util.concurrent.SingleThreadEventExecutor.runAllTasks(SingleThreadEventExecutor.java:535)
	at io.netty.channel.SingleThreadIoEventLoop.run(SingleThreadIoEventLoop.java:201)
	at io.netty.util.concurrent.SingleThreadEventExecutor$5.run(SingleThreadEventExecutor.java:1193)
	at io.netty.util.internal.ThreadExecutorMap$2.run(ThreadExecutorMap.java:74)
	at io.netty.util.concurrent.FastThreadLocalRunnable.run(FastThreadLocalRunnable.java:30)
	at java.base/java.lang.Thread.run(Thread.java:1583)
Caused by: io.netty.resolver.dns.DnsNameResolverTimeoutException: [6764: /192.168.0.1:53] DefaultDnsQuestion(redis. IN AAAA) query '6764' via UDP timed out after 5000 milliseconds (no stack trace available)
2026-05-03 18:05:12.759 [main] WARN  c.e.s.a.i.h.GlobalExceptionHandler - MethodArgumentNotValidException: Validation failed for argument [0] in public org.springframework.http.ResponseEntity<com.example.springjpalab.adapter.input.dto.restaurant.RestaurantResponse> com.example.springjpalab.adapter.input.controller.RestaurantController.createRestaurant(com.example.springjpalab.adapter.input.dto.restaurant.RestaurantCreateRequest) with 2 errors: [Field error in object 'restaurantCreateRequest' on field 'name': rejected value []; codes [Size.restaurantCreateRequest.name,Size.name,Size.java.lang.String,Size]; arguments [org.springframework.context.support.DefaultMessageSourceResolvable: codes [restaurantCreateRequest.name,name]; arguments []; default message [name],2147483647,1]; default message [Name must be at least 1 character]] [Field error in object 'restaurantCreateRequest' on field 'name': rejected value []; codes [NotBlank.restaurantCreateRequest.name,NotBlank.name,NotBlank.java.lang.String,NotBlank]; arguments [org.springframework.context.support.DefaultMessageSourceResolvable: codes [restaurantCreateRequest.name,name]; arguments []; default message [name]]; default message [Name cannot be blank]] 
2026-05-03 18:05:17.907 [main] ERROR c.e.s.a.i.h.GlobalExceptionHandler - РќРµРїСЂРµРґРІРёРґРµРЅРЅР°СЏ РѕС€РёР±РєР°
org.springframework.data.redis.RedisConnectionFailureException: Unable to connect to Redis
	at org.springframework.data.redis.connection.lettuce.LettuceConnectionFactory$ExceptionTranslatingConnectionProvider.translateException(LettuceConnectionFactory.java:1868)
	at org.springframework.data.redis.connection.lettuce.LettuceConnectionFactory$ExceptionTranslatingConnectionProvider.getConnection(LettuceConnectionFactory.java:1799)
	at org.springframework.data.redis.connection.lettuce.LettuceConnectionFactory$SharedConnection.getNativeConnection(LettuceConnectionFactory.java:1596)
	at org.springframework.data.redis.connection.lettuce.LettuceConnectionFactory$SharedConnection.lambda$getConnection$0(LettuceConnectionFactory.java:1576)
	at org.springframework.data.redis.connection.lettuce.LettuceConnectionFactory.doInLock(LettuceConnectionFactory.java:1537)
	at org.springframework.data.redis.connection.lettuce.LettuceConnectionFactory$SharedConnection.getConnection(LettuceConnectionFactory.java:1573)
	at org.springframework.data.redis.connection.lettuce.LettuceConnectionFactory.getSharedConnection(LettuceConnectionFactory.java:1258)
	at org.springframework.data.redis.connection.lettuce.LettuceConnectionFactory.getConnection(LettuceConnectionFactory.java:1054)
	at org.springframework.data.redis.cache.DefaultRedisCacheWriter.execute(DefaultRedisCacheWriter.java:539)
	at org.springframework.data.redis.cache.DefaultRedisCacheWriter.get(DefaultRedisCacheWriter.java:245)
	at org.springframework.data.redis.cache.DefaultRedisCacheWriter.get(DefaultRedisCacheWriter.java:236)
	at org.springframework.data.redis.cache.RedisCache.lookup(RedisCache.java:186)
	at org.springframework.cache.support.AbstractValueAdaptingCache.get(AbstractValueAdaptingCache.java:58)
	at org.springframework.cache.interceptor.AbstractCacheInvoker.doGet(AbstractCacheInvoker.java:78)
	at org.springframework.cache.interceptor.CacheAspectSupport.findInCaches(CacheAspectSupport.java:563)
	at org.springframework.cache.interceptor.CacheAspectSupport.findCachedValue(CacheAspectSupport.java:513)
	at org.springframework.cache.interceptor.CacheAspectSupport.execute(CacheAspectSupport.java:438)
	at org.springframework.cache.interceptor.CacheAspectSupport.execute(CacheAspectSupport.java:404)
	at org.springframework.cache.interceptor.CacheInterceptor.invoke(CacheInterceptor.java:64)
	at org.springframework.aop.framework.ReflectiveMethodInvocation.proceed(ReflectiveMethodInvocation.java:179)
	at org.springframework.aop.framework.CglibAopProxy$DynamicAdvisedInterceptor.intercept(CglibAopProxy.java:719)
	at com.example.springjpalab.application.service.RestaurantService$$SpringCGLIB$$0.findById(<generated>)
	at com.example.springjpalab.adapter.input.controller.RestaurantController.getRestaurantById(RestaurantController.kt:195)
	at java.base/jdk.internal.reflect.DirectMethodHandleAccessor.invoke(DirectMethodHandleAccessor.java:103)
	at java.base/java.lang.reflect.Method.invoke(Method.java:580)
	at org.springframework.aop.support.AopUtils.invokeJoinpointUsingReflection(AopUtils.java:359)
	at org.springframework.aop.framework.ReflectiveMethodInvocation.invokeJoinpoint(ReflectiveMethodInvocation.java:190)
	at org.springframework.aop.framework.ReflectiveMethodInvocation.proceed(ReflectiveMethodInvocation.java:158)
	at org.springframework.validation.beanvalidation.MethodValidationInterceptor.invoke(MethodValidationInterceptor.java:171)
	at org.springframework.aop.framework.ReflectiveMethodInvocation.proceed(ReflectiveMethodInvocation.java:179)
	at org.springframework.aop.framework.CglibAopProxy$DynamicAdvisedInterceptor.intercept(CglibAopProxy.java:719)
	at com.example.springjpalab.adapter.input.controller.RestaurantController$$SpringCGLIB$$0.getRestaurantById(<generated>)
	at java.base/jdk.internal.reflect.DirectMethodHandleAccessor.invoke(DirectMethodHandleAccessor.java:103)
	at java.base/java.lang.reflect.Method.invoke(Method.java:580)
	at kotlin.reflect.jvm.internal.calls.CallerImpl$Method.callMethod(CallerImpl.kt:97)
	at kotlin.reflect.jvm.internal.calls.CallerImpl$Method$Instance.call(CallerImpl.kt:113)
	at kotlin.reflect.jvm.internal.KCallableImpl.callDefaultMethod$kotlin_reflection(KCallableImpl.kt:250)
	at kotlin.reflect.jvm.internal.KCallableImpl.callBy(KCallableImpl.kt:155)
	at org.springframework.web.method.support.InvocableHandlerMethod$KotlinDelegate.invokeFunction(InvocableHandlerMethod.java:336)
	at org.springframework.web.method.support.InvocableHandlerMethod.doInvoke(InvocableHandlerMethod.java:256)
	at org.springframework.web.method.support.InvocableHandlerMethod.invokeForRequest(InvocableHandlerMethod.java:190)
	at org.springframework.web.servlet.mvc.method.annotation.ServletInvocableHandlerMethod.invokeAndHandle(ServletInvocableHandlerMethod.java:117)
	at org.springframework.web.servlet.mvc.method.annotation.RequestMappingHandlerAdapter.invokeHandlerMethod(RequestMappingHandlerAdapter.java:934)
	at org.springframework.web.servlet.mvc.method.annotation.RequestMappingHandlerAdapter.handleInternal(RequestMappingHandlerAdapter.java:853)
	at org.springframework.web.servlet.mvc.method.AbstractHandlerMethodAdapter.handle(AbstractHandlerMethodAdapter.java:86)
	at org.springframework.web.servlet.DispatcherServlet.doDispatch(DispatcherServlet.java:963)
	at org.springframework.web.servlet.DispatcherServlet.doService(DispatcherServlet.java:866)
	at org.springframework.web.servlet.FrameworkServlet.processRequest(FrameworkServlet.java:1003)
	at org.springframework.web.servlet.FrameworkServlet.doGet(FrameworkServlet.java:892)
	at jakarta.servlet.http.HttpServlet.service(HttpServlet.java:622)
	at org.springframework.web.servlet.FrameworkServlet.service(FrameworkServlet.java:874)
	at org.springframework.test.web.servlet.TestDispatcherServlet.service(TestDispatcherServlet.java:72)
	at jakarta.servlet.http.HttpServlet.service(HttpServlet.java:710)
	at org.springframework.mock.web.MockFilterChain$ServletFilterProxy.doFilter(MockFilterChain.java:160)
	at org.springframework.mock.web.MockFilterChain.doFilter(MockFilterChain.java:127)
	at org.springframework.web.filter.OncePerRequestFilter.doFilter(OncePerRequestFilter.java:110)
	at org.springframework.test.web.servlet.setup.MockMvcFilterDecorator.doFilter(MockMvcFilterDecorator.java:160)
	at org.springframework.mock.web.MockFilterChain.doFilter(MockFilterChain.java:127)
	at org.springframework.web.filter.CompositeFilter$VirtualFilterChain.doFilter(CompositeFilter.java:108)
	at org.springframework.security.web.FilterChainProxy.lambda$doFilterInternal$3(FilterChainProxy.java:235)
	at org.springframework.security.web.FilterChainProxy$VirtualFilterChain.doFilter(FilterChainProxy.java:371)
	at org.springframework.security.web.access.intercept.AuthorizationFilter.doFilter(AuthorizationFilter.java:101)
	at org.springframework.security.web.FilterChainProxy$VirtualFilterChain.doFilter(FilterChainProxy.java:380)
	at org.springframework.security.web.access.ExceptionTranslationFilter.doFilter(ExceptionTranslationFilter.java:126)
	at org.springframework.security.web.access.ExceptionTranslationFilter.doFilter(ExceptionTranslationFilter.java:120)
	at org.springframework.security.web.FilterChainProxy$VirtualFilterChain.doFilter(FilterChainProxy.java:380)
	at org.springframework.security.web.session.SessionManagementFilter.doFilter(SessionManagementFilter.java:132)
	at org.springframework.security.web.session.SessionManagementFilter.doFilter(SessionManagementFilter.java:86)
	at org.springframework.security.web.FilterChainProxy$VirtualFilterChain.doFilter(FilterChainProxy.java:380)
	at org.springframework.security.web.authentication.AnonymousAuthenticationFilter.doFilter(AnonymousAuthenticationFilter.java:100)
	at org.springframework.security.web.FilterChainProxy$VirtualFilterChain.doFilter(FilterChainProxy.java:380)
	at org.springframework.security.web.servletapi.SecurityContextHolderAwareRequestFilter.doFilter(SecurityContextHolderAwareRequestFilter.java:181)
	at org.springframework.security.web.FilterChainProxy$VirtualFilterChain.doFilter(FilterChainProxy.java:380)
	at org.springframework.security.web.savedrequest.RequestCacheAwareFilter.doFilter(RequestCacheAwareFilter.java:63)
	at org.springframework.security.web.FilterChainProxy$VirtualFilterChain.doFilter(FilterChainProxy.java:380)
	at com.example.springjpalab.security.JwtAuthenticationFilter.doFilterInternal(JwtAuthenticationFilter.kt:29)
	at org.springframework.web.filter.OncePerRequestFilter.doFilter(OncePerRequestFilter.java:116)
	at org.springframework.security.web.FilterChainProxy$VirtualFilterChain.doFilter(FilterChainProxy.java:380)
	at org.springframework.security.web.authentication.logout.LogoutFilter.doFilter(LogoutFilter.java:110)
	at org.springframework.security.web.authentication.logout.LogoutFilter.doFilter(LogoutFilter.java:96)
	at org.springframework.security.web.FilterChainProxy$VirtualFilterChain.doFilter(FilterChainProxy.java:380)
	at org.springframework.security.web.header.HeaderWriterFilter.doHeadersAfter(HeaderWriterFilter.java:90)
	at org.springframework.security.web.header.HeaderWriterFilter.doFilterInternal(HeaderWriterFilter.java:75)
	at org.springframework.web.filter.OncePerRequestFilter.doFilter(OncePerRequestFilter.java:116)
	at org.springframework.security.web.FilterChainProxy$VirtualFilterChain.doFilter(FilterChainProxy.java:380)
	at org.springframework.security.web.context.SecurityContextHolderFilter.doFilter(SecurityContextHolderFilter.java:82)
	at org.springframework.security.web.context.SecurityContextHolderFilter.doFilter(SecurityContextHolderFilter.java:69)
	at org.springframework.security.web.FilterChainProxy$VirtualFilterChain.doFilter(FilterChainProxy.java:380)
	at org.springframework.security.web.context.request.async.WebAsyncManagerIntegrationFilter.doFilterInternal(WebAsyncManagerIntegrationFilter.java:62)
	at org.springframework.web.filter.OncePerRequestFilter.doFilter(OncePerRequestFilter.java:116)
	at org.springframework.security.web.FilterChainProxy$VirtualFilterChain.doFilter(FilterChainProxy.java:380)
	at org.springframework.security.web.session.DisableEncodeUrlFilter.doFilterInternal(DisableEncodeUrlFilter.java:42)
	at org.springframework.web.filter.OncePerRequestFilter.doFilter(OncePerRequestFilter.java:116)
	at org.springframework.security.web.FilterChainProxy$VirtualFilterChain.doFilter(FilterChainProxy.java:380)
	at org.springframework.security.web.FilterChainProxy.doFilterInternal(FilterChainProxy.java:237)
	at org.springframework.security.web.FilterChainProxy.doFilter(FilterChainProxy.java:195)
	at org.springframework.web.filter.CompositeFilter$VirtualFilterChain.doFilter(CompositeFilter.java:113)
	at org.springframework.web.filter.ServletRequestPathFilter.doFilter(ServletRequestPathFilter.java:52)
	at org.springframework.web.filter.CompositeFilter$VirtualFilterChain.doFilter(CompositeFilter.java:113)
	at org.springframework.web.filter.CompositeFilter.doFilter(CompositeFilter.java:74)
	at org.springframework.security.config.annotation.web.configuration.WebSecurityConfiguration$CompositeFilterChainProxy.doFilter(WebSecurityConfiguration.java:317)
	at org.springframework.web.filter.DelegatingFilterProxy.invokeDelegate(DelegatingFilterProxy.java:355)
	at org.springframework.web.filter.DelegatingFilterProxy.doFilter(DelegatingFilterProxy.java:272)
	at org.springframework.test.web.servlet.setup.MockMvcFilterDecorator.doFilter(MockMvcFilterDecorator.java:160)
	at org.springframework.mock.web.MockFilterChain.doFilter(MockFilterChain.java:127)
	at org.springframework.web.filter.RequestContextFilter.doFilterInternal(RequestContextFilter.java:100)
	at org.springframework.web.filter.OncePerRequestFilter.doFilter(OncePerRequestFilter.java:116)
	at org.springframework.test.web.servlet.setup.MockMvcFilterDecorator.doFilter(MockMvcFilterDecorator.java:160)
	at org.springframework.mock.web.MockFilterChain.doFilter(MockFilterChain.java:127)
	at org.springframework.web.filter.FormContentFilter.doFilterInternal(FormContentFilter.java:93)
	at org.springframework.web.filter.OncePerRequestFilter.doFilter(OncePerRequestFilter.java:116)
	at org.springframework.test.web.servlet.setup.MockMvcFilterDecorator.doFilter(MockMvcFilterDecorator.java:160)
	at org.springframework.mock.web.MockFilterChain.doFilter(MockFilterChain.java:127)
	at org.springframework.web.filter.CharacterEncodingFilter.doFilterInternal(CharacterEncodingFilter.java:199)
	at org.springframework.web.filter.OncePerRequestFilter.doFilter(OncePerRequestFilter.java:116)
	at org.springframework.test.web.servlet.setup.MockMvcFilterDecorator.doFilter(MockMvcFilterDecorator.java:160)
	at org.springframework.mock.web.MockFilterChain.doFilter(MockFilterChain.java:127)
	at org.springframework.test.web.servlet.MockMvc.perform(MockMvc.java:199)
	at com.example.springjpalab.controller.RestaurantIntegrationTest.GET РЅРµСЃСѓС‰РµСЃС‚РІСѓСЋС‰РёР№ СЂРµСЃС‚РѕСЂР°РЅ РІРѕР·РІСЂР°С‰Р°РµС‚ 404(RestaurantIntegrationTest.kt:83)
	at java.base/jdk.internal.reflect.DirectMethodHandleAccessor.invoke(DirectMethodHandleAccessor.java:103)
	at java.base/java.lang.reflect.Method.invoke(Method.java:580)
	at org.junit.platform.commons.util.ReflectionUtils.invokeMethod(ReflectionUtils.java:701)
	at org.junit.platform.commons.support.ReflectionSupport.invokeMethod(ReflectionSupport.java:502)
	at org.junit.jupiter.engine.support.MethodReflectionUtils.invoke(MethodReflectionUtils.java:45)
	at org.junit.jupiter.engine.execution.MethodInvocation.proceed(MethodInvocation.java:61)
	at org.junit.jupiter.engine.execution.InvocationInterceptorChain$ValidatingInvocation.proceed(InvocationInterceptorChain.java:124)
	at org.junit.jupiter.engine.extension.TimeoutExtension.intercept(TimeoutExtension.java:163)
	at org.junit.jupiter.engine.extension.TimeoutExtension.interceptTestableMethod(TimeoutExtension.java:148)
	at org.junit.jupiter.engine.extension.TimeoutExtension.interceptTestMethod(TimeoutExtension.java:86)
	at org.junit.jupiter.engine.execution.InterceptingExecutableInvoker$ReflectiveInterceptorCall.lambda$ofVoidMethod$0(InterceptingExecutableInvoker.java:123)
	at org.junit.jupiter.engine.execution.InterceptingExecutableInvoker.lambda$invoke$0(InterceptingExecutableInvoker.java:105)
	at org.junit.jupiter.engine.execution.InvocationInterceptorChain$InterceptedInvocation.proceed(InvocationInterceptorChain.java:99)
	at org.junit.jupiter.engine.execution.InvocationInterceptorChain.proceed(InvocationInterceptorChain.java:66)
	at org.junit.jupiter.engine.execution.InvocationInterceptorChain.chainAndInvoke(InvocationInterceptorChain.java:47)
	at org.junit.jupiter.engine.execution.InvocationInterceptorChain.invoke(InvocationInterceptorChain.java:39)
	at org.junit.jupiter.engine.execution.InterceptingExecutableInvoker.invoke(InterceptingExecutableInvoker.java:104)
	at org.junit.jupiter.engine.execution.InterceptingExecutableInvoker.invoke(InterceptingExecutableInvoker.java:98)
	at org.junit.jupiter.engine.execution.InterceptingExecutableInvoker.invokeVoid(InterceptingExecutableInvoker.java:71)
	at org.junit.jupiter.engine.descriptor.TestMethodTestDescriptor.lambda$invokeTestMethod$0(TestMethodTestDescriptor.java:219)
	at org.junit.platform.engine.support.hierarchical.ThrowableCollector.execute(ThrowableCollector.java:74)
	at org.junit.jupiter.engine.descriptor.TestMethodTestDescriptor.invokeTestMethod(TestMethodTestDescriptor.java:215)
	at org.junit.jupiter.engine.descriptor.TestMethodTestDescriptor.execute(TestMethodTestDescriptor.java:157)
	at org.junit.jupiter.engine.descriptor.TestMethodTestDescriptor.execute(TestMethodTestDescriptor.java:70)
	at org.junit.platform.engine.support.hierarchical.NodeTestTask.lambda$executeRecursively$2(NodeTestTask.java:176)
	at org.junit.platform.engine.support.hierarchical.ThrowableCollector.execute(ThrowableCollector.java:74)
	at org.junit.platform.engine.support.hierarchical.NodeTestTask.lambda$executeRecursively$1(NodeTestTask.java:166)
	at org.junit.platform.engine.support.hierarchical.Node.around(Node.java:138)
	at org.junit.platform.engine.support.hierarchical.NodeTestTask.lambda$executeRecursively$0(NodeTestTask.java:164)
	at org.junit.platform.engine.support.hierarchical.ThrowableCollector.execute(ThrowableCollector.java:74)
	at org.junit.platform.engine.support.hierarchical.NodeTestTask.executeRecursively(NodeTestTask.java:163)
	at org.junit.platform.engine.support.hierarchical.NodeTestTask.execute(NodeTestTask.java:116)
	at java.base/java.util.ArrayList.forEach(ArrayList.java:1596)
	at org.junit.platform.engine.support.hierarchical.SameThreadHierarchicalTestExecutorService.invokeAll(SameThreadHierarchicalTestExecutorService.java:42)
	at org.junit.platform.engine.support.hierarchical.NodeTestTask.lambda$executeRecursively$2(NodeTestTask.java:180)
	at org.junit.platform.engine.support.hierarchical.ThrowableCollector.execute(ThrowableCollector.java:74)
	at org.junit.platform.engine.support.hierarchical.NodeTestTask.lambda$executeRecursively$1(NodeTestTask.java:166)
	at org.junit.platform.engine.support.hierarchical.Node.around(Node.java:138)
	at org.junit.platform.engine.support.hierarchical.NodeTestTask.lambda$executeRecursively$0(NodeTestTask.java:164)
	at org.junit.platform.engine.support.hierarchical.ThrowableCollector.execute(ThrowableCollector.java:74)
	at org.junit.platform.engine.support.hierarchical.NodeTestTask.executeRecursively(NodeTestTask.java:163)
	at org.junit.platform.engine.support.hierarchical.NodeTestTask.execute(NodeTestTask.java:116)
	at java.base/java.util.ArrayList.forEach(ArrayList.java:1596)
	at org.junit.platform.engine.support.hierarchical.SameThreadHierarchicalTestExecutorService.invokeAll(SameThreadHierarchicalTestExecutorService.java:42)
	at org.junit.platform.engine.support.hierarchical.NodeTestTask.lambda$executeRecursively$2(NodeTestTask.java:180)
	at org.junit.platform.engine.support.hierarchical.ThrowableCollector.execute(ThrowableCollector.java:74)
	at org.junit.platform.engine.support.hierarchical.NodeTestTask.lambda$executeRecursively$1(NodeTestTask.java:166)
	at org.junit.platform.engine.support.hierarchical.Node.around(Node.java:138)
	at org.junit.platform.engine.support.hierarchical.NodeTestTask.lambda$executeRecursively$0(NodeTestTask.java:164)
	at org.junit.platform.engine.support.hierarchical.ThrowableCollector.execute(ThrowableCollector.java:74)
	at org.junit.platform.engine.support.hierarchical.NodeTestTask.executeRecursively(NodeTestTask.java:163)
	at org.junit.platform.engine.support.hierarchical.NodeTestTask.execute(NodeTestTask.java:116)
	at org.junit.platform.engine.support.hierarchical.SameThreadHierarchicalTestExecutorService.submit(SameThreadHierarchicalTestExecutorService.java:36)
	at org.junit.platform.engine.support.hierarchical.HierarchicalTestExecutor.execute(HierarchicalTestExecutor.java:52)
	at org.junit.platform.engine.support.hierarchical.HierarchicalTestEngine.execute(HierarchicalTestEngine.java:58)
	at org.junit.platform.launcher.core.EngineExecutionOrchestrator.executeEngine(EngineExecutionOrchestrator.java:246)
	at org.junit.platform.launcher.core.EngineExecutionOrchestrator.failOrExecuteEngine(EngineExecutionOrchestrator.java:218)
	at org.junit.platform.launcher.core.EngineExecutionOrchestrator.execute(EngineExecutionOrchestrator.java:179)
	at org.junit.platform.launcher.core.EngineExecutionOrchestrator.execute(EngineExecutionOrchestrator.java:108)
	at org.junit.platform.launcher.core.EngineExecutionOrchestrator.lambda$execute$0(EngineExecutionOrchestrator.java:66)
	at org.junit.platform.launcher.core.EngineExecutionOrchestrator.withInterceptedStreams(EngineExecutionOrchestrator.java:157)
	at org.junit.platform.launcher.core.EngineExecutionOrchestrator.execute(EngineExecutionOrchestrator.java:65)
	at org.junit.platform.launcher.core.DefaultLauncher.execute(DefaultLauncher.java:125)
	at org.junit.platform.launcher.core.DefaultLauncher.execute(DefaultLauncher.java:114)
	at org.junit.platform.launcher.core.DefaultLauncher.execute(DefaultLauncher.java:93)
	at org.junit.platform.launcher.core.DelegatingLauncher.execute(DelegatingLauncher.java:48)
	at org.junit.platform.launcher.core.InterceptingLauncher.lambda$execute$0(InterceptingLauncher.java:41)
	at org.junit.platform.launcher.core.ClasspathAlignmentCheckingLauncherInterceptor.intercept(ClasspathAlignmentCheckingLauncherInterceptor.java:25)
	at org.junit.platform.launcher.core.InterceptingLauncher.execute(InterceptingLauncher.java:40)
	at org.junit.platform.launcher.core.DelegatingLauncher.execute(DelegatingLauncher.java:48)
	at org.junit.platform.launcher.core.SessionPerRequestLauncher.execute(SessionPerRequestLauncher.java:67)
	at com.intellij.junit6.JUnit6IdeaTestRunner.startRunnerWithArgs(JUnit6IdeaTestRunner.java:67)
	at com.intellij.rt.junit.IdeaTestRunner$Repeater$1.execute(IdeaTestRunner.java:38)
	at com.intellij.rt.execution.junit.TestsRepeater.repeat(TestsRepeater.java:11)
	at com.intellij.rt.junit.IdeaTestRunner$Repeater.startRunnerWithArgs(IdeaTestRunner.java:35)
	at com.intellij.rt.junit.JUnitStarter.prepareStreamsAndStart(JUnitStarter.java:237)
	at com.intellij.rt.junit.JUnitStarter.main(JUnitStarter.java:58)
Caused by: io.lettuce.core.RedisConnectionException: Unable to connect to redis/<unresolved>:6379
	at io.lettuce.core.RedisConnectionException.create(RedisConnectionException.java:63)
	at io.lettuce.core.RedisConnectionException.create(RedisConnectionException.java:41)
	at io.lettuce.core.AbstractRedisClient.getConnection(AbstractRedisClient.java:352)
	at io.lettuce.core.RedisClient.connect(RedisClient.java:220)
	at org.springframework.data.redis.connection.lettuce.StandaloneConnectionProvider.lambda$getConnection$1(StandaloneConnectionProvider.java:113)
	at java.base/java.util.Optional.orElseGet(Optional.java:364)
	at org.springframework.data.redis.connection.lettuce.StandaloneConnectionProvider.getConnection(StandaloneConnectionProvider.java:113)
	at org.springframework.data.redis.connection.lettuce.LettuceConnectionFactory$ExceptionTranslatingConnectionProvider.getConnection(LettuceConnectionFactory.java:1797)
	... 194 common frames omitted
Caused by: java.net.UnknownHostException: Failed to resolve 'redis' [A(1), AAAA(28)] after 4 queries 
	at io.netty.resolver.dns.DnsResolveContext.finishResolve(DnsResolveContext.java:1137)
	at io.netty.resolver.dns.DnsResolveContext.tryToFinishResolve(DnsResolveContext.java:1084)
	at io.netty.resolver.dns.DnsResolveContext.query(DnsResolveContext.java:443)
	at io.netty.resolver.dns.DnsResolveContext.access$700(DnsResolveContext.java:69)
	at io.netty.resolver.dns.DnsResolveContext$2.operationComplete(DnsResolveContext.java:512)
	at io.netty.util.concurrent.DefaultPromise.notifyListener0(DefaultPromise.java:604)
	at io.netty.util.concurrent.DefaultPromise.notifyListeners0(DefaultPromise.java:597)
	at io.netty.util.concurrent.DefaultPromise.notifyListenersNow(DefaultPromise.java:573)
	at io.netty.util.concurrent.DefaultPromise.notifyListeners(DefaultPromise.java:506)
	at io.netty.util.concurrent.DefaultPromise.setValue0(DefaultPromise.java:650)
	at io.netty.util.concurrent.DefaultPromise.setFailure0(DefaultPromise.java:643)
	at io.netty.util.concurrent.DefaultPromise.tryFailure(DefaultPromise.java:132)
	at io.netty.resolver.dns.DnsQueryContext.finishFailure(DnsQueryContext.java:343)
	at io.netty.resolver.dns.DnsQueryContext$4.run(DnsQueryContext.java:278)
	at io.netty.util.concurrent.PromiseTask.runTask(PromiseTask.java:98)
	at io.netty.util.concurrent.ScheduledFutureTask.run(ScheduledFutureTask.java:160)
	at io.netty.util.concurrent.AbstractEventExecutor.runTask(AbstractEventExecutor.java:148)
	at io.netty.util.concurrent.AbstractEventExecutor.safeExecute$$$capture(AbstractEventExecutor.java:141)
	at io.netty.util.concurrent.AbstractEventExecutor.safeExecute(AbstractEventExecutor.java)
	at io.netty.util.concurrent.SingleThreadEventExecutor.runAllTasks(SingleThreadEventExecutor.java:535)
	at io.netty.channel.SingleThreadIoEventLoop.run(SingleThreadIoEventLoop.java:201)
	at io.netty.util.concurrent.SingleThreadEventExecutor$5.run(SingleThreadEventExecutor.java:1193)
	at io.netty.util.internal.ThreadExecutorMap$2.run(ThreadExecutorMap.java:74)
	at io.netty.util.concurrent.FastThreadLocalRunnable.run(FastThreadLocalRunnable.java:30)
	at java.base/java.lang.Thread.run(Thread.java:1583)
Caused by: io.netty.resolver.dns.DnsNameResolverTimeoutException: [15342: /192.168.0.1:53] DefaultDnsQuestion(redis. IN AAAA) query '15342' via UDP timed out after 5000 milliseconds (no stack trace available)
2026-05-03 18:05:17.930 [main] DEBUG org.hibernate.SQL - select rje1_0.id,rje1_0.address,rje1_0.name from restaurants rje1_0 where rje1_0.name=?
2026-05-03 18:05:17.938 [main] DEBUG org.hibernate.SQL - insert into restaurants (address,name) values (?,?)
2026-05-03 18:05:17.944 [main] INFO  c.e.s.a.service.RestaurantService - РЎРѕР·РґР°РЅ СЂРµСЃС‚РѕСЂР°РЅ: id=2, name=Old Name
2026-05-03 18:05:23.041 [main] WARN  c.e.s.a.i.h.GlobalExceptionHandler - MethodArgumentNotValidException: Validation failed for argument [1] in public org.springframework.http.ResponseEntity<com.example.springjpalab.adapter.input.dto.restaurant.RestaurantResponse> com.example.springjpalab.adapter.input.controller.RestaurantController.updateUserById(long,com.example.springjpalab.adapter.input.dto.restaurant.RestaurantUpdateRequest) with 2 errors: [Field error in object 'restaurantUpdateRequest' on field 'name': rejected value []; codes [NotBlank.restaurantUpdateRequest.name,NotBlank.name,NotBlank.java.lang.String,NotBlank]; arguments [org.springframework.context.support.DefaultMessageSourceResolvable: codes [restaurantUpdateRequest.name,name]; arguments []; default message [name]]; default message [Name cannot be blank]] [Field error in object 'restaurantUpdateRequest' on field 'address': rejected value []; codes [NotBlank.restaurantUpdateRequest.address,NotBlank.address,NotBlank.java.lang.String,NotBlank]; arguments [org.springframework.context.support.DefaultMessageSourceResolvable: codes [restaurantUpdateRequest.address,address]; arguments []; default message [address]]; default message [Address cannot be blank]] 
2026-05-03 18:05:23.056 [main] DEBUG org.hibernate.SQL - select rje1_0.id,rje1_0.address,rje1_0.name from restaurants rje1_0 where rje1_0.name=?
2026-05-03 18:05:23.061 [main] DEBUG org.hibernate.SQL - insert into restaurants (address,name) values (?,?)
2026-05-03 18:05:23.068 [main] INFO  c.e.s.a.service.RestaurantService - РЎРѕР·РґР°РЅ СЂРµСЃС‚РѕСЂР°РЅ: id=3, name=First
2026-05-03 18:05:28.166 [main] DEBUG org.hibernate.SQL - select rje1_0.id,rje1_0.address,rje1_0.name from restaurants rje1_0 where rje1_0.name=?
2026-05-03 18:05:28.170 [main] DEBUG org.hibernate.SQL - insert into restaurants (address,name) values (?,?)
2026-05-03 18:05:28.178 [main] INFO  c.e.s.a.service.RestaurantService - РЎРѕР·РґР°РЅ СЂРµСЃС‚РѕСЂР°РЅ: id=4, name=Second
2026-05-03 18:05:38.381 [main] ERROR c.e.s.a.i.h.GlobalExceptionHandler - РќРµРїСЂРµРґРІРёРґРµРЅРЅР°СЏ РѕС€РёР±РєР°
org.springframework.data.redis.RedisConnectionFailureException: Unable to connect to Redis
	at org.springframework.data.redis.connection.lettuce.LettuceConnectionFactory$ExceptionTranslatingConnectionProvider.translateException(LettuceConnectionFactory.java:1868)
	at org.springframework.data.redis.connection.lettuce.LettuceConnectionFactory$ExceptionTranslatingConnectionProvider.getConnection(LettuceConnectionFactory.java:1799)
	at org.springframework.data.redis.connection.lettuce.LettuceConnectionFactory$SharedConnection.getNativeConnection(LettuceConnectionFactory.java:1596)
	at org.springframework.data.redis.connection.lettuce.LettuceConnectionFactory$SharedConnection.lambda$getConnection$0(LettuceConnectionFactory.java:1576)
	at org.springframework.data.redis.connection.lettuce.LettuceConnectionFactory.doInLock(LettuceConnectionFactory.java:1537)
	at org.springframework.data.redis.connection.lettuce.LettuceConnectionFactory$SharedConnection.getConnection(LettuceConnectionFactory.java:1573)
	at org.springframework.data.redis.connection.lettuce.LettuceConnectionFactory.getSharedConnection(LettuceConnectionFactory.java:1258)
	at org.springframework.data.redis.connection.lettuce.LettuceConnectionFactory.getConnection(LettuceConnectionFactory.java:1054)
	at org.springframework.data.redis.cache.DefaultRedisCacheWriter.execute(DefaultRedisCacheWriter.java:539)
	at org.springframework.data.redis.cache.DefaultRedisCacheWriter.get(DefaultRedisCacheWriter.java:245)
	at org.springframework.data.redis.cache.DefaultRedisCacheWriter.get(DefaultRedisCacheWriter.java:236)
	at org.springframework.data.redis.cache.RedisCache.lookup(RedisCache.java:186)
	at org.springframework.cache.support.AbstractValueAdaptingCache.get(AbstractValueAdaptingCache.java:58)
	at org.springframework.cache.interceptor.AbstractCacheInvoker.doGet(AbstractCacheInvoker.java:78)
	at org.springframework.cache.interceptor.CacheAspectSupport.findInCaches(CacheAspectSupport.java:563)
	at org.springframework.cache.interceptor.CacheAspectSupport.findCachedValue(CacheAspectSupport.java:513)
	at org.springframework.cache.interceptor.CacheAspectSupport.execute(CacheAspectSupport.java:438)
	at org.springframework.cache.interceptor.CacheAspectSupport.execute(CacheAspectSupport.java:404)
	at org.springframework.cache.interceptor.CacheInterceptor.invoke(CacheInterceptor.java:64)
	at org.springframework.aop.framework.ReflectiveMethodInvocation.proceed(ReflectiveMethodInvocation.java:179)
	at org.springframework.aop.framework.CglibAopProxy$DynamicAdvisedInterceptor.intercept(CglibAopProxy.java:719)
	at com.example.springjpalab.application.service.RestaurantService$$SpringCGLIB$$0.findAll(<generated>)
	at com.example.springjpalab.adapter.input.controller.RestaurantController.getAllRestaurants(RestaurantController.kt:61)
	at java.base/jdk.internal.reflect.DirectMethodHandleAccessor.invoke(DirectMethodHandleAccessor.java:103)
	at java.base/java.lang.reflect.Method.invoke(Method.java:580)
	at org.springframework.aop.support.AopUtils.invokeJoinpointUsingReflection(AopUtils.java:359)
	at org.springframework.aop.framework.ReflectiveMethodInvocation.invokeJoinpoint(ReflectiveMethodInvocation.java:190)
	at org.springframework.aop.framework.ReflectiveMethodInvocation.proceed(ReflectiveMethodInvocation.java:158)
	at org.springframework.validation.beanvalidation.MethodValidationInterceptor.invoke(MethodValidationInterceptor.java:171)
	at org.springframework.aop.framework.ReflectiveMethodInvocation.proceed(ReflectiveMethodInvocation.java:179)
	at org.springframework.aop.framework.CglibAopProxy$DynamicAdvisedInterceptor.intercept(CglibAopProxy.java:719)
	at com.example.springjpalab.adapter.input.controller.RestaurantController$$SpringCGLIB$$0.getAllRestaurants(<generated>)
	at java.base/jdk.internal.reflect.DirectMethodHandleAccessor.invoke(DirectMethodHandleAccessor.java:103)
	at java.base/java.lang.reflect.Method.invoke(Method.java:580)
	at kotlin.reflect.jvm.internal.calls.CallerImpl$Method.callMethod(CallerImpl.kt:97)
	at kotlin.reflect.jvm.internal.calls.CallerImpl$Method$Instance.call(CallerImpl.kt:113)
	at kotlin.reflect.jvm.internal.KCallableImpl.callDefaultMethod$kotlin_reflection(KCallableImpl.kt:250)
	at kotlin.reflect.jvm.internal.KCallableImpl.callBy(KCallableImpl.kt:155)
	at org.springframework.web.method.support.InvocableHandlerMethod$KotlinDelegate.invokeFunction(InvocableHandlerMethod.java:336)
	at org.springframework.web.method.support.InvocableHandlerMethod.doInvoke(InvocableHandlerMethod.java:256)
	at org.springframework.web.method.support.InvocableHandlerMethod.invokeForRequest(InvocableHandlerMethod.java:190)
	at org.springframework.web.servlet.mvc.method.annotation.ServletInvocableHandlerMethod.invokeAndHandle(ServletInvocableHandlerMethod.java:117)
	at org.springframework.web.servlet.mvc.method.annotation.RequestMappingHandlerAdapter.invokeHandlerMethod(RequestMappingHandlerAdapter.java:934)
	at org.springframework.web.servlet.mvc.method.annotation.RequestMappingHandlerAdapter.handleInternal(RequestMappingHandlerAdapter.java:853)
	at org.springframework.web.servlet.mvc.method.AbstractHandlerMethodAdapter.handle(AbstractHandlerMethodAdapter.java:86)
	at org.springframework.web.servlet.DispatcherServlet.doDispatch(DispatcherServlet.java:963)
	at org.springframework.web.servlet.DispatcherServlet.doService(DispatcherServlet.java:866)
	at org.springframework.web.servlet.FrameworkServlet.processRequest(FrameworkServlet.java:1003)
	at org.springframework.web.servlet.FrameworkServlet.doGet(FrameworkServlet.java:892)
	at jakarta.servlet.http.HttpServlet.service(HttpServlet.java:622)
	at org.springframework.web.servlet.FrameworkServlet.service(FrameworkServlet.java:874)
	at org.springframework.test.web.servlet.TestDispatcherServlet.service(TestDispatcherServlet.java:72)
	at jakarta.servlet.http.HttpServlet.service(HttpServlet.java:710)
	at org.springframework.mock.web.MockFilterChain$ServletFilterProxy.doFilter(MockFilterChain.java:160)
	at org.springframework.mock.web.MockFilterChain.doFilter(MockFilterChain.java:127)
	at org.springframework.web.filter.OncePerRequestFilter.doFilter(OncePerRequestFilter.java:110)
	at org.springframework.test.web.servlet.setup.MockMvcFilterDecorator.doFilter(MockMvcFilterDecorator.java:160)
	at org.springframework.mock.web.MockFilterChain.doFilter(MockFilterChain.java:127)
	at org.springframework.web.filter.CompositeFilter$VirtualFilterChain.doFilter(CompositeFilter.java:108)
	at org.springframework.security.web.FilterChainProxy.lambda$doFilterInternal$3(FilterChainProxy.java:235)
	at org.springframework.security.web.FilterChainProxy$VirtualFilterChain.doFilter(FilterChainProxy.java:371)
	at org.springframework.security.web.access.intercept.AuthorizationFilter.doFilter(AuthorizationFilter.java:101)
	at org.springframework.security.web.FilterChainProxy$VirtualFilterChain.doFilter(FilterChainProxy.java:380)
	at org.springframework.security.web.access.ExceptionTranslationFilter.doFilter(ExceptionTranslationFilter.java:126)
	at org.springframework.security.web.access.ExceptionTranslationFilter.doFilter(ExceptionTranslationFilter.java:120)
	at org.springframework.security.web.FilterChainProxy$VirtualFilterChain.doFilter(FilterChainProxy.java:380)
	at org.springframework.security.web.session.SessionManagementFilter.doFilter(SessionManagementFilter.java:132)
	at org.springframework.security.web.session.SessionManagementFilter.doFilter(SessionManagementFilter.java:86)
	at org.springframework.security.web.FilterChainProxy$VirtualFilterChain.doFilter(FilterChainProxy.java:380)
	at org.springframework.security.web.authentication.AnonymousAuthenticationFilter.doFilter(AnonymousAuthenticationFilter.java:100)
	at org.springframework.security.web.FilterChainProxy$VirtualFilterChain.doFilter(FilterChainProxy.java:380)
	at org.springframework.security.web.servletapi.SecurityContextHolderAwareRequestFilter.doFilter(SecurityContextHolderAwareRequestFilter.java:181)
	at org.springframework.security.web.FilterChainProxy$VirtualFilterChain.doFilter(FilterChainProxy.java:380)
	at org.springframework.security.web.savedrequest.RequestCacheAwareFilter.doFilter(RequestCacheAwareFilter.java:63)
	at org.springframework.security.web.FilterChainProxy$VirtualFilterChain.doFilter(FilterChainProxy.java:380)
	at com.example.springjpalab.security.JwtAuthenticationFilter.doFilterInternal(JwtAuthenticationFilter.kt:29)
	at org.springframework.web.filter.OncePerRequestFilter.doFilter(OncePerRequestFilter.java:116)
	at org.springframework.security.web.FilterChainProxy$VirtualFilterChain.doFilter(FilterChainProxy.java:380)
	at org.springframework.security.web.authentication.logout.LogoutFilter.doFilter(LogoutFilter.java:110)
	at org.springframework.security.web.authentication.logout.LogoutFilter.doFilter(LogoutFilter.java:96)
	at org.springframework.security.web.FilterChainProxy$VirtualFilterChain.doFilter(FilterChainProxy.java:380)
	at org.springframework.security.web.header.HeaderWriterFilter.doHeadersAfter(HeaderWriterFilter.java:90)
	at org.springframework.security.web.header.HeaderWriterFilter.doFilterInternal(HeaderWriterFilter.java:75)
	at org.springframework.web.filter.OncePerRequestFilter.doFilter(OncePerRequestFilter.java:116)
	at org.springframework.security.web.FilterChainProxy$VirtualFilterChain.doFilter(FilterChainProxy.java:380)
	at org.springframework.security.web.context.SecurityContextHolderFilter.doFilter(SecurityContextHolderFilter.java:82)
	at org.springframework.security.web.context.SecurityContextHolderFilter.doFilter(SecurityContextHolderFilter.java:69)
	at org.springframework.security.web.FilterChainProxy$VirtualFilterChain.doFilter(FilterChainProxy.java:380)
	at org.springframework.security.web.context.request.async.WebAsyncManagerIntegrationFilter.doFilterInternal(WebAsyncManagerIntegrationFilter.java:62)
	at org.springframework.web.filter.OncePerRequestFilter.doFilter(OncePerRequestFilter.java:116)
	at org.springframework.security.web.FilterChainProxy$VirtualFilterChain.doFilter(FilterChainProxy.java:380)
	at org.springframework.security.web.session.DisableEncodeUrlFilter.doFilterInternal(DisableEncodeUrlFilter.java:42)
	at org.springframework.web.filter.OncePerRequestFilter.doFilter(OncePerRequestFilter.java:116)
	at org.springframework.security.web.FilterChainProxy$VirtualFilterChain.doFilter(FilterChainProxy.java:380)
	at org.springframework.security.web.FilterChainProxy.doFilterInternal(FilterChainProxy.java:237)
	at org.springframework.security.web.FilterChainProxy.doFilter(FilterChainProxy.java:195)
	at org.springframework.web.filter.CompositeFilter$VirtualFilterChain.doFilter(CompositeFilter.java:113)
	at org.springframework.web.filter.ServletRequestPathFilter.doFilter(ServletRequestPathFilter.java:52)
	at org.springframework.web.filter.CompositeFilter$VirtualFilterChain.doFilter(CompositeFilter.java:113)
	at org.springframework.web.filter.CompositeFilter.doFilter(CompositeFilter.java:74)
	at org.springframework.security.config.annotation.web.configuration.WebSecurityConfiguration$CompositeFilterChainProxy.doFilter(WebSecurityConfiguration.java:317)
	at org.springframework.web.filter.DelegatingFilterProxy.invokeDelegate(DelegatingFilterProxy.java:355)
	at org.springframework.web.filter.DelegatingFilterProxy.doFilter(DelegatingFilterProxy.java:272)
	at org.springframework.test.web.servlet.setup.MockMvcFilterDecorator.doFilter(MockMvcFilterDecorator.java:160)
	at org.springframework.mock.web.MockFilterChain.doFilter(MockFilterChain.java:127)
	at org.springframework.web.filter.RequestContextFilter.doFilterInternal(RequestContextFilter.java:100)
	at org.springframework.web.filter.OncePerRequestFilter.doFilter(OncePerRequestFilter.java:116)
	at org.springframework.test.web.servlet.setup.MockMvcFilterDecorator.doFilter(MockMvcFilterDecorator.java:160)
	at org.springframework.mock.web.MockFilterChain.doFilter(MockFilterChain.java:127)
	at org.springframework.web.filter.FormContentFilter.doFilterInternal(FormContentFilter.java:93)
	at org.springframework.web.filter.OncePerRequestFilter.doFilter(OncePerRequestFilter.java:116)
	at org.springframework.test.web.servlet.setup.MockMvcFilterDecorator.doFilter(MockMvcFilterDecorator.java:160)
	at org.springframework.mock.web.MockFilterChain.doFilter(MockFilterChain.java:127)
	at org.springframework.web.filter.CharacterEncodingFilter.doFilterInternal(CharacterEncodingFilter.java:199)
	at org.springframework.web.filter.OncePerRequestFilter.doFilter(OncePerRequestFilter.java:116)
	at org.springframework.test.web.servlet.setup.MockMvcFilterDecorator.doFilter(MockMvcFilterDecorator.java:160)
	at org.springframework.mock.web.MockFilterChain.doFilter(MockFilterChain.java:127)
	at org.springframework.test.web.servlet.MockMvc.perform(MockMvc.java:199)
	at com.example.springjpalab.controller.RestaurantIntegrationTest.GET РІСЃРµ СЂРµСЃС‚РѕСЂР°РЅС‹ РІРѕР·РІСЂР°С‰Р°РµС‚ 200 Рё РјР°СЃСЃРёРІ(RestaurantIntegrationTest.kt:128)
	at java.base/jdk.internal.reflect.DirectMethodHandleAccessor.invoke(DirectMethodHandleAccessor.java:103)
	at java.base/java.lang.reflect.Method.invoke(Method.java:580)
	at org.junit.platform.commons.util.ReflectionUtils.invokeMethod(ReflectionUtils.java:701)
	at org.junit.platform.commons.support.ReflectionSupport.invokeMethod(ReflectionSupport.java:502)
	at org.junit.jupiter.engine.support.MethodReflectionUtils.invoke(MethodReflectionUtils.java:45)
	at org.junit.jupiter.engine.execution.MethodInvocation.proceed(MethodInvocation.java:61)
	at org.junit.jupiter.engine.execution.InvocationInterceptorChain$ValidatingInvocation.proceed(InvocationInterceptorChain.java:124)
	at org.junit.jupiter.engine.extension.TimeoutExtension.intercept(TimeoutExtension.java:163)
	at org.junit.jupiter.engine.extension.TimeoutExtension.interceptTestableMethod(TimeoutExtension.java:148)
	at org.junit.jupiter.engine.extension.TimeoutExtension.interceptTestMethod(TimeoutExtension.java:86)
	at org.junit.jupiter.engine.execution.InterceptingExecutableInvoker$ReflectiveInterceptorCall.lambda$ofVoidMethod$0(InterceptingExecutableInvoker.java:123)
	at org.junit.jupiter.engine.execution.InterceptingExecutableInvoker.lambda$invoke$0(InterceptingExecutableInvoker.java:105)
	at org.junit.jupiter.engine.execution.InvocationInterceptorChain$InterceptedInvocation.proceed(InvocationInterceptorChain.java:99)
	at org.junit.jupiter.engine.execution.InvocationInterceptorChain.proceed(InvocationInterceptorChain.java:66)
	at org.junit.jupiter.engine.execution.InvocationInterceptorChain.chainAndInvoke(InvocationInterceptorChain.java:47)
	at org.junit.jupiter.engine.execution.InvocationInterceptorChain.invoke(InvocationInterceptorChain.java:39)
	at org.junit.jupiter.engine.execution.InterceptingExecutableInvoker.invoke(InterceptingExecutableInvoker.java:104)
	at org.junit.jupiter.engine.execution.InterceptingExecutableInvoker.invoke(InterceptingExecutableInvoker.java:98)
	at org.junit.jupiter.engine.execution.InterceptingExecutableInvoker.invokeVoid(InterceptingExecutableInvoker.java:71)
	at org.junit.jupiter.engine.descriptor.TestMethodTestDescriptor.lambda$invokeTestMethod$0(TestMethodTestDescriptor.java:219)
	at org.junit.platform.engine.support.hierarchical.ThrowableCollector.execute(ThrowableCollector.java:74)
	at org.junit.jupiter.engine.descriptor.TestMethodTestDescriptor.invokeTestMethod(TestMethodTestDescriptor.java:215)
	at org.junit.jupiter.engine.descriptor.TestMethodTestDescriptor.execute(TestMethodTestDescriptor.java:157)
	at org.junit.jupiter.engine.descriptor.TestMethodTestDescriptor.execute(TestMethodTestDescriptor.java:70)
	at org.junit.platform.engine.support.hierarchical.NodeTestTask.lambda$executeRecursively$2(NodeTestTask.java:176)
	at org.junit.platform.engine.support.hierarchical.ThrowableCollector.execute(ThrowableCollector.java:74)
	at org.junit.platform.engine.support.hierarchical.NodeTestTask.lambda$executeRecursively$1(NodeTestTask.java:166)
	at org.junit.platform.engine.support.hierarchical.Node.around(Node.java:138)
	at org.junit.platform.engine.support.hierarchical.NodeTestTask.lambda$executeRecursively$0(NodeTestTask.java:164)
	at org.junit.platform.engine.support.hierarchical.ThrowableCollector.execute(ThrowableCollector.java:74)
	at org.junit.platform.engine.support.hierarchical.NodeTestTask.executeRecursively(NodeTestTask.java:163)
	at org.junit.platform.engine.support.hierarchical.NodeTestTask.execute(NodeTestTask.java:116)
	at java.base/java.util.ArrayList.forEach(ArrayList.java:1596)
	at org.junit.platform.engine.support.hierarchical.SameThreadHierarchicalTestExecutorService.invokeAll(SameThreadHierarchicalTestExecutorService.java:42)
	at org.junit.platform.engine.support.hierarchical.NodeTestTask.lambda$executeRecursively$2(NodeTestTask.java:180)
	at org.junit.platform.engine.support.hierarchical.ThrowableCollector.execute(ThrowableCollector.java:74)
	at org.junit.platform.engine.support.hierarchical.NodeTestTask.lambda$executeRecursively$1(NodeTestTask.java:166)
	at org.junit.platform.engine.support.hierarchical.Node.around(Node.java:138)
	at org.junit.platform.engine.support.hierarchical.NodeTestTask.lambda$executeRecursively$0(NodeTestTask.java:164)
	at org.junit.platform.engine.support.hierarchical.ThrowableCollector.execute(ThrowableCollector.java:74)
	at org.junit.platform.engine.support.hierarchical.NodeTestTask.executeRecursively(NodeTestTask.java:163)
	at org.junit.platform.engine.support.hierarchical.NodeTestTask.execute(NodeTestTask.java:116)
	at java.base/java.util.ArrayList.forEach(ArrayList.java:1596)
	at org.junit.platform.engine.support.hierarchical.SameThreadHierarchicalTestExecutorService.invokeAll(SameThreadHierarchicalTestExecutorService.java:42)
	at org.junit.platform.engine.support.hierarchical.NodeTestTask.lambda$executeRecursively$2(NodeTestTask.java:180)
	at org.junit.platform.engine.support.hierarchical.ThrowableCollector.execute(ThrowableCollector.java:74)
	at org.junit.platform.engine.support.hierarchical.NodeTestTask.lambda$executeRecursively$1(NodeTestTask.java:166)
	at org.junit.platform.engine.support.hierarchical.Node.around(Node.java:138)
	at org.junit.platform.engine.support.hierarchical.NodeTestTask.lambda$executeRecursively$0(NodeTestTask.java:164)
	at org.junit.platform.engine.support.hierarchical.ThrowableCollector.execute(ThrowableCollector.java:74)
	at org.junit.platform.engine.support.hierarchical.NodeTestTask.executeRecursively(NodeTestTask.java:163)
	at org.junit.platform.engine.support.hierarchical.NodeTestTask.execute(NodeTestTask.java:116)
	at org.junit.platform.engine.support.hierarchical.SameThreadHierarchicalTestExecutorService.submit(SameThreadHierarchicalTestExecutorService.java:36)
	at org.junit.platform.engine.support.hierarchical.HierarchicalTestExecutor.execute(HierarchicalTestExecutor.java:52)
	at org.junit.platform.engine.support.hierarchical.HierarchicalTestEngine.execute(HierarchicalTestEngine.java:58)
	at org.junit.platform.launcher.core.EngineExecutionOrchestrator.executeEngine(EngineExecutionOrchestrator.java:246)
	at org.junit.platform.launcher.core.EngineExecutionOrchestrator.failOrExecuteEngine(EngineExecutionOrchestrator.java:218)
	at org.junit.platform.launcher.core.EngineExecutionOrchestrator.execute(EngineExecutionOrchestrator.java:179)
	at org.junit.platform.launcher.core.EngineExecutionOrchestrator.execute(EngineExecutionOrchestrator.java:108)
	at org.junit.platform.launcher.core.EngineExecutionOrchestrator.lambda$execute$0(EngineExecutionOrchestrator.java:66)
	at org.junit.platform.launcher.core.EngineExecutionOrchestrator.withInterceptedStreams(EngineExecutionOrchestrator.java:157)
	at org.junit.platform.launcher.core.EngineExecutionOrchestrator.execute(EngineExecutionOrchestrator.java:65)
	at org.junit.platform.launcher.core.DefaultLauncher.execute(DefaultLauncher.java:125)
	at org.junit.platform.launcher.core.DefaultLauncher.execute(DefaultLauncher.java:114)
	at org.junit.platform.launcher.core.DefaultLauncher.execute(DefaultLauncher.java:93)
	at org.junit.platform.launcher.core.DelegatingLauncher.execute(DelegatingLauncher.java:48)
	at org.junit.platform.launcher.core.InterceptingLauncher.lambda$execute$0(InterceptingLauncher.java:41)
	at org.junit.platform.launcher.core.ClasspathAlignmentCheckingLauncherInterceptor.intercept(ClasspathAlignmentCheckingLauncherInterceptor.java:25)
	at org.junit.platform.launcher.core.InterceptingLauncher.execute(InterceptingLauncher.java:40)
	at org.junit.platform.launcher.core.DelegatingLauncher.execute(DelegatingLauncher.java:48)
	at org.junit.platform.launcher.core.SessionPerRequestLauncher.execute(SessionPerRequestLauncher.java:67)
	at com.intellij.junit6.JUnit6IdeaTestRunner.startRunnerWithArgs(JUnit6IdeaTestRunner.java:67)
	at com.intellij.rt.junit.IdeaTestRunner$Repeater$1.execute(IdeaTestRunner.java:38)
	at com.intellij.rt.execution.junit.TestsRepeater.repeat(TestsRepeater.java:11)
	at com.intellij.rt.junit.IdeaTestRunner$Repeater.startRunnerWithArgs(IdeaTestRunner.java:35)
	at com.intellij.rt.junit.JUnitStarter.prepareStreamsAndStart(JUnitStarter.java:237)
	at com.intellij.rt.junit.JUnitStarter.main(JUnitStarter.java:58)
Caused by: io.lettuce.core.RedisConnectionException: Unable to connect to redis/<unresolved>:6379
	at io.lettuce.core.RedisConnectionException.create(RedisConnectionException.java:63)
	at io.lettuce.core.RedisConnectionException.create(RedisConnectionException.java:41)
	at io.lettuce.core.AbstractRedisClient.getConnection(AbstractRedisClient.java:352)
	at io.lettuce.core.RedisClient.connect(RedisClient.java:220)
	at org.springframework.data.redis.connection.lettuce.StandaloneConnectionProvider.lambda$getConnection$1(StandaloneConnectionProvider.java:113)
	at java.base/java.util.Optional.orElseGet(Optional.java:364)
	at org.springframework.data.redis.connection.lettuce.StandaloneConnectionProvider.getConnection(StandaloneConnectionProvider.java:113)
	at org.springframework.data.redis.connection.lettuce.LettuceConnectionFactory$ExceptionTranslatingConnectionProvider.getConnection(LettuceConnectionFactory.java:1797)
	... 194 common frames omitted
Caused by: java.net.UnknownHostException: Failed to resolve 'redis' [A(1), AAAA(28)] after 4 queries 
	at io.netty.resolver.dns.DnsResolveContext.finishResolve(DnsResolveContext.java:1137)
	at io.netty.resolver.dns.DnsResolveContext.tryToFinishResolve(DnsResolveContext.java:1084)
	at io.netty.resolver.dns.DnsResolveContext.query(DnsResolveContext.java:443)
	at io.netty.resolver.dns.DnsResolveContext.access$700(DnsResolveContext.java:69)
	at io.netty.resolver.dns.DnsResolveContext$2.operationComplete(DnsResolveContext.java:512)
	at io.netty.util.concurrent.DefaultPromise.notifyListener0(DefaultPromise.java:604)
	at io.netty.util.concurrent.DefaultPromise.notifyListeners0(DefaultPromise.java:597)
	at io.netty.util.concurrent.DefaultPromise.notifyListenersNow(DefaultPromise.java:573)
	at io.netty.util.concurrent.DefaultPromise.notifyListeners(DefaultPromise.java:506)
	at io.netty.util.concurrent.DefaultPromise.setValue0(DefaultPromise.java:650)
	at io.netty.util.concurrent.DefaultPromise.setFailure0(DefaultPromise.java:643)
	at io.netty.util.concurrent.DefaultPromise.tryFailure(DefaultPromise.java:132)
	at io.netty.resolver.dns.DnsQueryContext.finishFailure(DnsQueryContext.java:343)
	at io.netty.resolver.dns.DnsQueryContext$4.run(DnsQueryContext.java:278)
	at io.netty.util.concurrent.PromiseTask.runTask(PromiseTask.java:98)
	at io.netty.util.concurrent.ScheduledFutureTask.run(ScheduledFutureTask.java:160)
	at io.netty.util.concurrent.AbstractEventExecutor.runTask(AbstractEventExecutor.java:148)
	at io.netty.util.concurrent.AbstractEventExecutor.safeExecute$$$capture(AbstractEventExecutor.java:141)
	at io.netty.util.concurrent.AbstractEventExecutor.safeExecute(AbstractEventExecutor.java)
	at io.netty.util.concurrent.SingleThreadEventExecutor.runAllTasks(SingleThreadEventExecutor.java:535)
	at io.netty.channel.SingleThreadIoEventLoop.run(SingleThreadIoEventLoop.java:201)
	at io.netty.util.concurrent.SingleThreadEventExecutor$5.run(SingleThreadEventExecutor.java:1193)
	at io.netty.util.internal.ThreadExecutorMap$2.run(ThreadExecutorMap.java:74)
	at io.netty.util.concurrent.FastThreadLocalRunnable.run(FastThreadLocalRunnable.java:30)
	at java.base/java.lang.Thread.run(Thread.java:1583)
Caused by: io.netty.resolver.dns.DnsNameResolverTimeoutException: [4083: /192.168.0.1:53] DefaultDnsQuestion(redis. IN AAAA) query '4083' via UDP timed out after 5000 milliseconds (no stack trace available)
2026-05-03 18:05:38.435 [main] WARN  c.e.s.a.i.h.GlobalExceptionHandler - MethodArgumentNotValidException: Validation failed for argument [0] in public org.springframework.http.ResponseEntity<com.example.springjpalab.adapter.input.dto.restaurant.RestaurantResponse> com.example.springjpalab.adapter.input.controller.RestaurantController.createRestaurant(com.example.springjpalab.adapter.input.dto.restaurant.RestaurantCreateRequest) with 2 errors: [Field error in object 'restaurantCreateRequest' on field 'address': rejected value []; codes [NotBlank.restaurantCreateRequest.address,NotBlank.address,NotBlank.java.lang.String,NotBlank]; arguments [org.springframework.context.support.DefaultMessageSourceResolvable: codes [restaurantCreateRequest.address,address]; arguments []; default message [address]]; default message [Address cannot be blank]] [Field error in object 'restaurantCreateRequest' on field 'address': rejected value []; codes [Size.restaurantCreateRequest.address,Size.address,Size.java.lang.String,Size]; arguments [org.springframework.context.support.DefaultMessageSourceResolvable: codes [restaurantCreateRequest.address,address]; arguments []; default message [address],2147483647,1]; default message [Address must be at least 1 character]] 
2026-05-03 18:05:38.465 [main] WARN  c.e.s.a.i.h.GlobalExceptionHandler - HttpMessageNotReadableException (invalid request body)
org.springframework.http.converter.HttpMessageNotReadableException: JSON parse error: Cannot construct instance of `com.example.springjpalab.adapter.input.dto.restaurant.RestaurantCreateRequest`, problem: Parameter specified as non-null is null: method com.example.springjpalab.adapter.input.dto.restaurant.RestaurantCreateRequest.<init>, parameter name
	at org.springframework.http.converter.AbstractJacksonHttpMessageConverter.readJavaType(AbstractJacksonHttpMessageConverter.java:366)
	at org.springframework.http.converter.AbstractJacksonHttpMessageConverter.read(AbstractJacksonHttpMessageConverter.java:322)
	at org.springframework.web.servlet.mvc.method.annotation.AbstractMessageConverterMethodArgumentResolver.readWithMessageConverters(AbstractMessageConverterMethodArgumentResolver.java:203)
	at org.springframework.web.servlet.mvc.method.annotation.RequestResponseBodyMethodProcessor.readWithMessageConverters(RequestResponseBodyMethodProcessor.java:175)
	at org.springframework.web.servlet.mvc.method.annotation.RequestResponseBodyMethodProcessor.resolveArgument(RequestResponseBodyMethodProcessor.java:150)
	at org.springframework.web.method.support.HandlerMethodArgumentResolverComposite.resolveArgument(HandlerMethodArgumentResolverComposite.java:122)
	at org.springframework.web.method.support.InvocableHandlerMethod.getMethodArgumentValues(InvocableHandlerMethod.java:230)
	at org.springframework.web.method.support.InvocableHandlerMethod.invokeForRequest(InvocableHandlerMethod.java:180)
	at org.springframework.web.servlet.mvc.method.annotation.ServletInvocableHandlerMethod.invokeAndHandle(ServletInvocableHandlerMethod.java:117)
	at org.springframework.web.servlet.mvc.method.annotation.RequestMappingHandlerAdapter.invokeHandlerMethod(RequestMappingHandlerAdapter.java:934)
	at org.springframework.web.servlet.mvc.method.annotation.RequestMappingHandlerAdapter.handleInternal(RequestMappingHandlerAdapter.java:853)
	at org.springframework.web.servlet.mvc.method.AbstractHandlerMethodAdapter.handle(AbstractHandlerMethodAdapter.java:86)
	at org.springframework.web.servlet.DispatcherServlet.doDispatch(DispatcherServlet.java:963)
	at org.springframework.web.servlet.DispatcherServlet.doService(DispatcherServlet.java:866)
	at org.springframework.web.servlet.FrameworkServlet.processRequest(FrameworkServlet.java:1003)
	at org.springframework.web.servlet.FrameworkServlet.doPost(FrameworkServlet.java:903)
	at jakarta.servlet.http.HttpServlet.service(HttpServlet.java:649)
	at org.springframework.web.servlet.FrameworkServlet.service(FrameworkServlet.java:874)
	at org.springframework.test.web.servlet.TestDispatcherServlet.service(TestDispatcherServlet.java:72)
	at jakarta.servlet.http.HttpServlet.service(HttpServlet.java:710)
	at org.springframework.mock.web.MockFilterChain$ServletFilterProxy.doFilter(MockFilterChain.java:160)
	at org.springframework.mock.web.MockFilterChain.doFilter(MockFilterChain.java:127)
	at org.springframework.web.filter.OncePerRequestFilter.doFilter(OncePerRequestFilter.java:110)
	at org.springframework.test.web.servlet.setup.MockMvcFilterDecorator.doFilter(MockMvcFilterDecorator.java:160)
	at org.springframework.mock.web.MockFilterChain.doFilter(MockFilterChain.java:127)
	at org.springframework.web.filter.CompositeFilter$VirtualFilterChain.doFilter(CompositeFilter.java:108)
	at org.springframework.security.web.FilterChainProxy.lambda$doFilterInternal$3(FilterChainProxy.java:235)
	at org.springframework.security.web.FilterChainProxy$VirtualFilterChain.doFilter(FilterChainProxy.java:371)
	at org.springframework.security.web.access.intercept.AuthorizationFilter.doFilter(AuthorizationFilter.java:101)
	at org.springframework.security.web.FilterChainProxy$VirtualFilterChain.doFilter(FilterChainProxy.java:380)
	at org.springframework.security.web.access.ExceptionTranslationFilter.doFilter(ExceptionTranslationFilter.java:126)
	at org.springframework.security.web.access.ExceptionTranslationFilter.doFilter(ExceptionTranslationFilter.java:120)
	at org.springframework.security.web.FilterChainProxy$VirtualFilterChain.doFilter(FilterChainProxy.java:380)
	at org.springframework.security.web.session.SessionManagementFilter.doFilter(SessionManagementFilter.java:132)
	at org.springframework.security.web.session.SessionManagementFilter.doFilter(SessionManagementFilter.java:86)
	at org.springframework.security.web.FilterChainProxy$VirtualFilterChain.doFilter(FilterChainProxy.java:380)
	at org.springframework.security.web.authentication.AnonymousAuthenticationFilter.doFilter(AnonymousAuthenticationFilter.java:100)
	at org.springframework.security.web.FilterChainProxy$VirtualFilterChain.doFilter(FilterChainProxy.java:380)
	at org.springframework.security.web.servletapi.SecurityContextHolderAwareRequestFilter.doFilter(SecurityContextHolderAwareRequestFilter.java:181)
	at org.springframework.security.web.FilterChainProxy$VirtualFilterChain.doFilter(FilterChainProxy.java:380)
	at org.springframework.security.web.savedrequest.RequestCacheAwareFilter.doFilter(RequestCacheAwareFilter.java:63)
	at org.springframework.security.web.FilterChainProxy$VirtualFilterChain.doFilter(FilterChainProxy.java:380)
	at com.example.springjpalab.security.JwtAuthenticationFilter.doFilterInternal(JwtAuthenticationFilter.kt:29)
	at org.springframework.web.filter.OncePerRequestFilter.doFilter(OncePerRequestFilter.java:116)
	at org.springframework.security.web.FilterChainProxy$VirtualFilterChain.doFilter(FilterChainProxy.java:380)
	at org.springframework.security.web.authentication.logout.LogoutFilter.doFilter(LogoutFilter.java:110)
	at org.springframework.security.web.authentication.logout.LogoutFilter.doFilter(LogoutFilter.java:96)
	at org.springframework.security.web.FilterChainProxy$VirtualFilterChain.doFilter(FilterChainProxy.java:380)
	at org.springframework.security.web.header.HeaderWriterFilter.doHeadersAfter(HeaderWriterFilter.java:90)
	at org.springframework.security.web.header.HeaderWriterFilter.doFilterInternal(HeaderWriterFilter.java:75)
	at org.springframework.web.filter.OncePerRequestFilter.doFilter(OncePerRequestFilter.java:116)
	at org.springframework.security.web.FilterChainProxy$VirtualFilterChain.doFilter(FilterChainProxy.java:380)
	at org.springframework.security.web.context.SecurityContextHolderFilter.doFilter(SecurityContextHolderFilter.java:82)
	at org.springframework.security.web.context.SecurityContextHolderFilter.doFilter(SecurityContextHolderFilter.java:69)
	at org.springframework.security.web.FilterChainProxy$VirtualFilterChain.doFilter(FilterChainProxy.java:380)
	at org.springframework.security.web.context.request.async.WebAsyncManagerIntegrationFilter.doFilterInternal(WebAsyncManagerIntegrationFilter.java:62)
	at org.springframework.web.filter.OncePerRequestFilter.doFilter(OncePerRequestFilter.java:116)
	at org.springframework.security.web.FilterChainProxy$VirtualFilterChain.doFilter(FilterChainProxy.java:380)
	at org.springframework.security.web.session.DisableEncodeUrlFilter.doFilterInternal(DisableEncodeUrlFilter.java:42)
	at org.springframework.web.filter.OncePerRequestFilter.doFilter(OncePerRequestFilter.java:116)
	at org.springframework.security.web.FilterChainProxy$VirtualFilterChain.doFilter(FilterChainProxy.java:380)
	at org.springframework.security.web.FilterChainProxy.doFilterInternal(FilterChainProxy.java:237)
	at org.springframework.security.web.FilterChainProxy.doFilter(FilterChainProxy.java:195)
	at org.springframework.web.filter.CompositeFilter$VirtualFilterChain.doFilter(CompositeFilter.java:113)
	at org.springframework.web.filter.ServletRequestPathFilter.doFilter(ServletRequestPathFilter.java:52)
	at org.springframework.web.filter.CompositeFilter$VirtualFilterChain.doFilter(CompositeFilter.java:113)
	at org.springframework.web.filter.CompositeFilter.doFilter(CompositeFilter.java:74)
	at org.springframework.security.config.annotation.web.configuration.WebSecurityConfiguration$CompositeFilterChainProxy.doFilter(WebSecurityConfiguration.java:317)
	at org.springframework.web.filter.DelegatingFilterProxy.invokeDelegate(DelegatingFilterProxy.java:355)
	at org.springframework.web.filter.DelegatingFilterProxy.doFilter(DelegatingFilterProxy.java:272)
	at org.springframework.test.web.servlet.setup.MockMvcFilterDecorator.doFilter(MockMvcFilterDecorator.java:160)
	at org.springframework.mock.web.MockFilterChain.doFilter(MockFilterChain.java:127)
	at org.springframework.web.filter.RequestContextFilter.doFilterInternal(RequestContextFilter.java:100)
	at org.springframework.web.filter.OncePerRequestFilter.doFilter(OncePerRequestFilter.java:116)
	at org.springframework.test.web.servlet.setup.MockMvcFilterDecorator.doFilter(MockMvcFilterDecorator.java:160)
	at org.springframework.mock.web.MockFilterChain.doFilter(MockFilterChain.java:127)
	at org.springframework.web.filter.FormContentFilter.doFilterInternal(FormContentFilter.java:93)
	at org.springframework.web.filter.OncePerRequestFilter.doFilter(OncePerRequestFilter.java:116)
	at org.springframework.test.web.servlet.setup.MockMvcFilterDecorator.doFilter(MockMvcFilterDecorator.java:160)
	at org.springframework.mock.web.MockFilterChain.doFilter(MockFilterChain.java:127)
	at org.springframework.web.filter.CharacterEncodingFilter.doFilterInternal(CharacterEncodingFilter.java:199)
	at org.springframework.web.filter.OncePerRequestFilter.doFilter(OncePerRequestFilter.java:116)
	at org.springframework.test.web.servlet.setup.MockMvcFilterDecorator.doFilter(MockMvcFilterDecorator.java:160)
	at org.springframework.mock.web.MockFilterChain.doFilter(MockFilterChain.java:127)
	at org.springframework.test.web.servlet.MockMvc.perform(MockMvc.java:199)
	at com.example.springjpalab.controller.RestaurantIntegrationTest.POST restaurant СЃ РЅРµРІР°Р»РёРґРЅС‹Рј body РІРѕР·РІСЂР°С‰Р°РµС‚ 400(RestaurantIntegrationTest.kt:117)
	at java.base/jdk.internal.reflect.DirectMethodHandleAccessor.invoke(DirectMethodHandleAccessor.java:103)
	at java.base/java.lang.reflect.Method.invoke(Method.java:580)
	at org.junit.platform.commons.util.ReflectionUtils.invokeMethod(ReflectionUtils.java:701)
	at org.junit.platform.commons.support.ReflectionSupport.invokeMethod(ReflectionSupport.java:502)
	at org.junit.jupiter.engine.support.MethodReflectionUtils.invoke(MethodReflectionUtils.java:45)
	at org.junit.jupiter.engine.execution.MethodInvocation.proceed(MethodInvocation.java:61)
	at org.junit.jupiter.engine.execution.InvocationInterceptorChain$ValidatingInvocation.proceed(InvocationInterceptorChain.java:124)
	at org.junit.jupiter.engine.extension.TimeoutExtension.intercept(TimeoutExtension.java:163)
	at org.junit.jupiter.engine.extension.TimeoutExtension.interceptTestableMethod(TimeoutExtension.java:148)
	at org.junit.jupiter.engine.extension.TimeoutExtension.interceptTestMethod(TimeoutExtension.java:86)
	at org.junit.jupiter.engine.execution.InterceptingExecutableInvoker$ReflectiveInterceptorCall.lambda$ofVoidMethod$0(InterceptingExecutableInvoker.java:123)
	at org.junit.jupiter.engine.execution.InterceptingExecutableInvoker.lambda$invoke$0(InterceptingExecutableInvoker.java:105)
	at org.junit.jupiter.engine.execution.InvocationInterceptorChain$InterceptedInvocation.proceed(InvocationInterceptorChain.java:99)
	at org.junit.jupiter.engine.execution.InvocationInterceptorChain.proceed(InvocationInterceptorChain.java:66)
	at org.junit.jupiter.engine.execution.InvocationInterceptorChain.chainAndInvoke(InvocationInterceptorChain.java:47)
	at org.junit.jupiter.engine.execution.InvocationInterceptorChain.invoke(InvocationInterceptorChain.java:39)
	at org.junit.jupiter.engine.execution.InterceptingExecutableInvoker.invoke(InterceptingExecutableInvoker.java:104)
	at org.junit.jupiter.engine.execution.InterceptingExecutableInvoker.invoke(InterceptingExecutableInvoker.java:98)
	at org.junit.jupiter.engine.execution.InterceptingExecutableInvoker.invokeVoid(InterceptingExecutableInvoker.java:71)
	at org.junit.jupiter.engine.descriptor.TestMethodTestDescriptor.lambda$invokeTestMethod$0(TestMethodTestDescriptor.java:219)
	at org.junit.platform.engine.support.hierarchical.ThrowableCollector.execute(ThrowableCollector.java:74)
	at org.junit.jupiter.engine.descriptor.TestMethodTestDescriptor.invokeTestMethod(TestMethodTestDescriptor.java:215)
	at org.junit.jupiter.engine.descriptor.TestMethodTestDescriptor.execute(TestMethodTestDescriptor.java:157)
	at org.junit.jupiter.engine.descriptor.TestMethodTestDescriptor.execute(TestMethodTestDescriptor.java:70)
	at org.junit.platform.engine.support.hierarchical.NodeTestTask.lambda$executeRecursively$2(NodeTestTask.java:176)
	at org.junit.platform.engine.support.hierarchical.ThrowableCollector.execute(ThrowableCollector.java:74)
	at org.junit.platform.engine.support.hierarchical.NodeTestTask.lambda$executeRecursively$1(NodeTestTask.java:166)
	at org.junit.platform.engine.support.hierarchical.Node.around(Node.java:138)
	at org.junit.platform.engine.support.hierarchical.NodeTestTask.lambda$executeRecursively$0(NodeTestTask.java:164)
	at org.junit.platform.engine.support.hierarchical.ThrowableCollector.execute(ThrowableCollector.java:74)
	at org.junit.platform.engine.support.hierarchical.NodeTestTask.executeRecursively(NodeTestTask.java:163)
	at org.junit.platform.engine.support.hierarchical.NodeTestTask.execute(NodeTestTask.java:116)
	at java.base/java.util.ArrayList.forEach(ArrayList.java:1596)
	at org.junit.platform.engine.support.hierarchical.SameThreadHierarchicalTestExecutorService.invokeAll(SameThreadHierarchicalTestExecutorService.java:42)
	at org.junit.platform.engine.support.hierarchical.NodeTestTask.lambda$executeRecursively$2(NodeTestTask.java:180)
	at org.junit.platform.engine.support.hierarchical.ThrowableCollector.execute(ThrowableCollector.java:74)
	at org.junit.platform.engine.support.hierarchical.NodeTestTask.lambda$executeRecursively$1(NodeTestTask.java:166)
	at org.junit.platform.engine.support.hierarchical.Node.around(Node.java:138)
	at org.junit.platform.engine.support.hierarchical.NodeTestTask.lambda$executeRecursively$0(NodeTestTask.java:164)
	at org.junit.platform.engine.support.hierarchical.ThrowableCollector.execute(ThrowableCollector.java:74)
	at org.junit.platform.engine.support.hierarchical.NodeTestTask.executeRecursively(NodeTestTask.java:163)
	at org.junit.platform.engine.support.hierarchical.NodeTestTask.execute(NodeTestTask.java:116)
	at java.base/java.util.ArrayList.forEach(ArrayList.java:1596)
	at org.junit.platform.engine.support.hierarchical.SameThreadHierarchicalTestExecutorService.invokeAll(SameThreadHierarchicalTestExecutorService.java:42)
	at org.junit.platform.engine.support.hierarchical.NodeTestTask.lambda$executeRecursively$2(NodeTestTask.java:180)
	at org.junit.platform.engine.support.hierarchical.ThrowableCollector.execute(ThrowableCollector.java:74)
	at org.junit.platform.engine.support.hierarchical.NodeTestTask.lambda$executeRecursively$1(NodeTestTask.java:166)
	at org.junit.platform.engine.support.hierarchical.Node.around(Node.java:138)
	at org.junit.platform.engine.support.hierarchical.NodeTestTask.lambda$executeRecursively$0(NodeTestTask.java:164)
	at org.junit.platform.engine.support.hierarchical.ThrowableCollector.execute(ThrowableCollector.java:74)
	at org.junit.platform.engine.support.hierarchical.NodeTestTask.executeRecursively(NodeTestTask.java:163)
	at org.junit.platform.engine.support.hierarchical.NodeTestTask.execute(NodeTestTask.java:116)
	at org.junit.platform.engine.support.hierarchical.SameThreadHierarchicalTestExecutorService.submit(SameThreadHierarchicalTestExecutorService.java:36)
	at org.junit.platform.engine.support.hierarchical.HierarchicalTestExecutor.execute(HierarchicalTestExecutor.java:52)
	at org.junit.platform.engine.support.hierarchical.HierarchicalTestEngine.execute(HierarchicalTestEngine.java:58)
	at org.junit.platform.launcher.core.EngineExecutionOrchestrator.executeEngine(EngineExecutionOrchestrator.java:246)
	at org.junit.platform.launcher.core.EngineExecutionOrchestrator.failOrExecuteEngine(EngineExecutionOrchestrator.java:218)
	at org.junit.platform.launcher.core.EngineExecutionOrchestrator.execute(EngineExecutionOrchestrator.java:179)
	at org.junit.platform.launcher.core.EngineExecutionOrchestrator.execute(EngineExecutionOrchestrator.java:108)
	at org.junit.platform.launcher.core.EngineExecutionOrchestrator.lambda$execute$0(EngineExecutionOrchestrator.java:66)
	at org.junit.platform.launcher.core.EngineExecutionOrchestrator.withInterceptedStreams(EngineExecutionOrchestrator.java:157)
	at org.junit.platform.launcher.core.EngineExecutionOrchestrator.execute(EngineExecutionOrchestrator.java:65)
	at org.junit.platform.launcher.core.DefaultLauncher.execute(DefaultLauncher.java:125)
	at org.junit.platform.launcher.core.DefaultLauncher.execute(DefaultLauncher.java:114)
	at org.junit.platform.launcher.core.DefaultLauncher.execute(DefaultLauncher.java:93)
	at org.junit.platform.launcher.core.DelegatingLauncher.execute(DelegatingLauncher.java:48)
	at org.junit.platform.launcher.core.InterceptingLauncher.lambda$execute$0(InterceptingLauncher.java:41)
	at org.junit.platform.launcher.core.ClasspathAlignmentCheckingLauncherInterceptor.intercept(ClasspathAlignmentCheckingLauncherInterceptor.java:25)
	at org.junit.platform.launcher.core.InterceptingLauncher.execute(InterceptingLauncher.java:40)
	at org.junit.platform.launcher.core.DelegatingLauncher.execute(DelegatingLauncher.java:48)
	at org.junit.platform.launcher.core.SessionPerRequestLauncher.execute(SessionPerRequestLauncher.java:67)
	at com.intellij.junit6.JUnit6IdeaTestRunner.startRunnerWithArgs(JUnit6IdeaTestRunner.java:67)
	at com.intellij.rt.junit.IdeaTestRunner$Repeater$1.execute(IdeaTestRunner.java:38)
	at com.intellij.rt.execution.junit.TestsRepeater.repeat(TestsRepeater.java:11)
	at com.intellij.rt.junit.IdeaTestRunner$Repeater.startRunnerWithArgs(IdeaTestRunner.java:35)
	at com.intellij.rt.junit.JUnitStarter.prepareStreamsAndStart(JUnitStarter.java:237)
	at com.intellij.rt.junit.JUnitStarter.main(JUnitStarter.java:58)
Caused by: tools.jackson.databind.exc.ValueInstantiationException: Cannot construct instance of `com.example.springjpalab.adapter.input.dto.restaurant.RestaurantCreateRequest`, problem: Parameter specified as non-null is null: method com.example.springjpalab.adapter.input.dto.restaurant.RestaurantCreateRequest.<init>, parameter name
 at [Source: REDACTED (`StreamReadFeature.INCLUDE_SOURCE_IN_LOCATION` disabled); byte offset: #1]
	at tools.jackson.databind.exc.ValueInstantiationException.from(ValueInstantiationException.java:44)
	at tools.jackson.databind.DeserializationContext.instantiationException(DeserializationContext.java:2080)
	at tools.jackson.databind.deser.std.StdValueInstantiator.wrapAsDatabindException(StdValueInstantiator.java:581)
	at tools.jackson.databind.deser.std.StdValueInstantiator.rewrapCtorProblem(StdValueInstantiator.java:602)
	at tools.jackson.databind.deser.std.StdValueInstantiator.createFromObjectWith(StdValueInstantiator.java:289)
	at tools.jackson.databind.deser.ValueInstantiator.createFromObjectWith(ValueInstantiator.java:270)
	at tools.jackson.databind.deser.bean.PropertyBasedCreator.build(PropertyBasedCreator.java:252)
	at tools.jackson.databind.deser.bean.BeanDeserializer._deserializeUsingPropertyBased(BeanDeserializer.java:697)
	at tools.jackson.databind.deser.bean.BeanDeserializerBase.deserializeFromObjectUsingNonDefault(BeanDeserializerBase.java:1417)
	at tools.jackson.databind.deser.bean.BeanDeserializer.deserializeFromObject(BeanDeserializer.java:480)
	at tools.jackson.databind.deser.bean.BeanDeserializer.deserialize(BeanDeserializer.java:200)
	at tools.jackson.databind.deser.DeserializationContextExt.readRootValue(DeserializationContextExt.java:265)
	at tools.jackson.databind.ObjectReader._bindAndClose(ObjectReader.java:1646)
	at tools.jackson.databind.ObjectReader.readValue(ObjectReader.java:1171)
	at org.springframework.http.converter.AbstractJacksonHttpMessageConverter.readJavaType(AbstractJacksonHttpMessageConverter.java:355)
	... 162 common frames omitted
Caused by: java.lang.NullPointerException: Parameter specified as non-null is null: method com.example.springjpalab.adapter.input.dto.restaurant.RestaurantCreateRequest.<init>, parameter name
	at com.example.springjpalab.adapter.input.dto.restaurant.RestaurantCreateRequest.<init>(RestaurantCreateRequest.kt)
	at java.base/java.lang.invoke.MethodHandle.invokeWithArguments(MethodHandle.java:733)
	at tools.jackson.databind.introspect.AnnotatedConstructor.call(AnnotatedConstructor.java:113)
	at tools.jackson.databind.deser.std.StdValueInstantiator.createFromObjectWith(StdValueInstantiator.java:287)
	... 172 common frames omitted
2026-05-03 18:05:38.498 [main] DEBUG org.hibernate.SQL - select rje1_0.id,rje1_0.address,rje1_0.name from restaurants rje1_0 where rje1_0.name=?
2026-05-03 18:05:38.509 [main] DEBUG org.hibernate.SQL - insert into restaurants (address,name) values (?,?)
2026-05-03 18:05:38.519 [main] INFO  c.e.s.a.service.RestaurantService - РЎРѕР·РґР°РЅ СЂРµСЃС‚РѕСЂР°РЅ: id=5, name=РўРµСЃС‚
2026-05-03 18:05:43.632 [main] DEBUG org.hibernate.SQL - select rje1_0.id,rje1_0.address,rje1_0.name from restaurants rje1_0 where rje1_0.name=?
2026-05-03 18:05:43.637 [main] DEBUG org.hibernate.SQL - insert into restaurants (address,name) values (?,?)
2026-05-03 18:05:43.645 [main] INFO  c.e.s.a.service.RestaurantService - РЎРѕР·РґР°РЅ СЂРµСЃС‚РѕСЂР°РЅ: id=6, name=First1
2026-05-03 18:05:48.740 [main] DEBUG org.hibernate.SQL - select rje1_0.id,rje1_0.address,rje1_0.name from restaurants rje1_0 where rje1_0.name=?
2026-05-03 18:05:48.754 [main] DEBUG org.hibernate.SQL - select d1_0.restaurant_id,d1_0.id,d1_0.description,d1_0.is_available,d1_0.name,d1_0.price from dishes d1_0 where d1_0.restaurant_id=?
2026-05-03 18:05:48.766 [main] WARN  c.e.s.a.service.RestaurantService - Р РµСЃС‚РѕСЂР°РЅ 'First1' СѓР¶Рµ СЃСѓС‰РµСЃС‚РІСѓРµС‚
2026-05-03 18:05:48.768 [main] WARN  c.e.s.a.i.h.GlobalExceptionHandler - Р РµСЃС‚РѕСЂР°РЅ 'First1' СѓР¶Рµ СЃСѓС‰РµСЃС‚РІСѓРµС‚
2026-05-03 18:05:48.784 [main] DEBUG org.hibernate.SQL - select rje1_0.id,rje1_0.address,rje1_0.name from restaurants rje1_0 where rje1_0.name=?
2026-05-03 18:05:48.789 [main] DEBUG org.hibernate.SQL - insert into restaurants (address,name) values (?,?)
2026-05-03 18:05:48.795 [main] INFO  c.e.s.a.service.RestaurantService - РЎРѕР·РґР°РЅ СЂРµСЃС‚РѕСЂР°РЅ: id=7, name=Old Name 1777806348779
2026-05-03 18:05:53.916 [main] INFO  c.e.s.a.service.RestaurantService - РџСЂРѕРјР°С… РєСЌС€Р° restaurants.findById РґР»СЏ id=7: Р·Р°РіСЂСѓР¶Р°РµРј РёР· СЂРµРїРѕР·РёС‚РѕСЂРёСЏ
2026-05-03 18:05:53.931 [main] DEBUG org.hibernate.SQL - select rje1_0.id,rje1_0.address,d1_0.restaurant_id,d1_0.id,d1_0.description,d1_0.is_available,d1_0.name,d1_0.price,rje1_0.name from restaurants rje1_0 left join dishes d1_0 on rje1_0.id=d1_0.restaurant_id where rje1_0.id=?
2026-05-03 18:05:53.974 [main] DEBUG org.hibernate.SQL - update restaurants set address=?,name=? where id=?
2026-05-03 18:05:53.986 [main] INFO  c.e.s.a.service.RestaurantService - РћР±РЅРѕРІР»РµРЅ СЂРµСЃС‚РѕСЂР°РЅ: id=7, name=New Name
2026-05-03 18:05:59.125 [main] DEBUG org.hibernate.SQL - select rje1_0.id,rje1_0.address,rje1_0.name from restaurants rje1_0 where rje1_0.name=?
2026-05-03 18:05:59.130 [main] DEBUG org.hibernate.SQL - insert into restaurants (address,name) values (?,?)
2026-05-03 18:05:59.138 [main] INFO  c.e.s.a.service.RestaurantService - РЎРѕР·РґР°РЅ СЂРµСЃС‚РѕСЂР°РЅ: id=8, name=ToDelete1
2026-05-03 18:06:04.234 [main] DEBUG org.hibernate.SQL - select rje1_0.id,rje1_0.address,rje1_0.name from restaurants rje1_0 where rje1_0.name=?
2026-05-03 18:06:04.239 [main] DEBUG org.hibernate.SQL - insert into restaurants (address,name) values (?,?)
2026-05-03 18:06:04.247 [main] INFO  c.e.s.a.service.RestaurantService - РЎРѕР·РґР°РЅ СЂРµСЃС‚РѕСЂР°РЅ: id=9, name=ToDelete2
2026-05-03 18:06:09.372 [main] DEBUG org.hibernate.SQL - select count(*) from restaurants rje1_0 where rje1_0.id=?
2026-05-03 18:06:09.383 [main] DEBUG org.hibernate.SQL - select rje1_0.id,rje1_0.address,rje1_0.name from restaurants rje1_0 where rje1_0.id=?
2026-05-03 18:06:09.392 [main] DEBUG org.hibernate.SQL - select d1_0.restaurant_id,d1_0.id,d1_0.description,d1_0.is_available,d1_0.name,d1_0.price from dishes d1_0 where d1_0.restaurant_id=?
2026-05-03 18:06:09.407 [main] DEBUG org.hibernate.SQL - delete from restaurants where id=?
2026-05-03 18:06:09.419 [main] INFO  c.e.s.a.service.RestaurantService - РЈРґР°Р»РµРЅ СЂРµСЃС‚РѕСЂР°РЅ: id=8
2026-05-03 18:06:14.519 [main] DEBUG org.hibernate.SQL - select count(*) from restaurants rje1_0 where rje1_0.id=?
2026-05-03 18:06:14.528 [main] DEBUG org.hibernate.SQL - select rje1_0.id,rje1_0.address,rje1_0.name from restaurants rje1_0 where rje1_0.id=?
2026-05-03 18:06:14.532 [main] DEBUG org.hibernate.SQL - select d1_0.restaurant_id,d1_0.id,d1_0.description,d1_0.is_available,d1_0.name,d1_0.price from dishes d1_0 where d1_0.restaurant_id=?
2026-05-03 18:06:14.536 [main] DEBUG org.hibernate.SQL - delete from restaurants where id=?
2026-05-03 18:06:14.541 [main] INFO  c.e.s.a.service.RestaurantService - РЈРґР°Р»РµРЅ СЂРµСЃС‚РѕСЂР°РЅ: id=9
2026-05-03 18:06:24.724 [main] ERROR c.e.s.a.i.h.GlobalExceptionHandler - РќРµРїСЂРµРґРІРёРґРµРЅРЅР°СЏ РѕС€РёР±РєР°
org.springframework.data.redis.RedisConnectionFailureException: Unable to connect to Redis
	at org.springframework.data.redis.connection.lettuce.LettuceConnectionFactory$ExceptionTranslatingConnectionProvider.translateException(LettuceConnectionFactory.java:1868)
	at org.springframework.data.redis.connection.lettuce.LettuceConnectionFactory$ExceptionTranslatingConnectionProvider.getConnection(LettuceConnectionFactory.java:1799)
	at org.springframework.data.redis.connection.lettuce.LettuceConnectionFactory$SharedConnection.getNativeConnection(LettuceConnectionFactory.java:1596)
	at org.springframework.data.redis.connection.lettuce.LettuceConnectionFactory$SharedConnection.lambda$getConnection$0(LettuceConnectionFactory.java:1576)
	at org.springframework.data.redis.connection.lettuce.LettuceConnectionFactory.doInLock(LettuceConnectionFactory.java:1537)
	at org.springframework.data.redis.connection.lettuce.LettuceConnectionFactory$SharedConnection.getConnection(LettuceConnectionFactory.java:1573)
	at org.springframework.data.redis.connection.lettuce.LettuceConnectionFactory.getSharedConnection(LettuceConnectionFactory.java:1258)
	at org.springframework.data.redis.connection.lettuce.LettuceConnectionFactory.getConnection(LettuceConnectionFactory.java:1054)
	at org.springframework.data.redis.cache.DefaultRedisCacheWriter.execute(DefaultRedisCacheWriter.java:539)
	at org.springframework.data.redis.cache.DefaultRedisCacheWriter.get(DefaultRedisCacheWriter.java:245)
	at org.springframework.data.redis.cache.DefaultRedisCacheWriter.get(DefaultRedisCacheWriter.java:236)
	at org.springframework.data.redis.cache.RedisCache.lookup(RedisCache.java:186)
	at org.springframework.cache.support.AbstractValueAdaptingCache.get(AbstractValueAdaptingCache.java:58)
	at org.springframework.cache.interceptor.AbstractCacheInvoker.doGet(AbstractCacheInvoker.java:78)
	at org.springframework.cache.interceptor.CacheAspectSupport.findInCaches(CacheAspectSupport.java:563)
	at org.springframework.cache.interceptor.CacheAspectSupport.findCachedValue(CacheAspectSupport.java:513)
	at org.springframework.cache.interceptor.CacheAspectSupport.execute(CacheAspectSupport.java:438)
	at org.springframework.cache.interceptor.CacheAspectSupport.execute(CacheAspectSupport.java:404)
	at org.springframework.cache.interceptor.CacheInterceptor.invoke(CacheInterceptor.java:64)
	at org.springframework.aop.framework.ReflectiveMethodInvocation.proceed(ReflectiveMethodInvocation.java:179)
	at org.springframework.aop.framework.CglibAopProxy$DynamicAdvisedInterceptor.intercept(CglibAopProxy.java:719)
	at com.example.springjpalab.application.service.RestaurantService$$SpringCGLIB$$0.findById(<generated>)
	at com.example.springjpalab.adapter.input.controller.RestaurantController.getRestaurantById(RestaurantController.kt:195)
	at java.base/jdk.internal.reflect.DirectMethodHandleAccessor.invoke(DirectMethodHandleAccessor.java:103)
	at java.base/java.lang.reflect.Method.invoke(Method.java:580)
	at org.springframework.aop.support.AopUtils.invokeJoinpointUsingReflection(AopUtils.java:359)
	at org.springframework.aop.framework.ReflectiveMethodInvocation.invokeJoinpoint(ReflectiveMethodInvocation.java:190)
	at org.springframework.aop.framework.ReflectiveMethodInvocation.proceed(ReflectiveMethodInvocation.java:158)
	at org.springframework.validation.beanvalidation.MethodValidationInterceptor.invoke(MethodValidationInterceptor.java:171)
	at org.springframework.aop.framework.ReflectiveMethodInvocation.proceed(ReflectiveMethodInvocation.java:179)
	at org.springframework.aop.framework.CglibAopProxy$DynamicAdvisedInterceptor.intercept(CglibAopProxy.java:719)
	at com.example.springjpalab.adapter.input.controller.RestaurantController$$SpringCGLIB$$0.getRestaurantById(<generated>)
	at java.base/jdk.internal.reflect.DirectMethodHandleAccessor.invoke(DirectMethodHandleAccessor.java:103)
	at java.base/java.lang.reflect.Method.invoke(Method.java:580)
	at kotlin.reflect.jvm.internal.calls.CallerImpl$Method.callMethod(CallerImpl.kt:97)
	at kotlin.reflect.jvm.internal.calls.CallerImpl$Method$Instance.call(CallerImpl.kt:113)
	at kotlin.reflect.jvm.internal.KCallableImpl.callDefaultMethod$kotlin_reflection(KCallableImpl.kt:250)
	at kotlin.reflect.jvm.internal.KCallableImpl.callBy(KCallableImpl.kt:155)
	at org.springframework.web.method.support.InvocableHandlerMethod$KotlinDelegate.invokeFunction(InvocableHandlerMethod.java:336)
	at org.springframework.web.method.support.InvocableHandlerMethod.doInvoke(InvocableHandlerMethod.java:256)
	at org.springframework.web.method.support.InvocableHandlerMethod.invokeForRequest(InvocableHandlerMethod.java:190)
	at org.springframework.web.servlet.mvc.method.annotation.ServletInvocableHandlerMethod.invokeAndHandle(ServletInvocableHandlerMethod.java:117)
	at org.springframework.web.servlet.mvc.method.annotation.RequestMappingHandlerAdapter.invokeHandlerMethod(RequestMappingHandlerAdapter.java:934)
	at org.springframework.web.servlet.mvc.method.annotation.RequestMappingHandlerAdapter.handleInternal(RequestMappingHandlerAdapter.java:853)
	at org.springframework.web.servlet.mvc.method.AbstractHandlerMethodAdapter.handle(AbstractHandlerMethodAdapter.java:86)
	at org.springframework.web.servlet.DispatcherServlet.doDispatch(DispatcherServlet.java:963)
	at org.springframework.web.servlet.DispatcherServlet.doService(DispatcherServlet.java:866)
	at org.springframework.web.servlet.FrameworkServlet.processRequest(FrameworkServlet.java:1003)
	at org.springframework.web.servlet.FrameworkServlet.doGet(FrameworkServlet.java:892)
	at jakarta.servlet.http.HttpServlet.service(HttpServlet.java:622)
	at org.springframework.web.servlet.FrameworkServlet.service(FrameworkServlet.java:874)
	at org.springframework.test.web.servlet.TestDispatcherServlet.service(TestDispatcherServlet.java:72)
	at jakarta.servlet.http.HttpServlet.service(HttpServlet.java:710)
	at org.springframework.mock.web.MockFilterChain$ServletFilterProxy.doFilter(MockFilterChain.java:160)
	at org.springframework.mock.web.MockFilterChain.doFilter(MockFilterChain.java:127)
	at org.springframework.web.filter.OncePerRequestFilter.doFilter(OncePerRequestFilter.java:110)
	at org.springframework.test.web.servlet.setup.MockMvcFilterDecorator.doFilter(MockMvcFilterDecorator.java:160)
	at org.springframework.mock.web.MockFilterChain.doFilter(MockFilterChain.java:127)
	at org.springframework.web.filter.CompositeFilter$VirtualFilterChain.doFilter(CompositeFilter.java:108)
	at org.springframework.security.web.FilterChainProxy.lambda$doFilterInternal$3(FilterChainProxy.java:235)
	at org.springframework.security.web.FilterChainProxy$VirtualFilterChain.doFilter(FilterChainProxy.java:371)
	at org.springframework.security.web.access.intercept.AuthorizationFilter.doFilter(AuthorizationFilter.java:101)
	at org.springframework.security.web.FilterChainProxy$VirtualFilterChain.doFilter(FilterChainProxy.java:380)
	at org.springframework.security.web.access.ExceptionTranslationFilter.doFilter(ExceptionTranslationFilter.java:126)
	at org.springframework.security.web.access.ExceptionTranslationFilter.doFilter(ExceptionTranslationFilter.java:120)
	at org.springframework.security.web.FilterChainProxy$VirtualFilterChain.doFilter(FilterChainProxy.java:380)
	at org.springframework.security.web.session.SessionManagementFilter.doFilter(SessionManagementFilter.java:132)
	at org.springframework.security.web.session.SessionManagementFilter.doFilter(SessionManagementFilter.java:86)
	at org.springframework.security.web.FilterChainProxy$VirtualFilterChain.doFilter(FilterChainProxy.java:380)
	at org.springframework.security.web.authentication.AnonymousAuthenticationFilter.doFilter(AnonymousAuthenticationFilter.java:100)
	at org.springframework.security.web.FilterChainProxy$VirtualFilterChain.doFilter(FilterChainProxy.java:380)
	at org.springframework.security.web.servletapi.SecurityContextHolderAwareRequestFilter.doFilter(SecurityContextHolderAwareRequestFilter.java:181)
	at org.springframework.security.web.FilterChainProxy$VirtualFilterChain.doFilter(FilterChainProxy.java:380)
	at org.springframework.security.web.savedrequest.RequestCacheAwareFilter.doFilter(RequestCacheAwareFilter.java:63)
	at org.springframework.security.web.FilterChainProxy$VirtualFilterChain.doFilter(FilterChainProxy.java:380)
	at com.example.springjpalab.security.JwtAuthenticationFilter.doFilterInternal(JwtAuthenticationFilter.kt:29)
	at org.springframework.web.filter.OncePerRequestFilter.doFilter(OncePerRequestFilter.java:116)
	at org.springframework.security.web.FilterChainProxy$VirtualFilterChain.doFilter(FilterChainProxy.java:380)
	at org.springframework.security.web.authentication.logout.LogoutFilter.doFilter(LogoutFilter.java:110)
	at org.springframework.security.web.authentication.logout.LogoutFilter.doFilter(LogoutFilter.java:96)
	at org.springframework.security.web.FilterChainProxy$VirtualFilterChain.doFilter(FilterChainProxy.java:380)
	at org.springframework.security.web.header.HeaderWriterFilter.doHeadersAfter(HeaderWriterFilter.java:90)
	at org.springframework.security.web.header.HeaderWriterFilter.doFilterInternal(HeaderWriterFilter.java:75)
	at org.springframework.web.filter.OncePerRequestFilter.doFilter(OncePerRequestFilter.java:116)
	at org.springframework.security.web.FilterChainProxy$VirtualFilterChain.doFilter(FilterChainProxy.java:380)
	at org.springframework.security.web.context.SecurityContextHolderFilter.doFilter(SecurityContextHolderFilter.java:82)
	at org.springframework.security.web.context.SecurityContextHolderFilter.doFilter(SecurityContextHolderFilter.java:69)
	at org.springframework.security.web.FilterChainProxy$VirtualFilterChain.doFilter(FilterChainProxy.java:380)
	at org.springframework.security.web.context.request.async.WebAsyncManagerIntegrationFilter.doFilterInternal(WebAsyncManagerIntegrationFilter.java:62)
	at org.springframework.web.filter.OncePerRequestFilter.doFilter(OncePerRequestFilter.java:116)
	at org.springframework.security.web.FilterChainProxy$VirtualFilterChain.doFilter(FilterChainProxy.java:380)
	at org.springframework.security.web.session.DisableEncodeUrlFilter.doFilterInternal(DisableEncodeUrlFilter.java:42)
	at org.springframework.web.filter.OncePerRequestFilter.doFilter(OncePerRequestFilter.java:116)
	at org.springframework.security.web.FilterChainProxy$VirtualFilterChain.doFilter(FilterChainProxy.java:380)
	at org.springframework.security.web.FilterChainProxy.doFilterInternal(FilterChainProxy.java:237)
	at org.springframework.security.web.FilterChainProxy.doFilter(FilterChainProxy.java:195)
	at org.springframework.web.filter.CompositeFilter$VirtualFilterChain.doFilter(CompositeFilter.java:113)
	at org.springframework.web.filter.ServletRequestPathFilter.doFilter(ServletRequestPathFilter.java:52)
	at org.springframework.web.filter.CompositeFilter$VirtualFilterChain.doFilter(CompositeFilter.java:113)
	at org.springframework.web.filter.CompositeFilter.doFilter(CompositeFilter.java:74)
	at org.springframework.security.config.annotation.web.configuration.WebSecurityConfiguration$CompositeFilterChainProxy.doFilter(WebSecurityConfiguration.java:317)
	at org.springframework.web.filter.DelegatingFilterProxy.invokeDelegate(DelegatingFilterProxy.java:355)
	at org.springframework.web.filter.DelegatingFilterProxy.doFilter(DelegatingFilterProxy.java:272)
	at org.springframework.test.web.servlet.setup.MockMvcFilterDecorator.doFilter(MockMvcFilterDecorator.java:160)
	at org.springframework.mock.web.MockFilterChain.doFilter(MockFilterChain.java:127)
	at org.springframework.web.filter.RequestContextFilter.doFilterInternal(RequestContextFilter.java:100)
	at org.springframework.web.filter.OncePerRequestFilter.doFilter(OncePerRequestFilter.java:116)
	at org.springframework.test.web.servlet.setup.MockMvcFilterDecorator.doFilter(MockMvcFilterDecorator.java:160)
	at org.springframework.mock.web.MockFilterChain.doFilter(MockFilterChain.java:127)
	at org.springframework.web.filter.FormContentFilter.doFilterInternal(FormContentFilter.java:93)
	at org.springframework.web.filter.OncePerRequestFilter.doFilter(OncePerRequestFilter.java:116)
	at org.springframework.test.web.servlet.setup.MockMvcFilterDecorator.doFilter(MockMvcFilterDecorator.java:160)
	at org.springframework.mock.web.MockFilterChain.doFilter(MockFilterChain.java:127)
	at org.springframework.web.filter.CharacterEncodingFilter.doFilterInternal(CharacterEncodingFilter.java:199)
	at org.springframework.web.filter.OncePerRequestFilter.doFilter(OncePerRequestFilter.java:116)
	at org.springframework.test.web.servlet.setup.MockMvcFilterDecorator.doFilter(MockMvcFilterDecorator.java:160)
	at org.springframework.mock.web.MockFilterChain.doFilter(MockFilterChain.java:127)
	at org.springframework.test.web.servlet.MockMvc.perform(MockMvc.java:199)
	at com.example.springjpalab.controller.RestaurantIntegrationTest.DELETE СЂРµСЃС‚РѕСЂР°РЅРѕРІ Рё РїСЂРѕРІРµСЂРєР° С‡С‚Рѕ РѕРЅРё СѓРґР°Р»РµРЅС‹(RestaurantIntegrationTest.kt:259)
	at java.base/jdk.internal.reflect.DirectMethodHandleAccessor.invoke(DirectMethodHandleAccessor.java:103)
	at java.base/java.lang.reflect.Method.invoke(Method.java:580)
	at org.junit.platform.commons.util.ReflectionUtils.invokeMethod(ReflectionUtils.java:701)
	at org.junit.platform.commons.support.ReflectionSupport.invokeMethod(ReflectionSupport.java:502)
	at org.junit.jupiter.engine.support.MethodReflectionUtils.invoke(MethodReflectionUtils.java:45)
	at org.junit.jupiter.engine.execution.MethodInvocation.proceed(MethodInvocation.java:61)
	at org.junit.jupiter.engine.execution.InvocationInterceptorChain$ValidatingInvocation.proceed(InvocationInterceptorChain.java:124)
	at org.junit.jupiter.engine.extension.TimeoutExtension.intercept(TimeoutExtension.java:163)
	at org.junit.jupiter.engine.extension.TimeoutExtension.interceptTestableMethod(TimeoutExtension.java:148)
	at org.junit.jupiter.engine.extension.TimeoutExtension.interceptTestMethod(TimeoutExtension.java:86)
	at org.junit.jupiter.engine.execution.InterceptingExecutableInvoker$ReflectiveInterceptorCall.lambda$ofVoidMethod$0(InterceptingExecutableInvoker.java:123)
	at org.junit.jupiter.engine.execution.InterceptingExecutableInvoker.lambda$invoke$0(InterceptingExecutableInvoker.java:105)
	at org.junit.jupiter.engine.execution.InvocationInterceptorChain$InterceptedInvocation.proceed(InvocationInterceptorChain.java:99)
	at org.junit.jupiter.engine.execution.InvocationInterceptorChain.proceed(InvocationInterceptorChain.java:66)
	at org.junit.jupiter.engine.execution.InvocationInterceptorChain.chainAndInvoke(InvocationInterceptorChain.java:47)
	at org.junit.jupiter.engine.execution.InvocationInterceptorChain.invoke(InvocationInterceptorChain.java:39)
	at org.junit.jupiter.engine.execution.InterceptingExecutableInvoker.invoke(InterceptingExecutableInvoker.java:104)
	at org.junit.jupiter.engine.execution.InterceptingExecutableInvoker.invoke(InterceptingExecutableInvoker.java:98)
	at org.junit.jupiter.engine.execution.InterceptingExecutableInvoker.invokeVoid(InterceptingExecutableInvoker.java:71)
	at org.junit.jupiter.engine.descriptor.TestMethodTestDescriptor.lambda$invokeTestMethod$0(TestMethodTestDescriptor.java:219)
	at org.junit.platform.engine.support.hierarchical.ThrowableCollector.execute(ThrowableCollector.java:74)
	at org.junit.jupiter.engine.descriptor.TestMethodTestDescriptor.invokeTestMethod(TestMethodTestDescriptor.java:215)
	at org.junit.jupiter.engine.descriptor.TestMethodTestDescriptor.execute(TestMethodTestDescriptor.java:157)
	at org.junit.jupiter.engine.descriptor.TestMethodTestDescriptor.execute(TestMethodTestDescriptor.java:70)
	at org.junit.platform.engine.support.hierarchical.NodeTestTask.lambda$executeRecursively$2(NodeTestTask.java:176)
	at org.junit.platform.engine.support.hierarchical.ThrowableCollector.execute(ThrowableCollector.java:74)
	at org.junit.platform.engine.support.hierarchical.NodeTestTask.lambda$executeRecursively$1(NodeTestTask.java:166)
	at org.junit.platform.engine.support.hierarchical.Node.around(Node.java:138)
	at org.junit.platform.engine.support.hierarchical.NodeTestTask.lambda$executeRecursively$0(NodeTestTask.java:164)
	at org.junit.platform.engine.support.hierarchical.ThrowableCollector.execute(ThrowableCollector.java:74)
	at org.junit.platform.engine.support.hierarchical.NodeTestTask.executeRecursively(NodeTestTask.java:163)
	at org.junit.platform.engine.support.hierarchical.NodeTestTask.execute(NodeTestTask.java:116)
	at java.base/java.util.ArrayList.forEach(ArrayList.java:1596)
	at org.junit.platform.engine.support.hierarchical.SameThreadHierarchicalTestExecutorService.invokeAll(SameThreadHierarchicalTestExecutorService.java:42)
	at org.junit.platform.engine.support.hierarchical.NodeTestTask.lambda$executeRecursively$2(NodeTestTask.java:180)
	at org.junit.platform.engine.support.hierarchical.ThrowableCollector.execute(ThrowableCollector.java:74)
	at org.junit.platform.engine.support.hierarchical.NodeTestTask.lambda$executeRecursively$1(NodeTestTask.java:166)
	at org.junit.platform.engine.support.hierarchical.Node.around(Node.java:138)
	at org.junit.platform.engine.support.hierarchical.NodeTestTask.lambda$executeRecursively$0(NodeTestTask.java:164)
	at org.junit.platform.engine.support.hierarchical.ThrowableCollector.execute(ThrowableCollector.java:74)
	at org.junit.platform.engine.support.hierarchical.NodeTestTask.executeRecursively(NodeTestTask.java:163)
	at org.junit.platform.engine.support.hierarchical.NodeTestTask.execute(NodeTestTask.java:116)
	at java.base/java.util.ArrayList.forEach(ArrayList.java:1596)
	at org.junit.platform.engine.support.hierarchical.SameThreadHierarchicalTestExecutorService.invokeAll(SameThreadHierarchicalTestExecutorService.java:42)
	at org.junit.platform.engine.support.hierarchical.NodeTestTask.lambda$executeRecursively$2(NodeTestTask.java:180)
	at org.junit.platform.engine.support.hierarchical.ThrowableCollector.execute(ThrowableCollector.java:74)
	at org.junit.platform.engine.support.hierarchical.NodeTestTask.lambda$executeRecursively$1(NodeTestTask.java:166)
	at org.junit.platform.engine.support.hierarchical.Node.around(Node.java:138)
	at org.junit.platform.engine.support.hierarchical.NodeTestTask.lambda$executeRecursively$0(NodeTestTask.java:164)
	at org.junit.platform.engine.support.hierarchical.ThrowableCollector.execute(ThrowableCollector.java:74)
	at org.junit.platform.engine.support.hierarchical.NodeTestTask.executeRecursively(NodeTestTask.java:163)
	at org.junit.platform.engine.support.hierarchical.NodeTestTask.execute(NodeTestTask.java:116)
	at org.junit.platform.engine.support.hierarchical.SameThreadHierarchicalTestExecutorService.submit(SameThreadHierarchicalTestExecutorService.java:36)
	at org.junit.platform.engine.support.hierarchical.HierarchicalTestExecutor.execute(HierarchicalTestExecutor.java:52)
	at org.junit.platform.engine.support.hierarchical.HierarchicalTestEngine.execute(HierarchicalTestEngine.java:58)
	at org.junit.platform.launcher.core.EngineExecutionOrchestrator.executeEngine(EngineExecutionOrchestrator.java:246)
	at org.junit.platform.launcher.core.EngineExecutionOrchestrator.failOrExecuteEngine(EngineExecutionOrchestrator.java:218)
	at org.junit.platform.launcher.core.EngineExecutionOrchestrator.execute(EngineExecutionOrchestrator.java:179)
	at org.junit.platform.launcher.core.EngineExecutionOrchestrator.execute(EngineExecutionOrchestrator.java:108)
	at org.junit.platform.launcher.core.EngineExecutionOrchestrator.lambda$execute$0(EngineExecutionOrchestrator.java:66)
	at org.junit.platform.launcher.core.EngineExecutionOrchestrator.withInterceptedStreams(EngineExecutionOrchestrator.java:157)
	at org.junit.platform.launcher.core.EngineExecutionOrchestrator.execute(EngineExecutionOrchestrator.java:65)
	at org.junit.platform.launcher.core.DefaultLauncher.execute(DefaultLauncher.java:125)
	at org.junit.platform.launcher.core.DefaultLauncher.execute(DefaultLauncher.java:114)
	at org.junit.platform.launcher.core.DefaultLauncher.execute(DefaultLauncher.java:93)
	at org.junit.platform.launcher.core.DelegatingLauncher.execute(DelegatingLauncher.java:48)
	at org.junit.platform.launcher.core.InterceptingLauncher.lambda$execute$0(InterceptingLauncher.java:41)
	at org.junit.platform.launcher.core.ClasspathAlignmentCheckingLauncherInterceptor.intercept(ClasspathAlignmentCheckingLauncherInterceptor.java:25)
	at org.junit.platform.launcher.core.InterceptingLauncher.execute(InterceptingLauncher.java:40)
	at org.junit.platform.launcher.core.DelegatingLauncher.execute(DelegatingLauncher.java:48)
	at org.junit.platform.launcher.core.SessionPerRequestLauncher.execute(SessionPerRequestLauncher.java:67)
	at com.intellij.junit6.JUnit6IdeaTestRunner.startRunnerWithArgs(JUnit6IdeaTestRunner.java:67)
	at com.intellij.rt.junit.IdeaTestRunner$Repeater$1.execute(IdeaTestRunner.java:38)
	at com.intellij.rt.execution.junit.TestsRepeater.repeat(TestsRepeater.java:11)
	at com.intellij.rt.junit.IdeaTestRunner$Repeater.startRunnerWithArgs(IdeaTestRunner.java:35)
	at com.intellij.rt.junit.JUnitStarter.prepareStreamsAndStart(JUnitStarter.java:237)
	at com.intellij.rt.junit.JUnitStarter.main(JUnitStarter.java:58)
Caused by: io.lettuce.core.RedisConnectionException: Unable to connect to redis/<unresolved>:6379
	at io.lettuce.core.RedisConnectionException.create(RedisConnectionException.java:63)
	at io.lettuce.core.RedisConnectionException.create(RedisConnectionException.java:41)
	at io.lettuce.core.AbstractRedisClient.getConnection(AbstractRedisClient.java:352)
	at io.lettuce.core.RedisClient.connect(RedisClient.java:220)
	at org.springframework.data.redis.connection.lettuce.StandaloneConnectionProvider.lambda$getConnection$1(StandaloneConnectionProvider.java:113)
	at java.base/java.util.Optional.orElseGet(Optional.java:364)
	at org.springframework.data.redis.connection.lettuce.StandaloneConnectionProvider.getConnection(StandaloneConnectionProvider.java:113)
	at org.springframework.data.redis.connection.lettuce.LettuceConnectionFactory$ExceptionTranslatingConnectionProvider.getConnection(LettuceConnectionFactory.java:1797)
	... 194 common frames omitted
Caused by: java.net.UnknownHostException: Failed to resolve 'redis' [A(1), AAAA(28)] after 4 queries 
	at io.netty.resolver.dns.DnsResolveContext.finishResolve(DnsResolveContext.java:1137)
	at io.netty.resolver.dns.DnsResolveContext.tryToFinishResolve(DnsResolveContext.java:1084)
	at io.netty.resolver.dns.DnsResolveContext.query(DnsResolveContext.java:443)
	at io.netty.resolver.dns.DnsResolveContext.access$700(DnsResolveContext.java:69)
	at io.netty.resolver.dns.DnsResolveContext$2.operationComplete(DnsResolveContext.java:512)
	at io.netty.util.concurrent.DefaultPromise.notifyListener0(DefaultPromise.java:604)
	at io.netty.util.concurrent.DefaultPromise.notifyListeners0(DefaultPromise.java:597)
	at io.netty.util.concurrent.DefaultPromise.notifyListenersNow(DefaultPromise.java:573)
	at io.netty.util.concurrent.DefaultPromise.notifyListeners(DefaultPromise.java:506)
	at io.netty.util.concurrent.DefaultPromise.setValue0(DefaultPromise.java:650)
	at io.netty.util.concurrent.DefaultPromise.setFailure0(DefaultPromise.java:643)
	at io.netty.util.concurrent.DefaultPromise.tryFailure(DefaultPromise.java:132)
	at io.netty.resolver.dns.DnsQueryContext.finishFailure(DnsQueryContext.java:343)
	at io.netty.resolver.dns.DnsQueryContext$4.run(DnsQueryContext.java:278)
	at io.netty.util.concurrent.PromiseTask.runTask(PromiseTask.java:98)
	at io.netty.util.concurrent.ScheduledFutureTask.run(ScheduledFutureTask.java:160)
	at io.netty.util.concurrent.AbstractEventExecutor.runTask(AbstractEventExecutor.java:148)
	at io.netty.util.concurrent.AbstractEventExecutor.safeExecute$$$capture(AbstractEventExecutor.java:141)
	at io.netty.util.concurrent.AbstractEventExecutor.safeExecute(AbstractEventExecutor.java)
	at io.netty.util.concurrent.SingleThreadEventExecutor.runAllTasks(SingleThreadEventExecutor.java:535)
	at io.netty.channel.SingleThreadIoEventLoop.run(SingleThreadIoEventLoop.java:201)
	at io.netty.util.concurrent.SingleThreadEventExecutor$5.run(SingleThreadEventExecutor.java:1193)
	at io.netty.util.internal.ThreadExecutorMap$2.run(ThreadExecutorMap.java:74)
	at io.netty.util.concurrent.FastThreadLocalRunnable.run(FastThreadLocalRunnable.java:30)
	at java.base/java.lang.Thread.run(Thread.java:1583)
Caused by: io.netty.resolver.dns.DnsNameResolverTimeoutException: [9529: /192.168.0.1:53] DefaultDnsQuestion(redis. IN AAAA) query '9529' via UDP timed out after 5000 milliseconds (no stack trace available)
2026-05-03 18:07:50.536 [main] INFO  c.e.s.c.RestaurantIntegrationTest - Starting RestaurantIntegrationTest using Java 21.0.10 with PID 28580 (started by lidiya in C:\Users\lidiya\IdeaProjects\spring-jpa-lab)
2026-05-03 18:07:50.538 [main] DEBUG c.e.s.c.RestaurantIntegrationTest - Running with Spring Boot v4.0.0, Spring v7.0.1
2026-05-03 18:07:50.539 [main] INFO  c.e.s.c.RestaurantIntegrationTest - The following 1 profile is active: "test"
2026-05-03 18:08:07.811 [main] WARN  o.s.b.j.a.JpaBaseConfiguration$JpaWebConfiguration - spring.jpa.open-in-view is enabled by default. Therefore, database queries may be performed during view rendering. Explicitly configure spring.jpa.open-in-view to disable this warning
2026-05-03 18:08:10.220 [main] DEBUG c.e.s.s.JwtAuthenticationFilter - Filter 'jwtAuthenticationFilter' configured for use
2026-05-03 18:08:10.307 [main] INFO  c.e.s.c.RestaurantIntegrationTest - Started RestaurantIntegrationTest in 20.919 seconds (process running for 33.721)
2026-05-03 18:08:11.609 [main] DEBUG org.hibernate.SQL - select rje1_0.id,rje1_0.address,rje1_0.name from restaurants rje1_0 where rje1_0.name=?
2026-05-03 18:08:11.741 [main] DEBUG org.hibernate.SQL - insert into restaurants (address,name) values (?,?)
2026-05-03 18:08:11.800 [main] INFO  c.e.s.a.service.RestaurantService - РЎРѕР·РґР°РЅ СЂРµСЃС‚РѕСЂР°РЅ: id=1, name=Find Me
2026-05-03 18:08:22.974 [main] ERROR c.e.s.a.i.h.GlobalExceptionHandler - РќРµРїСЂРµРґРІРёРґРµРЅРЅР°СЏ РѕС€РёР±РєР°
org.springframework.data.redis.RedisConnectionFailureException: Unable to connect to Redis
	at org.springframework.data.redis.connection.lettuce.LettuceConnectionFactory$ExceptionTranslatingConnectionProvider.translateException(LettuceConnectionFactory.java:1868)
	at org.springframework.data.redis.connection.lettuce.LettuceConnectionFactory$ExceptionTranslatingConnectionProvider.getConnection(LettuceConnectionFactory.java:1799)
	at org.springframework.data.redis.connection.lettuce.LettuceConnectionFactory$SharedConnection.getNativeConnection(LettuceConnectionFactory.java:1596)
	at org.springframework.data.redis.connection.lettuce.LettuceConnectionFactory$SharedConnection.lambda$getConnection$0(LettuceConnectionFactory.java:1576)
	at org.springframework.data.redis.connection.lettuce.LettuceConnectionFactory.doInLock(LettuceConnectionFactory.java:1537)
	at org.springframework.data.redis.connection.lettuce.LettuceConnectionFactory$SharedConnection.getConnection(LettuceConnectionFactory.java:1573)
	at org.springframework.data.redis.connection.lettuce.LettuceConnectionFactory.getSharedConnection(LettuceConnectionFactory.java:1258)
	at org.springframework.data.redis.connection.lettuce.LettuceConnectionFactory.getConnection(LettuceConnectionFactory.java:1054)
	at org.springframework.data.redis.cache.DefaultRedisCacheWriter.execute(DefaultRedisCacheWriter.java:539)
	at org.springframework.data.redis.cache.DefaultRedisCacheWriter.get(DefaultRedisCacheWriter.java:245)
	at org.springframework.data.redis.cache.DefaultRedisCacheWriter.get(DefaultRedisCacheWriter.java:236)
	at org.springframework.data.redis.cache.RedisCache.lookup(RedisCache.java:186)
	at org.springframework.cache.support.AbstractValueAdaptingCache.get(AbstractValueAdaptingCache.java:58)
	at org.springframework.cache.interceptor.AbstractCacheInvoker.doGet(AbstractCacheInvoker.java:78)
	at org.springframework.cache.interceptor.CacheAspectSupport.findInCaches(CacheAspectSupport.java:563)
	at org.springframework.cache.interceptor.CacheAspectSupport.findCachedValue(CacheAspectSupport.java:513)
	at org.springframework.cache.interceptor.CacheAspectSupport.execute(CacheAspectSupport.java:438)
	at org.springframework.cache.interceptor.CacheAspectSupport.execute(CacheAspectSupport.java:404)
	at org.springframework.cache.interceptor.CacheInterceptor.invoke(CacheInterceptor.java:64)
	at org.springframework.aop.framework.ReflectiveMethodInvocation.proceed(ReflectiveMethodInvocation.java:179)
	at org.springframework.aop.framework.CglibAopProxy$DynamicAdvisedInterceptor.intercept(CglibAopProxy.java:719)
	at com.example.springjpalab.application.service.RestaurantService$$SpringCGLIB$$0.findById(<generated>)
	at com.example.springjpalab.adapter.input.controller.RestaurantController.getRestaurantById(RestaurantController.kt:195)
	at java.base/jdk.internal.reflect.DirectMethodHandleAccessor.invoke(DirectMethodHandleAccessor.java:103)
	at java.base/java.lang.reflect.Method.invoke(Method.java:580)
	at org.springframework.aop.support.AopUtils.invokeJoinpointUsingReflection(AopUtils.java:359)
	at org.springframework.aop.framework.ReflectiveMethodInvocation.invokeJoinpoint(ReflectiveMethodInvocation.java:190)
	at org.springframework.aop.framework.ReflectiveMethodInvocation.proceed(ReflectiveMethodInvocation.java:158)
	at org.springframework.validation.beanvalidation.MethodValidationInterceptor.invoke(MethodValidationInterceptor.java:171)
	at org.springframework.aop.framework.ReflectiveMethodInvocation.proceed(ReflectiveMethodInvocation.java:179)
	at org.springframework.aop.framework.CglibAopProxy$DynamicAdvisedInterceptor.intercept(CglibAopProxy.java:719)
	at com.example.springjpalab.adapter.input.controller.RestaurantController$$SpringCGLIB$$0.getRestaurantById(<generated>)
	at java.base/jdk.internal.reflect.DirectMethodHandleAccessor.invoke(DirectMethodHandleAccessor.java:103)
	at java.base/java.lang.reflect.Method.invoke(Method.java:580)
	at kotlin.reflect.jvm.internal.calls.CallerImpl$Method.callMethod(CallerImpl.kt:97)
	at kotlin.reflect.jvm.internal.calls.CallerImpl$Method$Instance.call(CallerImpl.kt:113)
	at kotlin.reflect.jvm.internal.KCallableImpl.callDefaultMethod$kotlin_reflection(KCallableImpl.kt:250)
	at kotlin.reflect.jvm.internal.KCallableImpl.callBy(KCallableImpl.kt:155)
	at org.springframework.web.method.support.InvocableHandlerMethod$KotlinDelegate.invokeFunction(InvocableHandlerMethod.java:336)
	at org.springframework.web.method.support.InvocableHandlerMethod.doInvoke(InvocableHandlerMethod.java:256)
	at org.springframework.web.method.support.InvocableHandlerMethod.invokeForRequest(InvocableHandlerMethod.java:190)
	at org.springframework.web.servlet.mvc.method.annotation.ServletInvocableHandlerMethod.invokeAndHandle(ServletInvocableHandlerMethod.java:117)
	at org.springframework.web.servlet.mvc.method.annotation.RequestMappingHandlerAdapter.invokeHandlerMethod(RequestMappingHandlerAdapter.java:934)
	at org.springframework.web.servlet.mvc.method.annotation.RequestMappingHandlerAdapter.handleInternal(RequestMappingHandlerAdapter.java:853)
	at org.springframework.web.servlet.mvc.method.AbstractHandlerMethodAdapter.handle(AbstractHandlerMethodAdapter.java:86)
	at org.springframework.web.servlet.DispatcherServlet.doDispatch(DispatcherServlet.java:963)
	at org.springframework.web.servlet.DispatcherServlet.doService(DispatcherServlet.java:866)
	at org.springframework.web.servlet.FrameworkServlet.processRequest(FrameworkServlet.java:1003)
	at org.springframework.web.servlet.FrameworkServlet.doGet(FrameworkServlet.java:892)
	at jakarta.servlet.http.HttpServlet.service(HttpServlet.java:622)
	at org.springframework.web.servlet.FrameworkServlet.service(FrameworkServlet.java:874)
	at org.springframework.test.web.servlet.TestDispatcherServlet.service(TestDispatcherServlet.java:72)
	at jakarta.servlet.http.HttpServlet.service(HttpServlet.java:710)
	at org.springframework.mock.web.MockFilterChain$ServletFilterProxy.doFilter(MockFilterChain.java:160)
	at org.springframework.mock.web.MockFilterChain.doFilter(MockFilterChain.java:127)
	at org.springframework.web.filter.OncePerRequestFilter.doFilter(OncePerRequestFilter.java:110)
	at org.springframework.test.web.servlet.setup.MockMvcFilterDecorator.doFilter(MockMvcFilterDecorator.java:160)
	at org.springframework.mock.web.MockFilterChain.doFilter(MockFilterChain.java:127)
	at org.springframework.web.filter.CompositeFilter$VirtualFilterChain.doFilter(CompositeFilter.java:108)
	at org.springframework.security.web.FilterChainProxy.lambda$doFilterInternal$3(FilterChainProxy.java:235)
	at org.springframework.security.web.FilterChainProxy$VirtualFilterChain.doFilter(FilterChainProxy.java:371)
	at org.springframework.security.web.access.intercept.AuthorizationFilter.doFilter(AuthorizationFilter.java:101)
	at org.springframework.security.web.FilterChainProxy$VirtualFilterChain.doFilter(FilterChainProxy.java:380)
	at org.springframework.security.web.access.ExceptionTranslationFilter.doFilter(ExceptionTranslationFilter.java:126)
	at org.springframework.security.web.access.ExceptionTranslationFilter.doFilter(ExceptionTranslationFilter.java:120)
	at org.springframework.security.web.FilterChainProxy$VirtualFilterChain.doFilter(FilterChainProxy.java:380)
	at org.springframework.security.web.session.SessionManagementFilter.doFilter(SessionManagementFilter.java:132)
	at org.springframework.security.web.session.SessionManagementFilter.doFilter(SessionManagementFilter.java:86)
	at org.springframework.security.web.FilterChainProxy$VirtualFilterChain.doFilter(FilterChainProxy.java:380)
	at org.springframework.security.web.authentication.AnonymousAuthenticationFilter.doFilter(AnonymousAuthenticationFilter.java:100)
	at org.springframework.security.web.FilterChainProxy$VirtualFilterChain.doFilter(FilterChainProxy.java:380)
	at org.springframework.security.web.servletapi.SecurityContextHolderAwareRequestFilter.doFilter(SecurityContextHolderAwareRequestFilter.java:181)
	at org.springframework.security.web.FilterChainProxy$VirtualFilterChain.doFilter(FilterChainProxy.java:380)
	at org.springframework.security.web.savedrequest.RequestCacheAwareFilter.doFilter(RequestCacheAwareFilter.java:63)
	at org.springframework.security.web.FilterChainProxy$VirtualFilterChain.doFilter(FilterChainProxy.java:380)
	at com.example.springjpalab.security.JwtAuthenticationFilter.doFilterInternal(JwtAuthenticationFilter.kt:29)
	at org.springframework.web.filter.OncePerRequestFilter.doFilter(OncePerRequestFilter.java:116)
	at org.springframework.security.web.FilterChainProxy$VirtualFilterChain.doFilter(FilterChainProxy.java:380)
	at org.springframework.security.web.authentication.logout.LogoutFilter.doFilter(LogoutFilter.java:110)
	at org.springframework.security.web.authentication.logout.LogoutFilter.doFilter(LogoutFilter.java:96)
	at org.springframework.security.web.FilterChainProxy$VirtualFilterChain.doFilter(FilterChainProxy.java:380)
	at org.springframework.security.web.header.HeaderWriterFilter.doHeadersAfter(HeaderWriterFilter.java:90)
	at org.springframework.security.web.header.HeaderWriterFilter.doFilterInternal(HeaderWriterFilter.java:75)
	at org.springframework.web.filter.OncePerRequestFilter.doFilter(OncePerRequestFilter.java:116)
	at org.springframework.security.web.FilterChainProxy$VirtualFilterChain.doFilter(FilterChainProxy.java:380)
	at org.springframework.security.web.context.SecurityContextHolderFilter.doFilter(SecurityContextHolderFilter.java:82)
	at org.springframework.security.web.context.SecurityContextHolderFilter.doFilter(SecurityContextHolderFilter.java:69)
	at org.springframework.security.web.FilterChainProxy$VirtualFilterChain.doFilter(FilterChainProxy.java:380)
	at org.springframework.security.web.context.request.async.WebAsyncManagerIntegrationFilter.doFilterInternal(WebAsyncManagerIntegrationFilter.java:62)
	at org.springframework.web.filter.OncePerRequestFilter.doFilter(OncePerRequestFilter.java:116)
	at org.springframework.security.web.FilterChainProxy$VirtualFilterChain.doFilter(FilterChainProxy.java:380)
	at org.springframework.security.web.session.DisableEncodeUrlFilter.doFilterInternal(DisableEncodeUrlFilter.java:42)
	at org.springframework.web.filter.OncePerRequestFilter.doFilter(OncePerRequestFilter.java:116)
	at org.springframework.security.web.FilterChainProxy$VirtualFilterChain.doFilter(FilterChainProxy.java:380)
	at org.springframework.security.web.FilterChainProxy.doFilterInternal(FilterChainProxy.java:237)
	at org.springframework.security.web.FilterChainProxy.doFilter(FilterChainProxy.java:195)
	at org.springframework.web.filter.CompositeFilter$VirtualFilterChain.doFilter(CompositeFilter.java:113)
	at org.springframework.web.filter.ServletRequestPathFilter.doFilter(ServletRequestPathFilter.java:52)
	at org.springframework.web.filter.CompositeFilter$VirtualFilterChain.doFilter(CompositeFilter.java:113)
	at org.springframework.web.filter.CompositeFilter.doFilter(CompositeFilter.java:74)
	at org.springframework.security.config.annotation.web.configuration.WebSecurityConfiguration$CompositeFilterChainProxy.doFilter(WebSecurityConfiguration.java:317)
	at org.springframework.web.filter.DelegatingFilterProxy.invokeDelegate(DelegatingFilterProxy.java:355)
	at org.springframework.web.filter.DelegatingFilterProxy.doFilter(DelegatingFilterProxy.java:272)
	at org.springframework.test.web.servlet.setup.MockMvcFilterDecorator.doFilter(MockMvcFilterDecorator.java:160)
	at org.springframework.mock.web.MockFilterChain.doFilter(MockFilterChain.java:127)
	at org.springframework.web.filter.RequestContextFilter.doFilterInternal(RequestContextFilter.java:100)
	at org.springframework.web.filter.OncePerRequestFilter.doFilter(OncePerRequestFilter.java:116)
	at org.springframework.test.web.servlet.setup.MockMvcFilterDecorator.doFilter(MockMvcFilterDecorator.java:160)
	at org.springframework.mock.web.MockFilterChain.doFilter(MockFilterChain.java:127)
	at org.springframework.web.filter.FormContentFilter.doFilterInternal(FormContentFilter.java:93)
	at org.springframework.web.filter.OncePerRequestFilter.doFilter(OncePerRequestFilter.java:116)
	at org.springframework.test.web.servlet.setup.MockMvcFilterDecorator.doFilter(MockMvcFilterDecorator.java:160)
	at org.springframework.mock.web.MockFilterChain.doFilter(MockFilterChain.java:127)
	at org.springframework.web.filter.CharacterEncodingFilter.doFilterInternal(CharacterEncodingFilter.java:199)
	at org.springframework.web.filter.OncePerRequestFilter.doFilter(OncePerRequestFilter.java:116)
	at org.springframework.test.web.servlet.setup.MockMvcFilterDecorator.doFilter(MockMvcFilterDecorator.java:160)
	at org.springframework.mock.web.MockFilterChain.doFilter(MockFilterChain.java:127)
	at org.springframework.test.web.servlet.MockMvc.perform(MockMvc.java:199)
	at com.example.springjpalab.controller.RestaurantIntegrationTest.GET restaurant РїРѕ id РІРѕР·РІСЂР°С‰Р°РµС‚ 200(RestaurantIntegrationTest.kt:146)
	at java.base/jdk.internal.reflect.DirectMethodHandleAccessor.invoke(DirectMethodHandleAccessor.java:103)
	at java.base/java.lang.reflect.Method.invoke(Method.java:580)
	at org.junit.platform.commons.util.ReflectionUtils.invokeMethod(ReflectionUtils.java:701)
	at org.junit.platform.commons.support.ReflectionSupport.invokeMethod(ReflectionSupport.java:502)
	at org.junit.jupiter.engine.support.MethodReflectionUtils.invoke(MethodReflectionUtils.java:45)
	at org.junit.jupiter.engine.execution.MethodInvocation.proceed(MethodInvocation.java:61)
	at org.junit.jupiter.engine.execution.InvocationInterceptorChain$ValidatingInvocation.proceed(InvocationInterceptorChain.java:124)
	at org.junit.jupiter.engine.extension.TimeoutExtension.intercept(TimeoutExtension.java:163)
	at org.junit.jupiter.engine.extension.TimeoutExtension.interceptTestableMethod(TimeoutExtension.java:148)
	at org.junit.jupiter.engine.extension.TimeoutExtension.interceptTestMethod(TimeoutExtension.java:86)
	at org.junit.jupiter.engine.execution.InterceptingExecutableInvoker$ReflectiveInterceptorCall.lambda$ofVoidMethod$0(InterceptingExecutableInvoker.java:123)
	at org.junit.jupiter.engine.execution.InterceptingExecutableInvoker.lambda$invoke$0(InterceptingExecutableInvoker.java:105)
	at org.junit.jupiter.engine.execution.InvocationInterceptorChain$InterceptedInvocation.proceed(InvocationInterceptorChain.java:99)
	at org.junit.jupiter.engine.execution.InvocationInterceptorChain.proceed(InvocationInterceptorChain.java:66)
	at org.junit.jupiter.engine.execution.InvocationInterceptorChain.chainAndInvoke(InvocationInterceptorChain.java:47)
	at org.junit.jupiter.engine.execution.InvocationInterceptorChain.invoke(InvocationInterceptorChain.java:39)
	at org.junit.jupiter.engine.execution.InterceptingExecutableInvoker.invoke(InterceptingExecutableInvoker.java:104)
	at org.junit.jupiter.engine.execution.InterceptingExecutableInvoker.invoke(InterceptingExecutableInvoker.java:98)
	at org.junit.jupiter.engine.execution.InterceptingExecutableInvoker.invokeVoid(InterceptingExecutableInvoker.java:71)
	at org.junit.jupiter.engine.descriptor.TestMethodTestDescriptor.lambda$invokeTestMethod$0(TestMethodTestDescriptor.java:219)
	at org.junit.platform.engine.support.hierarchical.ThrowableCollector.execute(ThrowableCollector.java:74)
	at org.junit.jupiter.engine.descriptor.TestMethodTestDescriptor.invokeTestMethod(TestMethodTestDescriptor.java:215)
	at org.junit.jupiter.engine.descriptor.TestMethodTestDescriptor.execute(TestMethodTestDescriptor.java:157)
	at org.junit.jupiter.engine.descriptor.TestMethodTestDescriptor.execute(TestMethodTestDescriptor.java:70)
	at org.junit.platform.engine.support.hierarchical.NodeTestTask.lambda$executeRecursively$2(NodeTestTask.java:176)
	at org.junit.platform.engine.support.hierarchical.ThrowableCollector.execute(ThrowableCollector.java:74)
	at org.junit.platform.engine.support.hierarchical.NodeTestTask.lambda$executeRecursively$1(NodeTestTask.java:166)
	at org.junit.platform.engine.support.hierarchical.Node.around(Node.java:138)
	at org.junit.platform.engine.support.hierarchical.NodeTestTask.lambda$executeRecursively$0(NodeTestTask.java:164)
	at org.junit.platform.engine.support.hierarchical.ThrowableCollector.execute(ThrowableCollector.java:74)
	at org.junit.platform.engine.support.hierarchical.NodeTestTask.executeRecursively(NodeTestTask.java:163)
	at org.junit.platform.engine.support.hierarchical.NodeTestTask.execute(NodeTestTask.java:116)
	at java.base/java.util.ArrayList.forEach(ArrayList.java:1596)
	at org.junit.platform.engine.support.hierarchical.SameThreadHierarchicalTestExecutorService.invokeAll(SameThreadHierarchicalTestExecutorService.java:42)
	at org.junit.platform.engine.support.hierarchical.NodeTestTask.lambda$executeRecursively$2(NodeTestTask.java:180)
	at org.junit.platform.engine.support.hierarchical.ThrowableCollector.execute(ThrowableCollector.java:74)
	at org.junit.platform.engine.support.hierarchical.NodeTestTask.lambda$executeRecursively$1(NodeTestTask.java:166)
	at org.junit.platform.engine.support.hierarchical.Node.around(Node.java:138)
	at org.junit.platform.engine.support.hierarchical.NodeTestTask.lambda$executeRecursively$0(NodeTestTask.java:164)
	at org.junit.platform.engine.support.hierarchical.ThrowableCollector.execute(ThrowableCollector.java:74)
	at org.junit.platform.engine.support.hierarchical.NodeTestTask.executeRecursively(NodeTestTask.java:163)
	at org.junit.platform.engine.support.hierarchical.NodeTestTask.execute(NodeTestTask.java:116)
	at java.base/java.util.ArrayList.forEach(ArrayList.java:1596)
	at org.junit.platform.engine.support.hierarchical.SameThreadHierarchicalTestExecutorService.invokeAll(SameThreadHierarchicalTestExecutorService.java:42)
	at org.junit.platform.engine.support.hierarchical.NodeTestTask.lambda$executeRecursively$2(NodeTestTask.java:180)
	at org.junit.platform.engine.support.hierarchical.ThrowableCollector.execute(ThrowableCollector.java:74)
	at org.junit.platform.engine.support.hierarchical.NodeTestTask.lambda$executeRecursively$1(NodeTestTask.java:166)
	at org.junit.platform.engine.support.hierarchical.Node.around(Node.java:138)
	at org.junit.platform.engine.support.hierarchical.NodeTestTask.lambda$executeRecursively$0(NodeTestTask.java:164)
	at org.junit.platform.engine.support.hierarchical.ThrowableCollector.execute(ThrowableCollector.java:74)
	at org.junit.platform.engine.support.hierarchical.NodeTestTask.executeRecursively(NodeTestTask.java:163)
	at org.junit.platform.engine.support.hierarchical.NodeTestTask.execute(NodeTestTask.java:116)
	at org.junit.platform.engine.support.hierarchical.SameThreadHierarchicalTestExecutorService.submit(SameThreadHierarchicalTestExecutorService.java:36)
	at org.junit.platform.engine.support.hierarchical.HierarchicalTestExecutor.execute(HierarchicalTestExecutor.java:52)
	at org.junit.platform.engine.support.hierarchical.HierarchicalTestEngine.execute(HierarchicalTestEngine.java:58)
	at org.junit.platform.launcher.core.EngineExecutionOrchestrator.executeEngine(EngineExecutionOrchestrator.java:246)
	at org.junit.platform.launcher.core.EngineExecutionOrchestrator.failOrExecuteEngine(EngineExecutionOrchestrator.java:218)
	at org.junit.platform.launcher.core.EngineExecutionOrchestrator.execute(EngineExecutionOrchestrator.java:179)
	at org.junit.platform.launcher.core.EngineExecutionOrchestrator.execute(EngineExecutionOrchestrator.java:108)
	at org.junit.platform.launcher.core.EngineExecutionOrchestrator.lambda$execute$0(EngineExecutionOrchestrator.java:66)
	at org.junit.platform.launcher.core.EngineExecutionOrchestrator.withInterceptedStreams(EngineExecutionOrchestrator.java:157)
	at org.junit.platform.launcher.core.EngineExecutionOrchestrator.execute(EngineExecutionOrchestrator.java:65)
	at org.junit.platform.launcher.core.DefaultLauncher.execute(DefaultLauncher.java:125)
	at org.junit.platform.launcher.core.DefaultLauncher.execute(DefaultLauncher.java:114)
	at org.junit.platform.launcher.core.DefaultLauncher.execute(DefaultLauncher.java:93)
	at org.junit.platform.launcher.core.DelegatingLauncher.execute(DelegatingLauncher.java:48)
	at org.junit.platform.launcher.core.InterceptingLauncher.lambda$execute$0(InterceptingLauncher.java:41)
	at org.junit.platform.launcher.core.ClasspathAlignmentCheckingLauncherInterceptor.intercept(ClasspathAlignmentCheckingLauncherInterceptor.java:25)
	at org.junit.platform.launcher.core.InterceptingLauncher.execute(InterceptingLauncher.java:40)
	at org.junit.platform.launcher.core.DelegatingLauncher.execute(DelegatingLauncher.java:48)
	at org.junit.platform.launcher.core.SessionPerRequestLauncher.execute(SessionPerRequestLauncher.java:67)
	at com.intellij.junit6.JUnit6IdeaTestRunner.startRunnerWithArgs(JUnit6IdeaTestRunner.java:67)
	at com.intellij.rt.junit.IdeaTestRunner$Repeater$1.execute(IdeaTestRunner.java:38)
	at com.intellij.rt.execution.junit.TestsRepeater.repeat(TestsRepeater.java:11)
	at com.intellij.rt.junit.IdeaTestRunner$Repeater.startRunnerWithArgs(IdeaTestRunner.java:35)
	at com.intellij.rt.junit.JUnitStarter.prepareStreamsAndStart(JUnitStarter.java:237)
	at com.intellij.rt.junit.JUnitStarter.main(JUnitStarter.java:58)
Caused by: io.lettuce.core.RedisConnectionException: Unable to connect to redis/<unresolved>:6379
	at io.lettuce.core.RedisConnectionException.create(RedisConnectionException.java:63)
	at io.lettuce.core.RedisConnectionException.create(RedisConnectionException.java:41)
	at io.lettuce.core.AbstractRedisClient.getConnection(AbstractRedisClient.java:352)
	at io.lettuce.core.RedisClient.connect(RedisClient.java:220)
	at org.springframework.data.redis.connection.lettuce.StandaloneConnectionProvider.lambda$getConnection$1(StandaloneConnectionProvider.java:113)
	at java.base/java.util.Optional.orElseGet(Optional.java:364)
	at org.springframework.data.redis.connection.lettuce.StandaloneConnectionProvider.getConnection(StandaloneConnectionProvider.java:113)
	at org.springframework.data.redis.connection.lettuce.LettuceConnectionFactory$ExceptionTranslatingConnectionProvider.getConnection(LettuceConnectionFactory.java:1797)
	... 194 common frames omitted
Caused by: java.net.UnknownHostException: Failed to resolve 'redis' [A(1), AAAA(28)] after 4 queries 
	at io.netty.resolver.dns.DnsResolveContext.finishResolve(DnsResolveContext.java:1137)
	at io.netty.resolver.dns.DnsResolveContext.tryToFinishResolve(DnsResolveContext.java:1084)
	at io.netty.resolver.dns.DnsResolveContext.query(DnsResolveContext.java:443)
	at io.netty.resolver.dns.DnsResolveContext.access$700(DnsResolveContext.java:69)
	at io.netty.resolver.dns.DnsResolveContext$2.operationComplete(DnsResolveContext.java:512)
	at io.netty.util.concurrent.DefaultPromise.notifyListener0(DefaultPromise.java:604)
	at io.netty.util.concurrent.DefaultPromise.notifyListeners0(DefaultPromise.java:597)
	at io.netty.util.concurrent.DefaultPromise.notifyListenersNow(DefaultPromise.java:573)
	at io.netty.util.concurrent.DefaultPromise.notifyListeners(DefaultPromise.java:506)
	at io.netty.util.concurrent.DefaultPromise.setValue0(DefaultPromise.java:650)
	at io.netty.util.concurrent.DefaultPromise.setFailure0(DefaultPromise.java:643)
	at io.netty.util.concurrent.DefaultPromise.tryFailure(DefaultPromise.java:132)
	at io.netty.resolver.dns.DnsQueryContext.finishFailure(DnsQueryContext.java:343)
	at io.netty.resolver.dns.DnsQueryContext$4.run(DnsQueryContext.java:278)
	at io.netty.util.concurrent.PromiseTask.runTask(PromiseTask.java:98)
	at io.netty.util.concurrent.ScheduledFutureTask.run(ScheduledFutureTask.java:160)
	at io.netty.util.concurrent.AbstractEventExecutor.runTask(AbstractEventExecutor.java:148)
	at io.netty.util.concurrent.AbstractEventExecutor.safeExecute$$$capture(AbstractEventExecutor.java:141)
	at io.netty.util.concurrent.AbstractEventExecutor.safeExecute(AbstractEventExecutor.java)
	at io.netty.util.concurrent.SingleThreadEventExecutor.runAllTasks(SingleThreadEventExecutor.java:535)
	at io.netty.channel.SingleThreadIoEventLoop.run(SingleThreadIoEventLoop.java:201)
	at io.netty.util.concurrent.SingleThreadEventExecutor$5.run(SingleThreadEventExecutor.java:1193)
	at io.netty.util.internal.ThreadExecutorMap$2.run(ThreadExecutorMap.java:74)
	at io.netty.util.concurrent.FastThreadLocalRunnable.run(FastThreadLocalRunnable.java:30)
	at java.base/java.lang.Thread.run(Thread.java:1583)
Caused by: io.netty.resolver.dns.DnsNameResolverTimeoutException: [7570: /192.168.0.1:53] DefaultDnsQuestion(redis. IN AAAA) query '7570' via UDP timed out after 5000 milliseconds (no stack trace available)
2026-05-03 18:08:23.079 [main] WARN  c.e.s.a.i.h.GlobalExceptionHandler - MethodArgumentNotValidException: Validation failed for argument [0] in public org.springframework.http.ResponseEntity<com.example.springjpalab.adapter.input.dto.restaurant.RestaurantResponse> com.example.springjpalab.adapter.input.controller.RestaurantController.createRestaurant(com.example.springjpalab.adapter.input.dto.restaurant.RestaurantCreateRequest) with 2 errors: [Field error in object 'restaurantCreateRequest' on field 'name': rejected value []; codes [Size.restaurantCreateRequest.name,Size.name,Size.java.lang.String,Size]; arguments [org.springframework.context.support.DefaultMessageSourceResolvable: codes [restaurantCreateRequest.name,name]; arguments []; default message [name],2147483647,1]; default message [Name must be at least 1 character]] [Field error in object 'restaurantCreateRequest' on field 'name': rejected value []; codes [NotBlank.restaurantCreateRequest.name,NotBlank.name,NotBlank.java.lang.String,NotBlank]; arguments [org.springframework.context.support.DefaultMessageSourceResolvable: codes [restaurantCreateRequest.name,name]; arguments []; default message [name]]; default message [Name cannot be blank]] 
2026-05-03 18:08:28.225 [main] ERROR c.e.s.a.i.h.GlobalExceptionHandler - РќРµРїСЂРµРґРІРёРґРµРЅРЅР°СЏ РѕС€РёР±РєР°
org.springframework.data.redis.RedisConnectionFailureException: Unable to connect to Redis
	at org.springframework.data.redis.connection.lettuce.LettuceConnectionFactory$ExceptionTranslatingConnectionProvider.translateException(LettuceConnectionFactory.java:1868)
	at org.springframework.data.redis.connection.lettuce.LettuceConnectionFactory$ExceptionTranslatingConnectionProvider.getConnection(LettuceConnectionFactory.java:1799)
	at org.springframework.data.redis.connection.lettuce.LettuceConnectionFactory$SharedConnection.getNativeConnection(LettuceConnectionFactory.java:1596)
	at org.springframework.data.redis.connection.lettuce.LettuceConnectionFactory$SharedConnection.lambda$getConnection$0(LettuceConnectionFactory.java:1576)
	at org.springframework.data.redis.connection.lettuce.LettuceConnectionFactory.doInLock(LettuceConnectionFactory.java:1537)
	at org.springframework.data.redis.connection.lettuce.LettuceConnectionFactory$SharedConnection.getConnection(LettuceConnectionFactory.java:1573)
	at org.springframework.data.redis.connection.lettuce.LettuceConnectionFactory.getSharedConnection(LettuceConnectionFactory.java:1258)
	at org.springframework.data.redis.connection.lettuce.LettuceConnectionFactory.getConnection(LettuceConnectionFactory.java:1054)
	at org.springframework.data.redis.cache.DefaultRedisCacheWriter.execute(DefaultRedisCacheWriter.java:539)
	at org.springframework.data.redis.cache.DefaultRedisCacheWriter.get(DefaultRedisCacheWriter.java:245)
	at org.springframework.data.redis.cache.DefaultRedisCacheWriter.get(DefaultRedisCacheWriter.java:236)
	at org.springframework.data.redis.cache.RedisCache.lookup(RedisCache.java:186)
	at org.springframework.cache.support.AbstractValueAdaptingCache.get(AbstractValueAdaptingCache.java:58)
	at org.springframework.cache.interceptor.AbstractCacheInvoker.doGet(AbstractCacheInvoker.java:78)
	at org.springframework.cache.interceptor.CacheAspectSupport.findInCaches(CacheAspectSupport.java:563)
	at org.springframework.cache.interceptor.CacheAspectSupport.findCachedValue(CacheAspectSupport.java:513)
	at org.springframework.cache.interceptor.CacheAspectSupport.execute(CacheAspectSupport.java:438)
	at org.springframework.cache.interceptor.CacheAspectSupport.execute(CacheAspectSupport.java:404)
	at org.springframework.cache.interceptor.CacheInterceptor.invoke(CacheInterceptor.java:64)
	at org.springframework.aop.framework.ReflectiveMethodInvocation.proceed(ReflectiveMethodInvocation.java:179)
	at org.springframework.aop.framework.CglibAopProxy$DynamicAdvisedInterceptor.intercept(CglibAopProxy.java:719)
	at com.example.springjpalab.application.service.RestaurantService$$SpringCGLIB$$0.findById(<generated>)
	at com.example.springjpalab.adapter.input.controller.RestaurantController.getRestaurantById(RestaurantController.kt:195)
	at java.base/jdk.internal.reflect.DirectMethodHandleAccessor.invoke(DirectMethodHandleAccessor.java:103)
	at java.base/java.lang.reflect.Method.invoke(Method.java:580)
	at org.springframework.aop.support.AopUtils.invokeJoinpointUsingReflection(AopUtils.java:359)
	at org.springframework.aop.framework.ReflectiveMethodInvocation.invokeJoinpoint(ReflectiveMethodInvocation.java:190)
	at org.springframework.aop.framework.ReflectiveMethodInvocation.proceed(ReflectiveMethodInvocation.java:158)
	at org.springframework.validation.beanvalidation.MethodValidationInterceptor.invoke(MethodValidationInterceptor.java:171)
	at org.springframework.aop.framework.ReflectiveMethodInvocation.proceed(ReflectiveMethodInvocation.java:179)
	at org.springframework.aop.framework.CglibAopProxy$DynamicAdvisedInterceptor.intercept(CglibAopProxy.java:719)
	at com.example.springjpalab.adapter.input.controller.RestaurantController$$SpringCGLIB$$0.getRestaurantById(<generated>)
	at java.base/jdk.internal.reflect.DirectMethodHandleAccessor.invoke(DirectMethodHandleAccessor.java:103)
	at java.base/java.lang.reflect.Method.invoke(Method.java:580)
	at kotlin.reflect.jvm.internal.calls.CallerImpl$Method.callMethod(CallerImpl.kt:97)
	at kotlin.reflect.jvm.internal.calls.CallerImpl$Method$Instance.call(CallerImpl.kt:113)
	at kotlin.reflect.jvm.internal.KCallableImpl.callDefaultMethod$kotlin_reflection(KCallableImpl.kt:250)
	at kotlin.reflect.jvm.internal.KCallableImpl.callBy(KCallableImpl.kt:155)
	at org.springframework.web.method.support.InvocableHandlerMethod$KotlinDelegate.invokeFunction(InvocableHandlerMethod.java:336)
	at org.springframework.web.method.support.InvocableHandlerMethod.doInvoke(InvocableHandlerMethod.java:256)
	at org.springframework.web.method.support.InvocableHandlerMethod.invokeForRequest(InvocableHandlerMethod.java:190)
	at org.springframework.web.servlet.mvc.method.annotation.ServletInvocableHandlerMethod.invokeAndHandle(ServletInvocableHandlerMethod.java:117)
	at org.springframework.web.servlet.mvc.method.annotation.RequestMappingHandlerAdapter.invokeHandlerMethod(RequestMappingHandlerAdapter.java:934)
	at org.springframework.web.servlet.mvc.method.annotation.RequestMappingHandlerAdapter.handleInternal(RequestMappingHandlerAdapter.java:853)
	at org.springframework.web.servlet.mvc.method.AbstractHandlerMethodAdapter.handle(AbstractHandlerMethodAdapter.java:86)
	at org.springframework.web.servlet.DispatcherServlet.doDispatch(DispatcherServlet.java:963)
	at org.springframework.web.servlet.DispatcherServlet.doService(DispatcherServlet.java:866)
	at org.springframework.web.servlet.FrameworkServlet.processRequest(FrameworkServlet.java:1003)
	at org.springframework.web.servlet.FrameworkServlet.doGet(FrameworkServlet.java:892)
	at jakarta.servlet.http.HttpServlet.service(HttpServlet.java:622)
	at org.springframework.web.servlet.FrameworkServlet.service(FrameworkServlet.java:874)
	at org.springframework.test.web.servlet.TestDispatcherServlet.service(TestDispatcherServlet.java:72)
	at jakarta.servlet.http.HttpServlet.service(HttpServlet.java:710)
	at org.springframework.mock.web.MockFilterChain$ServletFilterProxy.doFilter(MockFilterChain.java:160)
	at org.springframework.mock.web.MockFilterChain.doFilter(MockFilterChain.java:127)
	at org.springframework.web.filter.OncePerRequestFilter.doFilter(OncePerRequestFilter.java:110)
	at org.springframework.test.web.servlet.setup.MockMvcFilterDecorator.doFilter(MockMvcFilterDecorator.java:160)
	at org.springframework.mock.web.MockFilterChain.doFilter(MockFilterChain.java:127)
	at org.springframework.web.filter.CompositeFilter$VirtualFilterChain.doFilter(CompositeFilter.java:108)
	at org.springframework.security.web.FilterChainProxy.lambda$doFilterInternal$3(FilterChainProxy.java:235)
	at org.springframework.security.web.FilterChainProxy$VirtualFilterChain.doFilter(FilterChainProxy.java:371)
	at org.springframework.security.web.access.intercept.AuthorizationFilter.doFilter(AuthorizationFilter.java:101)
	at org.springframework.security.web.FilterChainProxy$VirtualFilterChain.doFilter(FilterChainProxy.java:380)
	at org.springframework.security.web.access.ExceptionTranslationFilter.doFilter(ExceptionTranslationFilter.java:126)
	at org.springframework.security.web.access.ExceptionTranslationFilter.doFilter(ExceptionTranslationFilter.java:120)
	at org.springframework.security.web.FilterChainProxy$VirtualFilterChain.doFilter(FilterChainProxy.java:380)
	at org.springframework.security.web.session.SessionManagementFilter.doFilter(SessionManagementFilter.java:132)
	at org.springframework.security.web.session.SessionManagementFilter.doFilter(SessionManagementFilter.java:86)
	at org.springframework.security.web.FilterChainProxy$VirtualFilterChain.doFilter(FilterChainProxy.java:380)
	at org.springframework.security.web.authentication.AnonymousAuthenticationFilter.doFilter(AnonymousAuthenticationFilter.java:100)
	at org.springframework.security.web.FilterChainProxy$VirtualFilterChain.doFilter(FilterChainProxy.java:380)
	at org.springframework.security.web.servletapi.SecurityContextHolderAwareRequestFilter.doFilter(SecurityContextHolderAwareRequestFilter.java:181)
	at org.springframework.security.web.FilterChainProxy$VirtualFilterChain.doFilter(FilterChainProxy.java:380)
	at org.springframework.security.web.savedrequest.RequestCacheAwareFilter.doFilter(RequestCacheAwareFilter.java:63)
	at org.springframework.security.web.FilterChainProxy$VirtualFilterChain.doFilter(FilterChainProxy.java:380)
	at com.example.springjpalab.security.JwtAuthenticationFilter.doFilterInternal(JwtAuthenticationFilter.kt:29)
	at org.springframework.web.filter.OncePerRequestFilter.doFilter(OncePerRequestFilter.java:116)
	at org.springframework.security.web.FilterChainProxy$VirtualFilterChain.doFilter(FilterChainProxy.java:380)
	at org.springframework.security.web.authentication.logout.LogoutFilter.doFilter(LogoutFilter.java:110)
	at org.springframework.security.web.authentication.logout.LogoutFilter.doFilter(LogoutFilter.java:96)
	at org.springframework.security.web.FilterChainProxy$VirtualFilterChain.doFilter(FilterChainProxy.java:380)
	at org.springframework.security.web.header.HeaderWriterFilter.doHeadersAfter(HeaderWriterFilter.java:90)
	at org.springframework.security.web.header.HeaderWriterFilter.doFilterInternal(HeaderWriterFilter.java:75)
	at org.springframework.web.filter.OncePerRequestFilter.doFilter(OncePerRequestFilter.java:116)
	at org.springframework.security.web.FilterChainProxy$VirtualFilterChain.doFilter(FilterChainProxy.java:380)
	at org.springframework.security.web.context.SecurityContextHolderFilter.doFilter(SecurityContextHolderFilter.java:82)
	at org.springframework.security.web.context.SecurityContextHolderFilter.doFilter(SecurityContextHolderFilter.java:69)
	at org.springframework.security.web.FilterChainProxy$VirtualFilterChain.doFilter(FilterChainProxy.java:380)
	at org.springframework.security.web.context.request.async.WebAsyncManagerIntegrationFilter.doFilterInternal(WebAsyncManagerIntegrationFilter.java:62)
	at org.springframework.web.filter.OncePerRequestFilter.doFilter(OncePerRequestFilter.java:116)
	at org.springframework.security.web.FilterChainProxy$VirtualFilterChain.doFilter(FilterChainProxy.java:380)
	at org.springframework.security.web.session.DisableEncodeUrlFilter.doFilterInternal(DisableEncodeUrlFilter.java:42)
	at org.springframework.web.filter.OncePerRequestFilter.doFilter(OncePerRequestFilter.java:116)
	at org.springframework.security.web.FilterChainProxy$VirtualFilterChain.doFilter(FilterChainProxy.java:380)
	at org.springframework.security.web.FilterChainProxy.doFilterInternal(FilterChainProxy.java:237)
	at org.springframework.security.web.FilterChainProxy.doFilter(FilterChainProxy.java:195)
	at org.springframework.web.filter.CompositeFilter$VirtualFilterChain.doFilter(CompositeFilter.java:113)
	at org.springframework.web.filter.ServletRequestPathFilter.doFilter(ServletRequestPathFilter.java:52)
	at org.springframework.web.filter.CompositeFilter$VirtualFilterChain.doFilter(CompositeFilter.java:113)
	at org.springframework.web.filter.CompositeFilter.doFilter(CompositeFilter.java:74)
	at org.springframework.security.config.annotation.web.configuration.WebSecurityConfiguration$CompositeFilterChainProxy.doFilter(WebSecurityConfiguration.java:317)
	at org.springframework.web.filter.DelegatingFilterProxy.invokeDelegate(DelegatingFilterProxy.java:355)
	at org.springframework.web.filter.DelegatingFilterProxy.doFilter(DelegatingFilterProxy.java:272)
	at org.springframework.test.web.servlet.setup.MockMvcFilterDecorator.doFilter(MockMvcFilterDecorator.java:160)
	at org.springframework.mock.web.MockFilterChain.doFilter(MockFilterChain.java:127)
	at org.springframework.web.filter.RequestContextFilter.doFilterInternal(RequestContextFilter.java:100)
	at org.springframework.web.filter.OncePerRequestFilter.doFilter(OncePerRequestFilter.java:116)
	at org.springframework.test.web.servlet.setup.MockMvcFilterDecorator.doFilter(MockMvcFilterDecorator.java:160)
	at org.springframework.mock.web.MockFilterChain.doFilter(MockFilterChain.java:127)
	at org.springframework.web.filter.FormContentFilter.doFilterInternal(FormContentFilter.java:93)
	at org.springframework.web.filter.OncePerRequestFilter.doFilter(OncePerRequestFilter.java:116)
	at org.springframework.test.web.servlet.setup.MockMvcFilterDecorator.doFilter(MockMvcFilterDecorator.java:160)
	at org.springframework.mock.web.MockFilterChain.doFilter(MockFilterChain.java:127)
	at org.springframework.web.filter.CharacterEncodingFilter.doFilterInternal(CharacterEncodingFilter.java:199)
	at org.springframework.web.filter.OncePerRequestFilter.doFilter(OncePerRequestFilter.java:116)
	at org.springframework.test.web.servlet.setup.MockMvcFilterDecorator.doFilter(MockMvcFilterDecorator.java:160)
	at org.springframework.mock.web.MockFilterChain.doFilter(MockFilterChain.java:127)
	at org.springframework.test.web.servlet.MockMvc.perform(MockMvc.java:199)
	at com.example.springjpalab.controller.RestaurantIntegrationTest.GET РЅРµСЃСѓС‰РµСЃС‚РІСѓСЋС‰РёР№ СЂРµСЃС‚РѕСЂР°РЅ РІРѕР·РІСЂР°С‰Р°РµС‚ 404(RestaurantIntegrationTest.kt:83)
	at java.base/jdk.internal.reflect.DirectMethodHandleAccessor.invoke(DirectMethodHandleAccessor.java:103)
	at java.base/java.lang.reflect.Method.invoke(Method.java:580)
	at org.junit.platform.commons.util.ReflectionUtils.invokeMethod(ReflectionUtils.java:701)
	at org.junit.platform.commons.support.ReflectionSupport.invokeMethod(ReflectionSupport.java:502)
	at org.junit.jupiter.engine.support.MethodReflectionUtils.invoke(MethodReflectionUtils.java:45)
	at org.junit.jupiter.engine.execution.MethodInvocation.proceed(MethodInvocation.java:61)
	at org.junit.jupiter.engine.execution.InvocationInterceptorChain$ValidatingInvocation.proceed(InvocationInterceptorChain.java:124)
	at org.junit.jupiter.engine.extension.TimeoutExtension.intercept(TimeoutExtension.java:163)
	at org.junit.jupiter.engine.extension.TimeoutExtension.interceptTestableMethod(TimeoutExtension.java:148)
	at org.junit.jupiter.engine.extension.TimeoutExtension.interceptTestMethod(TimeoutExtension.java:86)
	at org.junit.jupiter.engine.execution.InterceptingExecutableInvoker$ReflectiveInterceptorCall.lambda$ofVoidMethod$0(InterceptingExecutableInvoker.java:123)
	at org.junit.jupiter.engine.execution.InterceptingExecutableInvoker.lambda$invoke$0(InterceptingExecutableInvoker.java:105)
	at org.junit.jupiter.engine.execution.InvocationInterceptorChain$InterceptedInvocation.proceed(InvocationInterceptorChain.java:99)
	at org.junit.jupiter.engine.execution.InvocationInterceptorChain.proceed(InvocationInterceptorChain.java:66)
	at org.junit.jupiter.engine.execution.InvocationInterceptorChain.chainAndInvoke(InvocationInterceptorChain.java:47)
	at org.junit.jupiter.engine.execution.InvocationInterceptorChain.invoke(InvocationInterceptorChain.java:39)
	at org.junit.jupiter.engine.execution.InterceptingExecutableInvoker.invoke(InterceptingExecutableInvoker.java:104)
	at org.junit.jupiter.engine.execution.InterceptingExecutableInvoker.invoke(InterceptingExecutableInvoker.java:98)
	at org.junit.jupiter.engine.execution.InterceptingExecutableInvoker.invokeVoid(InterceptingExecutableInvoker.java:71)
	at org.junit.jupiter.engine.descriptor.TestMethodTestDescriptor.lambda$invokeTestMethod$0(TestMethodTestDescriptor.java:219)
	at org.junit.platform.engine.support.hierarchical.ThrowableCollector.execute(ThrowableCollector.java:74)
	at org.junit.jupiter.engine.descriptor.TestMethodTestDescriptor.invokeTestMethod(TestMethodTestDescriptor.java:215)
	at org.junit.jupiter.engine.descriptor.TestMethodTestDescriptor.execute(TestMethodTestDescriptor.java:157)
	at org.junit.jupiter.engine.descriptor.TestMethodTestDescriptor.execute(TestMethodTestDescriptor.java:70)
	at org.junit.platform.engine.support.hierarchical.NodeTestTask.lambda$executeRecursively$2(NodeTestTask.java:176)
	at org.junit.platform.engine.support.hierarchical.ThrowableCollector.execute(ThrowableCollector.java:74)
	at org.junit.platform.engine.support.hierarchical.NodeTestTask.lambda$executeRecursively$1(NodeTestTask.java:166)
	at org.junit.platform.engine.support.hierarchical.Node.around(Node.java:138)
	at org.junit.platform.engine.support.hierarchical.NodeTestTask.lambda$executeRecursively$0(NodeTestTask.java:164)
	at org.junit.platform.engine.support.hierarchical.ThrowableCollector.execute(ThrowableCollector.java:74)
	at org.junit.platform.engine.support.hierarchical.NodeTestTask.executeRecursively(NodeTestTask.java:163)
	at org.junit.platform.engine.support.hierarchical.NodeTestTask.execute(NodeTestTask.java:116)
	at java.base/java.util.ArrayList.forEach(ArrayList.java:1596)
	at org.junit.platform.engine.support.hierarchical.SameThreadHierarchicalTestExecutorService.invokeAll(SameThreadHierarchicalTestExecutorService.java:42)
	at org.junit.platform.engine.support.hierarchical.NodeTestTask.lambda$executeRecursively$2(NodeTestTask.java:180)
	at org.junit.platform.engine.support.hierarchical.ThrowableCollector.execute(ThrowableCollector.java:74)
	at org.junit.platform.engine.support.hierarchical.NodeTestTask.lambda$executeRecursively$1(NodeTestTask.java:166)
	at org.junit.platform.engine.support.hierarchical.Node.around(Node.java:138)
	at org.junit.platform.engine.support.hierarchical.NodeTestTask.lambda$executeRecursively$0(NodeTestTask.java:164)
	at org.junit.platform.engine.support.hierarchical.ThrowableCollector.execute(ThrowableCollector.java:74)
	at org.junit.platform.engine.support.hierarchical.NodeTestTask.executeRecursively(NodeTestTask.java:163)
	at org.junit.platform.engine.support.hierarchical.NodeTestTask.execute(NodeTestTask.java:116)
	at java.base/java.util.ArrayList.forEach(ArrayList.java:1596)
	at org.junit.platform.engine.support.hierarchical.SameThreadHierarchicalTestExecutorService.invokeAll(SameThreadHierarchicalTestExecutorService.java:42)
	at org.junit.platform.engine.support.hierarchical.NodeTestTask.lambda$executeRecursively$2(NodeTestTask.java:180)
	at org.junit.platform.engine.support.hierarchical.ThrowableCollector.execute(ThrowableCollector.java:74)
	at org.junit.platform.engine.support.hierarchical.NodeTestTask.lambda$executeRecursively$1(NodeTestTask.java:166)
	at org.junit.platform.engine.support.hierarchical.Node.around(Node.java:138)
	at org.junit.platform.engine.support.hierarchical.NodeTestTask.lambda$executeRecursively$0(NodeTestTask.java:164)
	at org.junit.platform.engine.support.hierarchical.ThrowableCollector.execute(ThrowableCollector.java:74)
	at org.junit.platform.engine.support.hierarchical.NodeTestTask.executeRecursively(NodeTestTask.java:163)
	at org.junit.platform.engine.support.hierarchical.NodeTestTask.execute(NodeTestTask.java:116)
	at org.junit.platform.engine.support.hierarchical.SameThreadHierarchicalTestExecutorService.submit(SameThreadHierarchicalTestExecutorService.java:36)
	at org.junit.platform.engine.support.hierarchical.HierarchicalTestExecutor.execute(HierarchicalTestExecutor.java:52)
	at org.junit.platform.engine.support.hierarchical.HierarchicalTestEngine.execute(HierarchicalTestEngine.java:58)
	at org.junit.platform.launcher.core.EngineExecutionOrchestrator.executeEngine(EngineExecutionOrchestrator.java:246)
	at org.junit.platform.launcher.core.EngineExecutionOrchestrator.failOrExecuteEngine(EngineExecutionOrchestrator.java:218)
	at org.junit.platform.launcher.core.EngineExecutionOrchestrator.execute(EngineExecutionOrchestrator.java:179)
	at org.junit.platform.launcher.core.EngineExecutionOrchestrator.execute(EngineExecutionOrchestrator.java:108)
	at org.junit.platform.launcher.core.EngineExecutionOrchestrator.lambda$execute$0(EngineExecutionOrchestrator.java:66)
	at org.junit.platform.launcher.core.EngineExecutionOrchestrator.withInterceptedStreams(EngineExecutionOrchestrator.java:157)
	at org.junit.platform.launcher.core.EngineExecutionOrchestrator.execute(EngineExecutionOrchestrator.java:65)
	at org.junit.platform.launcher.core.DefaultLauncher.execute(DefaultLauncher.java:125)
	at org.junit.platform.launcher.core.DefaultLauncher.execute(DefaultLauncher.java:114)
	at org.junit.platform.launcher.core.DefaultLauncher.execute(DefaultLauncher.java:93)
	at org.junit.platform.launcher.core.DelegatingLauncher.execute(DelegatingLauncher.java:48)
	at org.junit.platform.launcher.core.InterceptingLauncher.lambda$execute$0(InterceptingLauncher.java:41)
	at org.junit.platform.launcher.core.ClasspathAlignmentCheckingLauncherInterceptor.intercept(ClasspathAlignmentCheckingLauncherInterceptor.java:25)
	at org.junit.platform.launcher.core.InterceptingLauncher.execute(InterceptingLauncher.java:40)
	at org.junit.platform.launcher.core.DelegatingLauncher.execute(DelegatingLauncher.java:48)
	at org.junit.platform.launcher.core.SessionPerRequestLauncher.execute(SessionPerRequestLauncher.java:67)
	at com.intellij.junit6.JUnit6IdeaTestRunner.startRunnerWithArgs(JUnit6IdeaTestRunner.java:67)
	at com.intellij.rt.junit.IdeaTestRunner$Repeater$1.execute(IdeaTestRunner.java:38)
	at com.intellij.rt.execution.junit.TestsRepeater.repeat(TestsRepeater.java:11)
	at com.intellij.rt.junit.IdeaTestRunner$Repeater.startRunnerWithArgs(IdeaTestRunner.java:35)
	at com.intellij.rt.junit.JUnitStarter.prepareStreamsAndStart(JUnitStarter.java:237)
	at com.intellij.rt.junit.JUnitStarter.main(JUnitStarter.java:58)
Caused by: io.lettuce.core.RedisConnectionException: Unable to connect to redis/<unresolved>:6379
	at io.lettuce.core.RedisConnectionException.create(RedisConnectionException.java:63)
	at io.lettuce.core.RedisConnectionException.create(RedisConnectionException.java:41)
	at io.lettuce.core.AbstractRedisClient.getConnection(AbstractRedisClient.java:352)
	at io.lettuce.core.RedisClient.connect(RedisClient.java:220)
	at org.springframework.data.redis.connection.lettuce.StandaloneConnectionProvider.lambda$getConnection$1(StandaloneConnectionProvider.java:113)
	at java.base/java.util.Optional.orElseGet(Optional.java:364)
	at org.springframework.data.redis.connection.lettuce.StandaloneConnectionProvider.getConnection(StandaloneConnectionProvider.java:113)
	at org.springframework.data.redis.connection.lettuce.LettuceConnectionFactory$ExceptionTranslatingConnectionProvider.getConnection(LettuceConnectionFactory.java:1797)
	... 194 common frames omitted
Caused by: java.net.UnknownHostException: Failed to resolve 'redis' [A(1), AAAA(28)] after 4 queries 
	at io.netty.resolver.dns.DnsResolveContext.finishResolve(DnsResolveContext.java:1137)
	at io.netty.resolver.dns.DnsResolveContext.tryToFinishResolve(DnsResolveContext.java:1084)
	at io.netty.resolver.dns.DnsResolveContext.query(DnsResolveContext.java:443)
	at io.netty.resolver.dns.DnsResolveContext.access$700(DnsResolveContext.java:69)
	at io.netty.resolver.dns.DnsResolveContext$2.operationComplete(DnsResolveContext.java:512)
	at io.netty.util.concurrent.DefaultPromise.notifyListener0(DefaultPromise.java:604)
	at io.netty.util.concurrent.DefaultPromise.notifyListeners0(DefaultPromise.java:597)
	at io.netty.util.concurrent.DefaultPromise.notifyListenersNow(DefaultPromise.java:573)
	at io.netty.util.concurrent.DefaultPromise.notifyListeners(DefaultPromise.java:506)
	at io.netty.util.concurrent.DefaultPromise.setValue0(DefaultPromise.java:650)
	at io.netty.util.concurrent.DefaultPromise.setFailure0(DefaultPromise.java:643)
	at io.netty.util.concurrent.DefaultPromise.tryFailure(DefaultPromise.java:132)
	at io.netty.resolver.dns.DnsQueryContext.finishFailure(DnsQueryContext.java:343)
	at io.netty.resolver.dns.DnsQueryContext$4.run(DnsQueryContext.java:278)
	at io.netty.util.concurrent.PromiseTask.runTask(PromiseTask.java:98)
	at io.netty.util.concurrent.ScheduledFutureTask.run(ScheduledFutureTask.java:160)
	at io.netty.util.concurrent.AbstractEventExecutor.runTask(AbstractEventExecutor.java:148)
	at io.netty.util.concurrent.AbstractEventExecutor.safeExecute$$$capture(AbstractEventExecutor.java:141)
	at io.netty.util.concurrent.AbstractEventExecutor.safeExecute(AbstractEventExecutor.java)
	at io.netty.util.concurrent.SingleThreadEventExecutor.runAllTasks(SingleThreadEventExecutor.java:535)
	at io.netty.channel.SingleThreadIoEventLoop.run(SingleThreadIoEventLoop.java:201)
	at io.netty.util.concurrent.SingleThreadEventExecutor$5.run(SingleThreadEventExecutor.java:1193)
	at io.netty.util.internal.ThreadExecutorMap$2.run(ThreadExecutorMap.java:74)
	at io.netty.util.concurrent.FastThreadLocalRunnable.run(FastThreadLocalRunnable.java:30)
	at java.base/java.lang.Thread.run(Thread.java:1583)
Caused by: io.netty.resolver.dns.DnsNameResolverTimeoutException: [11169: /192.168.0.1:53] DefaultDnsQuestion(redis. IN AAAA) query '11169' via UDP timed out after 5000 milliseconds (no stack trace available)
2026-05-03 18:08:28.249 [main] DEBUG org.hibernate.SQL - select rje1_0.id,rje1_0.address,rje1_0.name from restaurants rje1_0 where rje1_0.name=?
2026-05-03 18:08:28.258 [main] DEBUG org.hibernate.SQL - insert into restaurants (address,name) values (?,?)
2026-05-03 18:08:28.266 [main] INFO  c.e.s.a.service.RestaurantService - РЎРѕР·РґР°РЅ СЂРµСЃС‚РѕСЂР°РЅ: id=2, name=Old Name
2026-05-03 18:08:33.362 [main] WARN  c.e.s.a.i.h.GlobalExceptionHandler - MethodArgumentNotValidException: Validation failed for argument [1] in public org.springframework.http.ResponseEntity<com.example.springjpalab.adapter.input.dto.restaurant.RestaurantResponse> com.example.springjpalab.adapter.input.controller.RestaurantController.updateUserById(long,com.example.springjpalab.adapter.input.dto.restaurant.RestaurantUpdateRequest) with 2 errors: [Field error in object 'restaurantUpdateRequest' on field 'name': rejected value []; codes [NotBlank.restaurantUpdateRequest.name,NotBlank.name,NotBlank.java.lang.String,NotBlank]; arguments [org.springframework.context.support.DefaultMessageSourceResolvable: codes [restaurantUpdateRequest.name,name]; arguments []; default message [name]]; default message [Name cannot be blank]] [Field error in object 'restaurantUpdateRequest' on field 'address': rejected value []; codes [NotBlank.restaurantUpdateRequest.address,NotBlank.address,NotBlank.java.lang.String,NotBlank]; arguments [org.springframework.context.support.DefaultMessageSourceResolvable: codes [restaurantUpdateRequest.address,address]; arguments []; default message [address]]; default message [Address cannot be blank]] 
2026-05-03 18:08:33.377 [main] DEBUG org.hibernate.SQL - select rje1_0.id,rje1_0.address,rje1_0.name from restaurants rje1_0 where rje1_0.name=?
2026-05-03 18:08:33.382 [main] DEBUG org.hibernate.SQL - insert into restaurants (address,name) values (?,?)
2026-05-03 18:08:33.389 [main] INFO  c.e.s.a.service.RestaurantService - РЎРѕР·РґР°РЅ СЂРµСЃС‚РѕСЂР°РЅ: id=3, name=First
2026-05-03 18:08:38.495 [main] DEBUG org.hibernate.SQL - select rje1_0.id,rje1_0.address,rje1_0.name from restaurants rje1_0 where rje1_0.name=?
2026-05-03 18:08:38.499 [main] DEBUG org.hibernate.SQL - insert into restaurants (address,name) values (?,?)
2026-05-03 18:08:38.506 [main] INFO  c.e.s.a.service.RestaurantService - РЎРѕР·РґР°РЅ СЂРµСЃС‚РѕСЂР°РЅ: id=4, name=Second
2026-05-03 18:08:48.708 [main] ERROR c.e.s.a.i.h.GlobalExceptionHandler - РќРµРїСЂРµРґРІРёРґРµРЅРЅР°СЏ РѕС€РёР±РєР°
org.springframework.data.redis.RedisConnectionFailureException: Unable to connect to Redis
	at org.springframework.data.redis.connection.lettuce.LettuceConnectionFactory$ExceptionTranslatingConnectionProvider.translateException(LettuceConnectionFactory.java:1868)
	at org.springframework.data.redis.connection.lettuce.LettuceConnectionFactory$ExceptionTranslatingConnectionProvider.getConnection(LettuceConnectionFactory.java:1799)
	at org.springframework.data.redis.connection.lettuce.LettuceConnectionFactory$SharedConnection.getNativeConnection(LettuceConnectionFactory.java:1596)
	at org.springframework.data.redis.connection.lettuce.LettuceConnectionFactory$SharedConnection.lambda$getConnection$0(LettuceConnectionFactory.java:1576)
	at org.springframework.data.redis.connection.lettuce.LettuceConnectionFactory.doInLock(LettuceConnectionFactory.java:1537)
	at org.springframework.data.redis.connection.lettuce.LettuceConnectionFactory$SharedConnection.getConnection(LettuceConnectionFactory.java:1573)
	at org.springframework.data.redis.connection.lettuce.LettuceConnectionFactory.getSharedConnection(LettuceConnectionFactory.java:1258)
	at org.springframework.data.redis.connection.lettuce.LettuceConnectionFactory.getConnection(LettuceConnectionFactory.java:1054)
	at org.springframework.data.redis.cache.DefaultRedisCacheWriter.execute(DefaultRedisCacheWriter.java:539)
	at org.springframework.data.redis.cache.DefaultRedisCacheWriter.get(DefaultRedisCacheWriter.java:245)
	at org.springframework.data.redis.cache.DefaultRedisCacheWriter.get(DefaultRedisCacheWriter.java:236)
	at org.springframework.data.redis.cache.RedisCache.lookup(RedisCache.java:186)
	at org.springframework.cache.support.AbstractValueAdaptingCache.get(AbstractValueAdaptingCache.java:58)
	at org.springframework.cache.interceptor.AbstractCacheInvoker.doGet(AbstractCacheInvoker.java:78)
	at org.springframework.cache.interceptor.CacheAspectSupport.findInCaches(CacheAspectSupport.java:563)
	at org.springframework.cache.interceptor.CacheAspectSupport.findCachedValue(CacheAspectSupport.java:513)
	at org.springframework.cache.interceptor.CacheAspectSupport.execute(CacheAspectSupport.java:438)
	at org.springframework.cache.interceptor.CacheAspectSupport.execute(CacheAspectSupport.java:404)
	at org.springframework.cache.interceptor.CacheInterceptor.invoke(CacheInterceptor.java:64)
	at org.springframework.aop.framework.ReflectiveMethodInvocation.proceed(ReflectiveMethodInvocation.java:179)
	at org.springframework.aop.framework.CglibAopProxy$DynamicAdvisedInterceptor.intercept(CglibAopProxy.java:719)
	at com.example.springjpalab.application.service.RestaurantService$$SpringCGLIB$$0.findAll(<generated>)
	at com.example.springjpalab.adapter.input.controller.RestaurantController.getAllRestaurants(RestaurantController.kt:61)
	at java.base/jdk.internal.reflect.DirectMethodHandleAccessor.invoke(DirectMethodHandleAccessor.java:103)
	at java.base/java.lang.reflect.Method.invoke(Method.java:580)
	at org.springframework.aop.support.AopUtils.invokeJoinpointUsingReflection(AopUtils.java:359)
	at org.springframework.aop.framework.ReflectiveMethodInvocation.invokeJoinpoint(ReflectiveMethodInvocation.java:190)
	at org.springframework.aop.framework.ReflectiveMethodInvocation.proceed(ReflectiveMethodInvocation.java:158)
	at org.springframework.validation.beanvalidation.MethodValidationInterceptor.invoke(MethodValidationInterceptor.java:171)
	at org.springframework.aop.framework.ReflectiveMethodInvocation.proceed(ReflectiveMethodInvocation.java:179)
	at org.springframework.aop.framework.CglibAopProxy$DynamicAdvisedInterceptor.intercept(CglibAopProxy.java:719)
	at com.example.springjpalab.adapter.input.controller.RestaurantController$$SpringCGLIB$$0.getAllRestaurants(<generated>)
	at java.base/jdk.internal.reflect.DirectMethodHandleAccessor.invoke(DirectMethodHandleAccessor.java:103)
	at java.base/java.lang.reflect.Method.invoke(Method.java:580)
	at kotlin.reflect.jvm.internal.calls.CallerImpl$Method.callMethod(CallerImpl.kt:97)
	at kotlin.reflect.jvm.internal.calls.CallerImpl$Method$Instance.call(CallerImpl.kt:113)
	at kotlin.reflect.jvm.internal.KCallableImpl.callDefaultMethod$kotlin_reflection(KCallableImpl.kt:250)
	at kotlin.reflect.jvm.internal.KCallableImpl.callBy(KCallableImpl.kt:155)
	at org.springframework.web.method.support.InvocableHandlerMethod$KotlinDelegate.invokeFunction(InvocableHandlerMethod.java:336)
	at org.springframework.web.method.support.InvocableHandlerMethod.doInvoke(InvocableHandlerMethod.java:256)
	at org.springframework.web.method.support.InvocableHandlerMethod.invokeForRequest(InvocableHandlerMethod.java:190)
	at org.springframework.web.servlet.mvc.method.annotation.ServletInvocableHandlerMethod.invokeAndHandle(ServletInvocableHandlerMethod.java:117)
	at org.springframework.web.servlet.mvc.method.annotation.RequestMappingHandlerAdapter.invokeHandlerMethod(RequestMappingHandlerAdapter.java:934)
	at org.springframework.web.servlet.mvc.method.annotation.RequestMappingHandlerAdapter.handleInternal(RequestMappingHandlerAdapter.java:853)
	at org.springframework.web.servlet.mvc.method.AbstractHandlerMethodAdapter.handle(AbstractHandlerMethodAdapter.java:86)
	at org.springframework.web.servlet.DispatcherServlet.doDispatch(DispatcherServlet.java:963)
	at org.springframework.web.servlet.DispatcherServlet.doService(DispatcherServlet.java:866)
	at org.springframework.web.servlet.FrameworkServlet.processRequest(FrameworkServlet.java:1003)
	at org.springframework.web.servlet.FrameworkServlet.doGet(FrameworkServlet.java:892)
	at jakarta.servlet.http.HttpServlet.service(HttpServlet.java:622)
	at org.springframework.web.servlet.FrameworkServlet.service(FrameworkServlet.java:874)
	at org.springframework.test.web.servlet.TestDispatcherServlet.service(TestDispatcherServlet.java:72)
	at jakarta.servlet.http.HttpServlet.service(HttpServlet.java:710)
	at org.springframework.mock.web.MockFilterChain$ServletFilterProxy.doFilter(MockFilterChain.java:160)
	at org.springframework.mock.web.MockFilterChain.doFilter(MockFilterChain.java:127)
	at org.springframework.web.filter.OncePerRequestFilter.doFilter(OncePerRequestFilter.java:110)
	at org.springframework.test.web.servlet.setup.MockMvcFilterDecorator.doFilter(MockMvcFilterDecorator.java:160)
	at org.springframework.mock.web.MockFilterChain.doFilter(MockFilterChain.java:127)
	at org.springframework.web.filter.CompositeFilter$VirtualFilterChain.doFilter(CompositeFilter.java:108)
	at org.springframework.security.web.FilterChainProxy.lambda$doFilterInternal$3(FilterChainProxy.java:235)
	at org.springframework.security.web.FilterChainProxy$VirtualFilterChain.doFilter(FilterChainProxy.java:371)
	at org.springframework.security.web.access.intercept.AuthorizationFilter.doFilter(AuthorizationFilter.java:101)
	at org.springframework.security.web.FilterChainProxy$VirtualFilterChain.doFilter(FilterChainProxy.java:380)
	at org.springframework.security.web.access.ExceptionTranslationFilter.doFilter(ExceptionTranslationFilter.java:126)
	at org.springframework.security.web.access.ExceptionTranslationFilter.doFilter(ExceptionTranslationFilter.java:120)
	at org.springframework.security.web.FilterChainProxy$VirtualFilterChain.doFilter(FilterChainProxy.java:380)
	at org.springframework.security.web.session.SessionManagementFilter.doFilter(SessionManagementFilter.java:132)
	at org.springframework.security.web.session.SessionManagementFilter.doFilter(SessionManagementFilter.java:86)
	at org.springframework.security.web.FilterChainProxy$VirtualFilterChain.doFilter(FilterChainProxy.java:380)
	at org.springframework.security.web.authentication.AnonymousAuthenticationFilter.doFilter(AnonymousAuthenticationFilter.java:100)
	at org.springframework.security.web.FilterChainProxy$VirtualFilterChain.doFilter(FilterChainProxy.java:380)
	at org.springframework.security.web.servletapi.SecurityContextHolderAwareRequestFilter.doFilter(SecurityContextHolderAwareRequestFilter.java:181)
	at org.springframework.security.web.FilterChainProxy$VirtualFilterChain.doFilter(FilterChainProxy.java:380)
	at org.springframework.security.web.savedrequest.RequestCacheAwareFilter.doFilter(RequestCacheAwareFilter.java:63)
	at org.springframework.security.web.FilterChainProxy$VirtualFilterChain.doFilter(FilterChainProxy.java:380)
	at com.example.springjpalab.security.JwtAuthenticationFilter.doFilterInternal(JwtAuthenticationFilter.kt:29)
	at org.springframework.web.filter.OncePerRequestFilter.doFilter(OncePerRequestFilter.java:116)
	at org.springframework.security.web.FilterChainProxy$VirtualFilterChain.doFilter(FilterChainProxy.java:380)
	at org.springframework.security.web.authentication.logout.LogoutFilter.doFilter(LogoutFilter.java:110)
	at org.springframework.security.web.authentication.logout.LogoutFilter.doFilter(LogoutFilter.java:96)
	at org.springframework.security.web.FilterChainProxy$VirtualFilterChain.doFilter(FilterChainProxy.java:380)
	at org.springframework.security.web.header.HeaderWriterFilter.doHeadersAfter(HeaderWriterFilter.java:90)
	at org.springframework.security.web.header.HeaderWriterFilter.doFilterInternal(HeaderWriterFilter.java:75)
	at org.springframework.web.filter.OncePerRequestFilter.doFilter(OncePerRequestFilter.java:116)
	at org.springframework.security.web.FilterChainProxy$VirtualFilterChain.doFilter(FilterChainProxy.java:380)
	at org.springframework.security.web.context.SecurityContextHolderFilter.doFilter(SecurityContextHolderFilter.java:82)
	at org.springframework.security.web.context.SecurityContextHolderFilter.doFilter(SecurityContextHolderFilter.java:69)
	at org.springframework.security.web.FilterChainProxy$VirtualFilterChain.doFilter(FilterChainProxy.java:380)
	at org.springframework.security.web.context.request.async.WebAsyncManagerIntegrationFilter.doFilterInternal(WebAsyncManagerIntegrationFilter.java:62)
	at org.springframework.web.filter.OncePerRequestFilter.doFilter(OncePerRequestFilter.java:116)
	at org.springframework.security.web.FilterChainProxy$VirtualFilterChain.doFilter(FilterChainProxy.java:380)
	at org.springframework.security.web.session.DisableEncodeUrlFilter.doFilterInternal(DisableEncodeUrlFilter.java:42)
	at org.springframework.web.filter.OncePerRequestFilter.doFilter(OncePerRequestFilter.java:116)
	at org.springframework.security.web.FilterChainProxy$VirtualFilterChain.doFilter(FilterChainProxy.java:380)
	at org.springframework.security.web.FilterChainProxy.doFilterInternal(FilterChainProxy.java:237)
	at org.springframework.security.web.FilterChainProxy.doFilter(FilterChainProxy.java:195)
	at org.springframework.web.filter.CompositeFilter$VirtualFilterChain.doFilter(CompositeFilter.java:113)
	at org.springframework.web.filter.ServletRequestPathFilter.doFilter(ServletRequestPathFilter.java:52)
	at org.springframework.web.filter.CompositeFilter$VirtualFilterChain.doFilter(CompositeFilter.java:113)
	at org.springframework.web.filter.CompositeFilter.doFilter(CompositeFilter.java:74)
	at org.springframework.security.config.annotation.web.configuration.WebSecurityConfiguration$CompositeFilterChainProxy.doFilter(WebSecurityConfiguration.java:317)
	at org.springframework.web.filter.DelegatingFilterProxy.invokeDelegate(DelegatingFilterProxy.java:355)
	at org.springframework.web.filter.DelegatingFilterProxy.doFilter(DelegatingFilterProxy.java:272)
	at org.springframework.test.web.servlet.setup.MockMvcFilterDecorator.doFilter(MockMvcFilterDecorator.java:160)
	at org.springframework.mock.web.MockFilterChain.doFilter(MockFilterChain.java:127)
	at org.springframework.web.filter.RequestContextFilter.doFilterInternal(RequestContextFilter.java:100)
	at org.springframework.web.filter.OncePerRequestFilter.doFilter(OncePerRequestFilter.java:116)
	at org.springframework.test.web.servlet.setup.MockMvcFilterDecorator.doFilter(MockMvcFilterDecorator.java:160)
	at org.springframework.mock.web.MockFilterChain.doFilter(MockFilterChain.java:127)
	at org.springframework.web.filter.FormContentFilter.doFilterInternal(FormContentFilter.java:93)
	at org.springframework.web.filter.OncePerRequestFilter.doFilter(OncePerRequestFilter.java:116)
	at org.springframework.test.web.servlet.setup.MockMvcFilterDecorator.doFilter(MockMvcFilterDecorator.java:160)
	at org.springframework.mock.web.MockFilterChain.doFilter(MockFilterChain.java:127)
	at org.springframework.web.filter.CharacterEncodingFilter.doFilterInternal(CharacterEncodingFilter.java:199)
	at org.springframework.web.filter.OncePerRequestFilter.doFilter(OncePerRequestFilter.java:116)
	at org.springframework.test.web.servlet.setup.MockMvcFilterDecorator.doFilter(MockMvcFilterDecorator.java:160)
	at org.springframework.mock.web.MockFilterChain.doFilter(MockFilterChain.java:127)
	at org.springframework.test.web.servlet.MockMvc.perform(MockMvc.java:199)
	at com.example.springjpalab.controller.RestaurantIntegrationTest.GET РІСЃРµ СЂРµСЃС‚РѕСЂР°РЅС‹ РІРѕР·РІСЂР°С‰Р°РµС‚ 200 Рё РјР°СЃСЃРёРІ(RestaurantIntegrationTest.kt:128)
	at java.base/jdk.internal.reflect.DirectMethodHandleAccessor.invoke(DirectMethodHandleAccessor.java:103)
	at java.base/java.lang.reflect.Method.invoke(Method.java:580)
	at org.junit.platform.commons.util.ReflectionUtils.invokeMethod(ReflectionUtils.java:701)
	at org.junit.platform.commons.support.ReflectionSupport.invokeMethod(ReflectionSupport.java:502)
	at org.junit.jupiter.engine.support.MethodReflectionUtils.invoke(MethodReflectionUtils.java:45)
	at org.junit.jupiter.engine.execution.MethodInvocation.proceed(MethodInvocation.java:61)
	at org.junit.jupiter.engine.execution.InvocationInterceptorChain$ValidatingInvocation.proceed(InvocationInterceptorChain.java:124)
	at org.junit.jupiter.engine.extension.TimeoutExtension.intercept(TimeoutExtension.java:163)
	at org.junit.jupiter.engine.extension.TimeoutExtension.interceptTestableMethod(TimeoutExtension.java:148)
	at org.junit.jupiter.engine.extension.TimeoutExtension.interceptTestMethod(TimeoutExtension.java:86)
	at org.junit.jupiter.engine.execution.InterceptingExecutableInvoker$ReflectiveInterceptorCall.lambda$ofVoidMethod$0(InterceptingExecutableInvoker.java:123)
	at org.junit.jupiter.engine.execution.InterceptingExecutableInvoker.lambda$invoke$0(InterceptingExecutableInvoker.java:105)
	at org.junit.jupiter.engine.execution.InvocationInterceptorChain$InterceptedInvocation.proceed(InvocationInterceptorChain.java:99)
	at org.junit.jupiter.engine.execution.InvocationInterceptorChain.proceed(InvocationInterceptorChain.java:66)
	at org.junit.jupiter.engine.execution.InvocationInterceptorChain.chainAndInvoke(InvocationInterceptorChain.java:47)
	at org.junit.jupiter.engine.execution.InvocationInterceptorChain.invoke(InvocationInterceptorChain.java:39)
	at org.junit.jupiter.engine.execution.InterceptingExecutableInvoker.invoke(InterceptingExecutableInvoker.java:104)
	at org.junit.jupiter.engine.execution.InterceptingExecutableInvoker.invoke(InterceptingExecutableInvoker.java:98)
	at org.junit.jupiter.engine.execution.InterceptingExecutableInvoker.invokeVoid(InterceptingExecutableInvoker.java:71)
	at org.junit.jupiter.engine.descriptor.TestMethodTestDescriptor.lambda$invokeTestMethod$0(TestMethodTestDescriptor.java:219)
	at org.junit.platform.engine.support.hierarchical.ThrowableCollector.execute(ThrowableCollector.java:74)
	at org.junit.jupiter.engine.descriptor.TestMethodTestDescriptor.invokeTestMethod(TestMethodTestDescriptor.java:215)
	at org.junit.jupiter.engine.descriptor.TestMethodTestDescriptor.execute(TestMethodTestDescriptor.java:157)
	at org.junit.jupiter.engine.descriptor.TestMethodTestDescriptor.execute(TestMethodTestDescriptor.java:70)
	at org.junit.platform.engine.support.hierarchical.NodeTestTask.lambda$executeRecursively$2(NodeTestTask.java:176)
	at org.junit.platform.engine.support.hierarchical.ThrowableCollector.execute(ThrowableCollector.java:74)
	at org.junit.platform.engine.support.hierarchical.NodeTestTask.lambda$executeRecursively$1(NodeTestTask.java:166)
	at org.junit.platform.engine.support.hierarchical.Node.around(Node.java:138)
	at org.junit.platform.engine.support.hierarchical.NodeTestTask.lambda$executeRecursively$0(NodeTestTask.java:164)
	at org.junit.platform.engine.support.hierarchical.ThrowableCollector.execute(ThrowableCollector.java:74)
	at org.junit.platform.engine.support.hierarchical.NodeTestTask.executeRecursively(NodeTestTask.java:163)
	at org.junit.platform.engine.support.hierarchical.NodeTestTask.execute(NodeTestTask.java:116)
	at java.base/java.util.ArrayList.forEach(ArrayList.java:1596)
	at org.junit.platform.engine.support.hierarchical.SameThreadHierarchicalTestExecutorService.invokeAll(SameThreadHierarchicalTestExecutorService.java:42)
	at org.junit.platform.engine.support.hierarchical.NodeTestTask.lambda$executeRecursively$2(NodeTestTask.java:180)
	at org.junit.platform.engine.support.hierarchical.ThrowableCollector.execute(ThrowableCollector.java:74)
	at org.junit.platform.engine.support.hierarchical.NodeTestTask.lambda$executeRecursively$1(NodeTestTask.java:166)
	at org.junit.platform.engine.support.hierarchical.Node.around(Node.java:138)
	at org.junit.platform.engine.support.hierarchical.NodeTestTask.lambda$executeRecursively$0(NodeTestTask.java:164)
	at org.junit.platform.engine.support.hierarchical.ThrowableCollector.execute(ThrowableCollector.java:74)
	at org.junit.platform.engine.support.hierarchical.NodeTestTask.executeRecursively(NodeTestTask.java:163)
	at org.junit.platform.engine.support.hierarchical.NodeTestTask.execute(NodeTestTask.java:116)
	at java.base/java.util.ArrayList.forEach(ArrayList.java:1596)
	at org.junit.platform.engine.support.hierarchical.SameThreadHierarchicalTestExecutorService.invokeAll(SameThreadHierarchicalTestExecutorService.java:42)
	at org.junit.platform.engine.support.hierarchical.NodeTestTask.lambda$executeRecursively$2(NodeTestTask.java:180)
	at org.junit.platform.engine.support.hierarchical.ThrowableCollector.execute(ThrowableCollector.java:74)
	at org.junit.platform.engine.support.hierarchical.NodeTestTask.lambda$executeRecursively$1(NodeTestTask.java:166)
	at org.junit.platform.engine.support.hierarchical.Node.around(Node.java:138)
	at org.junit.platform.engine.support.hierarchical.NodeTestTask.lambda$executeRecursively$0(NodeTestTask.java:164)
	at org.junit.platform.engine.support.hierarchical.ThrowableCollector.execute(ThrowableCollector.java:74)
	at org.junit.platform.engine.support.hierarchical.NodeTestTask.executeRecursively(NodeTestTask.java:163)
	at org.junit.platform.engine.support.hierarchical.NodeTestTask.execute(NodeTestTask.java:116)
	at org.junit.platform.engine.support.hierarchical.SameThreadHierarchicalTestExecutorService.submit(SameThreadHierarchicalTestExecutorService.java:36)
	at org.junit.platform.engine.support.hierarchical.HierarchicalTestExecutor.execute(HierarchicalTestExecutor.java:52)
	at org.junit.platform.engine.support.hierarchical.HierarchicalTestEngine.execute(HierarchicalTestEngine.java:58)
	at org.junit.platform.launcher.core.EngineExecutionOrchestrator.executeEngine(EngineExecutionOrchestrator.java:246)
	at org.junit.platform.launcher.core.EngineExecutionOrchestrator.failOrExecuteEngine(EngineExecutionOrchestrator.java:218)
	at org.junit.platform.launcher.core.EngineExecutionOrchestrator.execute(EngineExecutionOrchestrator.java:179)
	at org.junit.platform.launcher.core.EngineExecutionOrchestrator.execute(EngineExecutionOrchestrator.java:108)
	at org.junit.platform.launcher.core.EngineExecutionOrchestrator.lambda$execute$0(EngineExecutionOrchestrator.java:66)
	at org.junit.platform.launcher.core.EngineExecutionOrchestrator.withInterceptedStreams(EngineExecutionOrchestrator.java:157)
	at org.junit.platform.launcher.core.EngineExecutionOrchestrator.execute(EngineExecutionOrchestrator.java:65)
	at org.junit.platform.launcher.core.DefaultLauncher.execute(DefaultLauncher.java:125)
	at org.junit.platform.launcher.core.DefaultLauncher.execute(DefaultLauncher.java:114)
	at org.junit.platform.launcher.core.DefaultLauncher.execute(DefaultLauncher.java:93)
	at org.junit.platform.launcher.core.DelegatingLauncher.execute(DelegatingLauncher.java:48)
	at org.junit.platform.launcher.core.InterceptingLauncher.lambda$execute$0(InterceptingLauncher.java:41)
	at org.junit.platform.launcher.core.ClasspathAlignmentCheckingLauncherInterceptor.intercept(ClasspathAlignmentCheckingLauncherInterceptor.java:25)
	at org.junit.platform.launcher.core.InterceptingLauncher.execute(InterceptingLauncher.java:40)
	at org.junit.platform.launcher.core.DelegatingLauncher.execute(DelegatingLauncher.java:48)
	at org.junit.platform.launcher.core.SessionPerRequestLauncher.execute(SessionPerRequestLauncher.java:67)
	at com.intellij.junit6.JUnit6IdeaTestRunner.startRunnerWithArgs(JUnit6IdeaTestRunner.java:67)
	at com.intellij.rt.junit.IdeaTestRunner$Repeater$1.execute(IdeaTestRunner.java:38)
	at com.intellij.rt.execution.junit.TestsRepeater.repeat(TestsRepeater.java:11)
	at com.intellij.rt.junit.IdeaTestRunner$Repeater.startRunnerWithArgs(IdeaTestRunner.java:35)
	at com.intellij.rt.junit.JUnitStarter.prepareStreamsAndStart(JUnitStarter.java:237)
	at com.intellij.rt.junit.JUnitStarter.main(JUnitStarter.java:58)
Caused by: io.lettuce.core.RedisConnectionException: Unable to connect to redis/<unresolved>:6379
	at io.lettuce.core.RedisConnectionException.create(RedisConnectionException.java:63)
	at io.lettuce.core.RedisConnectionException.create(RedisConnectionException.java:41)
	at io.lettuce.core.AbstractRedisClient.getConnection(AbstractRedisClient.java:352)
	at io.lettuce.core.RedisClient.connect(RedisClient.java:220)
	at org.springframework.data.redis.connection.lettuce.StandaloneConnectionProvider.lambda$getConnection$1(StandaloneConnectionProvider.java:113)
	at java.base/java.util.Optional.orElseGet(Optional.java:364)
	at org.springframework.data.redis.connection.lettuce.StandaloneConnectionProvider.getConnection(StandaloneConnectionProvider.java:113)
	at org.springframework.data.redis.connection.lettuce.LettuceConnectionFactory$ExceptionTranslatingConnectionProvider.getConnection(LettuceConnectionFactory.java:1797)
	... 194 common frames omitted
Caused by: java.net.UnknownHostException: Failed to resolve 'redis' [A(1), AAAA(28)] after 4 queries 
	at io.netty.resolver.dns.DnsResolveContext.finishResolve(DnsResolveContext.java:1137)
	at io.netty.resolver.dns.DnsResolveContext.tryToFinishResolve(DnsResolveContext.java:1084)
	at io.netty.resolver.dns.DnsResolveContext.query(DnsResolveContext.java:443)
	at io.netty.resolver.dns.DnsResolveContext.access$700(DnsResolveContext.java:69)
	at io.netty.resolver.dns.DnsResolveContext$2.operationComplete(DnsResolveContext.java:512)
	at io.netty.util.concurrent.DefaultPromise.notifyListener0(DefaultPromise.java:604)
	at io.netty.util.concurrent.DefaultPromise.notifyListeners0(DefaultPromise.java:597)
	at io.netty.util.concurrent.DefaultPromise.notifyListenersNow(DefaultPromise.java:573)
	at io.netty.util.concurrent.DefaultPromise.notifyListeners(DefaultPromise.java:506)
	at io.netty.util.concurrent.DefaultPromise.setValue0(DefaultPromise.java:650)
	at io.netty.util.concurrent.DefaultPromise.setFailure0(DefaultPromise.java:643)
	at io.netty.util.concurrent.DefaultPromise.tryFailure(DefaultPromise.java:132)
	at io.netty.resolver.dns.DnsQueryContext.finishFailure(DnsQueryContext.java:343)
	at io.netty.resolver.dns.DnsQueryContext$4.run(DnsQueryContext.java:278)
	at io.netty.util.concurrent.PromiseTask.runTask(PromiseTask.java:98)
	at io.netty.util.concurrent.ScheduledFutureTask.run(ScheduledFutureTask.java:160)
	at io.netty.util.concurrent.AbstractEventExecutor.runTask(AbstractEventExecutor.java:148)
	at io.netty.util.concurrent.AbstractEventExecutor.safeExecute$$$capture(AbstractEventExecutor.java:141)
	at io.netty.util.concurrent.AbstractEventExecutor.safeExecute(AbstractEventExecutor.java)
	at io.netty.util.concurrent.SingleThreadEventExecutor.runAllTasks(SingleThreadEventExecutor.java:535)
	at io.netty.channel.SingleThreadIoEventLoop.run(SingleThreadIoEventLoop.java:201)
	at io.netty.util.concurrent.SingleThreadEventExecutor$5.run(SingleThreadEventExecutor.java:1193)
	at io.netty.util.internal.ThreadExecutorMap$2.run(ThreadExecutorMap.java:74)
	at io.netty.util.concurrent.FastThreadLocalRunnable.run(FastThreadLocalRunnable.java:30)
	at java.base/java.lang.Thread.run(Thread.java:1583)
Caused by: io.netty.resolver.dns.DnsNameResolverTimeoutException: [14338: /192.168.0.1:53] DefaultDnsQuestion(redis. IN AAAA) query '14338' via UDP timed out after 5000 milliseconds (no stack trace available)
2026-05-03 18:08:48.751 [main] WARN  c.e.s.a.i.h.GlobalExceptionHandler - MethodArgumentNotValidException: Validation failed for argument [0] in public org.springframework.http.ResponseEntity<com.example.springjpalab.adapter.input.dto.restaurant.RestaurantResponse> com.example.springjpalab.adapter.input.controller.RestaurantController.createRestaurant(com.example.springjpalab.adapter.input.dto.restaurant.RestaurantCreateRequest) with 2 errors: [Field error in object 'restaurantCreateRequest' on field 'address': rejected value []; codes [NotBlank.restaurantCreateRequest.address,NotBlank.address,NotBlank.java.lang.String,NotBlank]; arguments [org.springframework.context.support.DefaultMessageSourceResolvable: codes [restaurantCreateRequest.address,address]; arguments []; default message [address]]; default message [Address cannot be blank]] [Field error in object 'restaurantCreateRequest' on field 'address': rejected value []; codes [Size.restaurantCreateRequest.address,Size.address,Size.java.lang.String,Size]; arguments [org.springframework.context.support.DefaultMessageSourceResolvable: codes [restaurantCreateRequest.address,address]; arguments []; default message [address],2147483647,1]; default message [Address must be at least 1 character]] 
2026-05-03 18:08:48.775 [main] WARN  c.e.s.a.i.h.GlobalExceptionHandler - HttpMessageNotReadableException (invalid request body)
org.springframework.http.converter.HttpMessageNotReadableException: JSON parse error: Cannot construct instance of `com.example.springjpalab.adapter.input.dto.restaurant.RestaurantCreateRequest`, problem: Parameter specified as non-null is null: method com.example.springjpalab.adapter.input.dto.restaurant.RestaurantCreateRequest.<init>, parameter name
	at org.springframework.http.converter.AbstractJacksonHttpMessageConverter.readJavaType(AbstractJacksonHttpMessageConverter.java:366)
	at org.springframework.http.converter.AbstractJacksonHttpMessageConverter.read(AbstractJacksonHttpMessageConverter.java:322)
	at org.springframework.web.servlet.mvc.method.annotation.AbstractMessageConverterMethodArgumentResolver.readWithMessageConverters(AbstractMessageConverterMethodArgumentResolver.java:203)
	at org.springframework.web.servlet.mvc.method.annotation.RequestResponseBodyMethodProcessor.readWithMessageConverters(RequestResponseBodyMethodProcessor.java:175)
	at org.springframework.web.servlet.mvc.method.annotation.RequestResponseBodyMethodProcessor.resolveArgument(RequestResponseBodyMethodProcessor.java:150)
	at org.springframework.web.method.support.HandlerMethodArgumentResolverComposite.resolveArgument(HandlerMethodArgumentResolverComposite.java:122)
	at org.springframework.web.method.support.InvocableHandlerMethod.getMethodArgumentValues(InvocableHandlerMethod.java:230)
	at org.springframework.web.method.support.InvocableHandlerMethod.invokeForRequest(InvocableHandlerMethod.java:180)
	at org.springframework.web.servlet.mvc.method.annotation.ServletInvocableHandlerMethod.invokeAndHandle(ServletInvocableHandlerMethod.java:117)
	at org.springframework.web.servlet.mvc.method.annotation.RequestMappingHandlerAdapter.invokeHandlerMethod(RequestMappingHandlerAdapter.java:934)
	at org.springframework.web.servlet.mvc.method.annotation.RequestMappingHandlerAdapter.handleInternal(RequestMappingHandlerAdapter.java:853)
	at org.springframework.web.servlet.mvc.method.AbstractHandlerMethodAdapter.handle(AbstractHandlerMethodAdapter.java:86)
	at org.springframework.web.servlet.DispatcherServlet.doDispatch(DispatcherServlet.java:963)
	at org.springframework.web.servlet.DispatcherServlet.doService(DispatcherServlet.java:866)
	at org.springframework.web.servlet.FrameworkServlet.processRequest(FrameworkServlet.java:1003)
	at org.springframework.web.servlet.FrameworkServlet.doPost(FrameworkServlet.java:903)
	at jakarta.servlet.http.HttpServlet.service(HttpServlet.java:649)
	at org.springframework.web.servlet.FrameworkServlet.service(FrameworkServlet.java:874)
	at org.springframework.test.web.servlet.TestDispatcherServlet.service(TestDispatcherServlet.java:72)
	at jakarta.servlet.http.HttpServlet.service(HttpServlet.java:710)
	at org.springframework.mock.web.MockFilterChain$ServletFilterProxy.doFilter(MockFilterChain.java:160)
	at org.springframework.mock.web.MockFilterChain.doFilter(MockFilterChain.java:127)
	at org.springframework.web.filter.OncePerRequestFilter.doFilter(OncePerRequestFilter.java:110)
	at org.springframework.test.web.servlet.setup.MockMvcFilterDecorator.doFilter(MockMvcFilterDecorator.java:160)
	at org.springframework.mock.web.MockFilterChain.doFilter(MockFilterChain.java:127)
	at org.springframework.web.filter.CompositeFilter$VirtualFilterChain.doFilter(CompositeFilter.java:108)
	at org.springframework.security.web.FilterChainProxy.lambda$doFilterInternal$3(FilterChainProxy.java:235)
	at org.springframework.security.web.FilterChainProxy$VirtualFilterChain.doFilter(FilterChainProxy.java:371)
	at org.springframework.security.web.access.intercept.AuthorizationFilter.doFilter(AuthorizationFilter.java:101)
	at org.springframework.security.web.FilterChainProxy$VirtualFilterChain.doFilter(FilterChainProxy.java:380)
	at org.springframework.security.web.access.ExceptionTranslationFilter.doFilter(ExceptionTranslationFilter.java:126)
	at org.springframework.security.web.access.ExceptionTranslationFilter.doFilter(ExceptionTranslationFilter.java:120)
	at org.springframework.security.web.FilterChainProxy$VirtualFilterChain.doFilter(FilterChainProxy.java:380)
	at org.springframework.security.web.session.SessionManagementFilter.doFilter(SessionManagementFilter.java:132)
	at org.springframework.security.web.session.SessionManagementFilter.doFilter(SessionManagementFilter.java:86)
	at org.springframework.security.web.FilterChainProxy$VirtualFilterChain.doFilter(FilterChainProxy.java:380)
	at org.springframework.security.web.authentication.AnonymousAuthenticationFilter.doFilter(AnonymousAuthenticationFilter.java:100)
	at org.springframework.security.web.FilterChainProxy$VirtualFilterChain.doFilter(FilterChainProxy.java:380)
	at org.springframework.security.web.servletapi.SecurityContextHolderAwareRequestFilter.doFilter(SecurityContextHolderAwareRequestFilter.java:181)
	at org.springframework.security.web.FilterChainProxy$VirtualFilterChain.doFilter(FilterChainProxy.java:380)
	at org.springframework.security.web.savedrequest.RequestCacheAwareFilter.doFilter(RequestCacheAwareFilter.java:63)
	at org.springframework.security.web.FilterChainProxy$VirtualFilterChain.doFilter(FilterChainProxy.java:380)
	at com.example.springjpalab.security.JwtAuthenticationFilter.doFilterInternal(JwtAuthenticationFilter.kt:29)
	at org.springframework.web.filter.OncePerRequestFilter.doFilter(OncePerRequestFilter.java:116)
	at org.springframework.security.web.FilterChainProxy$VirtualFilterChain.doFilter(FilterChainProxy.java:380)
	at org.springframework.security.web.authentication.logout.LogoutFilter.doFilter(LogoutFilter.java:110)
	at org.springframework.security.web.authentication.logout.LogoutFilter.doFilter(LogoutFilter.java:96)
	at org.springframework.security.web.FilterChainProxy$VirtualFilterChain.doFilter(FilterChainProxy.java:380)
	at org.springframework.security.web.header.HeaderWriterFilter.doHeadersAfter(HeaderWriterFilter.java:90)
	at org.springframework.security.web.header.HeaderWriterFilter.doFilterInternal(HeaderWriterFilter.java:75)
	at org.springframework.web.filter.OncePerRequestFilter.doFilter(OncePerRequestFilter.java:116)
	at org.springframework.security.web.FilterChainProxy$VirtualFilterChain.doFilter(FilterChainProxy.java:380)
	at org.springframework.security.web.context.SecurityContextHolderFilter.doFilter(SecurityContextHolderFilter.java:82)
	at org.springframework.security.web.context.SecurityContextHolderFilter.doFilter(SecurityContextHolderFilter.java:69)
	at org.springframework.security.web.FilterChainProxy$VirtualFilterChain.doFilter(FilterChainProxy.java:380)
	at org.springframework.security.web.context.request.async.WebAsyncManagerIntegrationFilter.doFilterInternal(WebAsyncManagerIntegrationFilter.java:62)
	at org.springframework.web.filter.OncePerRequestFilter.doFilter(OncePerRequestFilter.java:116)
	at org.springframework.security.web.FilterChainProxy$VirtualFilterChain.doFilter(FilterChainProxy.java:380)
	at org.springframework.security.web.session.DisableEncodeUrlFilter.doFilterInternal(DisableEncodeUrlFilter.java:42)
	at org.springframework.web.filter.OncePerRequestFilter.doFilter(OncePerRequestFilter.java:116)
	at org.springframework.security.web.FilterChainProxy$VirtualFilterChain.doFilter(FilterChainProxy.java:380)
	at org.springframework.security.web.FilterChainProxy.doFilterInternal(FilterChainProxy.java:237)
	at org.springframework.security.web.FilterChainProxy.doFilter(FilterChainProxy.java:195)
	at org.springframework.web.filter.CompositeFilter$VirtualFilterChain.doFilter(CompositeFilter.java:113)
	at org.springframework.web.filter.ServletRequestPathFilter.doFilter(ServletRequestPathFilter.java:52)
	at org.springframework.web.filter.CompositeFilter$VirtualFilterChain.doFilter(CompositeFilter.java:113)
	at org.springframework.web.filter.CompositeFilter.doFilter(CompositeFilter.java:74)
	at org.springframework.security.config.annotation.web.configuration.WebSecurityConfiguration$CompositeFilterChainProxy.doFilter(WebSecurityConfiguration.java:317)
	at org.springframework.web.filter.DelegatingFilterProxy.invokeDelegate(DelegatingFilterProxy.java:355)
	at org.springframework.web.filter.DelegatingFilterProxy.doFilter(DelegatingFilterProxy.java:272)
	at org.springframework.test.web.servlet.setup.MockMvcFilterDecorator.doFilter(MockMvcFilterDecorator.java:160)
	at org.springframework.mock.web.MockFilterChain.doFilter(MockFilterChain.java:127)
	at org.springframework.web.filter.RequestContextFilter.doFilterInternal(RequestContextFilter.java:100)
	at org.springframework.web.filter.OncePerRequestFilter.doFilter(OncePerRequestFilter.java:116)
	at org.springframework.test.web.servlet.setup.MockMvcFilterDecorator.doFilter(MockMvcFilterDecorator.java:160)
	at org.springframework.mock.web.MockFilterChain.doFilter(MockFilterChain.java:127)
	at org.springframework.web.filter.FormContentFilter.doFilterInternal(FormContentFilter.java:93)
	at org.springframework.web.filter.OncePerRequestFilter.doFilter(OncePerRequestFilter.java:116)
	at org.springframework.test.web.servlet.setup.MockMvcFilterDecorator.doFilter(MockMvcFilterDecorator.java:160)
	at org.springframework.mock.web.MockFilterChain.doFilter(MockFilterChain.java:127)
	at org.springframework.web.filter.CharacterEncodingFilter.doFilterInternal(CharacterEncodingFilter.java:199)
	at org.springframework.web.filter.OncePerRequestFilter.doFilter(OncePerRequestFilter.java:116)
	at org.springframework.test.web.servlet.setup.MockMvcFilterDecorator.doFilter(MockMvcFilterDecorator.java:160)
	at org.springframework.mock.web.MockFilterChain.doFilter(MockFilterChain.java:127)
	at org.springframework.test.web.servlet.MockMvc.perform(MockMvc.java:199)
	at com.example.springjpalab.controller.RestaurantIntegrationTest.POST restaurant СЃ РЅРµРІР°Р»РёРґРЅС‹Рј body РІРѕР·РІСЂР°С‰Р°РµС‚ 400(RestaurantIntegrationTest.kt:117)
	at java.base/jdk.internal.reflect.DirectMethodHandleAccessor.invoke(DirectMethodHandleAccessor.java:103)
	at java.base/java.lang.reflect.Method.invoke(Method.java:580)
	at org.junit.platform.commons.util.ReflectionUtils.invokeMethod(ReflectionUtils.java:701)
	at org.junit.platform.commons.support.ReflectionSupport.invokeMethod(ReflectionSupport.java:502)
	at org.junit.jupiter.engine.support.MethodReflectionUtils.invoke(MethodReflectionUtils.java:45)
	at org.junit.jupiter.engine.execution.MethodInvocation.proceed(MethodInvocation.java:61)
	at org.junit.jupiter.engine.execution.InvocationInterceptorChain$ValidatingInvocation.proceed(InvocationInterceptorChain.java:124)
	at org.junit.jupiter.engine.extension.TimeoutExtension.intercept(TimeoutExtension.java:163)
	at org.junit.jupiter.engine.extension.TimeoutExtension.interceptTestableMethod(TimeoutExtension.java:148)
	at org.junit.jupiter.engine.extension.TimeoutExtension.interceptTestMethod(TimeoutExtension.java:86)
	at org.junit.jupiter.engine.execution.InterceptingExecutableInvoker$ReflectiveInterceptorCall.lambda$ofVoidMethod$0(InterceptingExecutableInvoker.java:123)
	at org.junit.jupiter.engine.execution.InterceptingExecutableInvoker.lambda$invoke$0(InterceptingExecutableInvoker.java:105)
	at org.junit.jupiter.engine.execution.InvocationInterceptorChain$InterceptedInvocation.proceed(InvocationInterceptorChain.java:99)
	at org.junit.jupiter.engine.execution.InvocationInterceptorChain.proceed(InvocationInterceptorChain.java:66)
	at org.junit.jupiter.engine.execution.InvocationInterceptorChain.chainAndInvoke(InvocationInterceptorChain.java:47)
	at org.junit.jupiter.engine.execution.InvocationInterceptorChain.invoke(InvocationInterceptorChain.java:39)
	at org.junit.jupiter.engine.execution.InterceptingExecutableInvoker.invoke(InterceptingExecutableInvoker.java:104)
	at org.junit.jupiter.engine.execution.InterceptingExecutableInvoker.invoke(InterceptingExecutableInvoker.java:98)
	at org.junit.jupiter.engine.execution.InterceptingExecutableInvoker.invokeVoid(InterceptingExecutableInvoker.java:71)
	at org.junit.jupiter.engine.descriptor.TestMethodTestDescriptor.lambda$invokeTestMethod$0(TestMethodTestDescriptor.java:219)
	at org.junit.platform.engine.support.hierarchical.ThrowableCollector.execute(ThrowableCollector.java:74)
	at org.junit.jupiter.engine.descriptor.TestMethodTestDescriptor.invokeTestMethod(TestMethodTestDescriptor.java:215)
	at org.junit.jupiter.engine.descriptor.TestMethodTestDescriptor.execute(TestMethodTestDescriptor.java:157)
	at org.junit.jupiter.engine.descriptor.TestMethodTestDescriptor.execute(TestMethodTestDescriptor.java:70)
	at org.junit.platform.engine.support.hierarchical.NodeTestTask.lambda$executeRecursively$2(NodeTestTask.java:176)
	at org.junit.platform.engine.support.hierarchical.ThrowableCollector.execute(ThrowableCollector.java:74)
	at org.junit.platform.engine.support.hierarchical.NodeTestTask.lambda$executeRecursively$1(NodeTestTask.java:166)
	at org.junit.platform.engine.support.hierarchical.Node.around(Node.java:138)
	at org.junit.platform.engine.support.hierarchical.NodeTestTask.lambda$executeRecursively$0(NodeTestTask.java:164)
	at org.junit.platform.engine.support.hierarchical.ThrowableCollector.execute(ThrowableCollector.java:74)
	at org.junit.platform.engine.support.hierarchical.NodeTestTask.executeRecursively(NodeTestTask.java:163)
	at org.junit.platform.engine.support.hierarchical.NodeTestTask.execute(NodeTestTask.java:116)
	at java.base/java.util.ArrayList.forEach(ArrayList.java:1596)
	at org.junit.platform.engine.support.hierarchical.SameThreadHierarchicalTestExecutorService.invokeAll(SameThreadHierarchicalTestExecutorService.java:42)
	at org.junit.platform.engine.support.hierarchical.NodeTestTask.lambda$executeRecursively$2(NodeTestTask.java:180)
	at org.junit.platform.engine.support.hierarchical.ThrowableCollector.execute(ThrowableCollector.java:74)
	at org.junit.platform.engine.support.hierarchical.NodeTestTask.lambda$executeRecursively$1(NodeTestTask.java:166)
	at org.junit.platform.engine.support.hierarchical.Node.around(Node.java:138)
	at org.junit.platform.engine.support.hierarchical.NodeTestTask.lambda$executeRecursively$0(NodeTestTask.java:164)
	at org.junit.platform.engine.support.hierarchical.ThrowableCollector.execute(ThrowableCollector.java:74)
	at org.junit.platform.engine.support.hierarchical.NodeTestTask.executeRecursively(NodeTestTask.java:163)
	at org.junit.platform.engine.support.hierarchical.NodeTestTask.execute(NodeTestTask.java:116)
	at java.base/java.util.ArrayList.forEach(ArrayList.java:1596)
	at org.junit.platform.engine.support.hierarchical.SameThreadHierarchicalTestExecutorService.invokeAll(SameThreadHierarchicalTestExecutorService.java:42)
	at org.junit.platform.engine.support.hierarchical.NodeTestTask.lambda$executeRecursively$2(NodeTestTask.java:180)
	at org.junit.platform.engine.support.hierarchical.ThrowableCollector.execute(ThrowableCollector.java:74)
	at org.junit.platform.engine.support.hierarchical.NodeTestTask.lambda$executeRecursively$1(NodeTestTask.java:166)
	at org.junit.platform.engine.support.hierarchical.Node.around(Node.java:138)
	at org.junit.platform.engine.support.hierarchical.NodeTestTask.lambda$executeRecursively$0(NodeTestTask.java:164)
	at org.junit.platform.engine.support.hierarchical.ThrowableCollector.execute(ThrowableCollector.java:74)
	at org.junit.platform.engine.support.hierarchical.NodeTestTask.executeRecursively(NodeTestTask.java:163)
	at org.junit.platform.engine.support.hierarchical.NodeTestTask.execute(NodeTestTask.java:116)
	at org.junit.platform.engine.support.hierarchical.SameThreadHierarchicalTestExecutorService.submit(SameThreadHierarchicalTestExecutorService.java:36)
	at org.junit.platform.engine.support.hierarchical.HierarchicalTestExecutor.execute(HierarchicalTestExecutor.java:52)
	at org.junit.platform.engine.support.hierarchical.HierarchicalTestEngine.execute(HierarchicalTestEngine.java:58)
	at org.junit.platform.launcher.core.EngineExecutionOrchestrator.executeEngine(EngineExecutionOrchestrator.java:246)
	at org.junit.platform.launcher.core.EngineExecutionOrchestrator.failOrExecuteEngine(EngineExecutionOrchestrator.java:218)
	at org.junit.platform.launcher.core.EngineExecutionOrchestrator.execute(EngineExecutionOrchestrator.java:179)
	at org.junit.platform.launcher.core.EngineExecutionOrchestrator.execute(EngineExecutionOrchestrator.java:108)
	at org.junit.platform.launcher.core.EngineExecutionOrchestrator.lambda$execute$0(EngineExecutionOrchestrator.java:66)
	at org.junit.platform.launcher.core.EngineExecutionOrchestrator.withInterceptedStreams(EngineExecutionOrchestrator.java:157)
	at org.junit.platform.launcher.core.EngineExecutionOrchestrator.execute(EngineExecutionOrchestrator.java:65)
	at org.junit.platform.launcher.core.DefaultLauncher.execute(DefaultLauncher.java:125)
	at org.junit.platform.launcher.core.DefaultLauncher.execute(DefaultLauncher.java:114)
	at org.junit.platform.launcher.core.DefaultLauncher.execute(DefaultLauncher.java:93)
	at org.junit.platform.launcher.core.DelegatingLauncher.execute(DelegatingLauncher.java:48)
	at org.junit.platform.launcher.core.InterceptingLauncher.lambda$execute$0(InterceptingLauncher.java:41)
	at org.junit.platform.launcher.core.ClasspathAlignmentCheckingLauncherInterceptor.intercept(ClasspathAlignmentCheckingLauncherInterceptor.java:25)
	at org.junit.platform.launcher.core.InterceptingLauncher.execute(InterceptingLauncher.java:40)
	at org.junit.platform.launcher.core.DelegatingLauncher.execute(DelegatingLauncher.java:48)
	at org.junit.platform.launcher.core.SessionPerRequestLauncher.execute(SessionPerRequestLauncher.java:67)
	at com.intellij.junit6.JUnit6IdeaTestRunner.startRunnerWithArgs(JUnit6IdeaTestRunner.java:67)
	at com.intellij.rt.junit.IdeaTestRunner$Repeater$1.execute(IdeaTestRunner.java:38)
	at com.intellij.rt.execution.junit.TestsRepeater.repeat(TestsRepeater.java:11)
	at com.intellij.rt.junit.IdeaTestRunner$Repeater.startRunnerWithArgs(IdeaTestRunner.java:35)
	at com.intellij.rt.junit.JUnitStarter.prepareStreamsAndStart(JUnitStarter.java:237)
	at com.intellij.rt.junit.JUnitStarter.main(JUnitStarter.java:58)
Caused by: tools.jackson.databind.exc.ValueInstantiationException: Cannot construct instance of `com.example.springjpalab.adapter.input.dto.restaurant.RestaurantCreateRequest`, problem: Parameter specified as non-null is null: method com.example.springjpalab.adapter.input.dto.restaurant.RestaurantCreateRequest.<init>, parameter name
 at [Source: REDACTED (`StreamReadFeature.INCLUDE_SOURCE_IN_LOCATION` disabled); byte offset: #1]
	at tools.jackson.databind.exc.ValueInstantiationException.from(ValueInstantiationException.java:44)
	at tools.jackson.databind.DeserializationContext.instantiationException(DeserializationContext.java:2080)
	at tools.jackson.databind.deser.std.StdValueInstantiator.wrapAsDatabindException(StdValueInstantiator.java:581)
	at tools.jackson.databind.deser.std.StdValueInstantiator.rewrapCtorProblem(StdValueInstantiator.java:602)
	at tools.jackson.databind.deser.std.StdValueInstantiator.createFromObjectWith(StdValueInstantiator.java:289)
	at tools.jackson.databind.deser.ValueInstantiator.createFromObjectWith(ValueInstantiator.java:270)
	at tools.jackson.databind.deser.bean.PropertyBasedCreator.build(PropertyBasedCreator.java:252)
	at tools.jackson.databind.deser.bean.BeanDeserializer._deserializeUsingPropertyBased(BeanDeserializer.java:697)
	at tools.jackson.databind.deser.bean.BeanDeserializerBase.deserializeFromObjectUsingNonDefault(BeanDeserializerBase.java:1417)
	at tools.jackson.databind.deser.bean.BeanDeserializer.deserializeFromObject(BeanDeserializer.java:480)
	at tools.jackson.databind.deser.bean.BeanDeserializer.deserialize(BeanDeserializer.java:200)
	at tools.jackson.databind.deser.DeserializationContextExt.readRootValue(DeserializationContextExt.java:265)
	at tools.jackson.databind.ObjectReader._bindAndClose(ObjectReader.java:1646)
	at tools.jackson.databind.ObjectReader.readValue(ObjectReader.java:1171)
	at org.springframework.http.converter.AbstractJacksonHttpMessageConverter.readJavaType(AbstractJacksonHttpMessageConverter.java:355)
	... 162 common frames omitted
Caused by: java.lang.NullPointerException: Parameter specified as non-null is null: method com.example.springjpalab.adapter.input.dto.restaurant.RestaurantCreateRequest.<init>, parameter name
	at com.example.springjpalab.adapter.input.dto.restaurant.RestaurantCreateRequest.<init>(RestaurantCreateRequest.kt)
	at java.base/java.lang.invoke.MethodHandle.invokeWithArguments(MethodHandle.java:733)
	at tools.jackson.databind.introspect.AnnotatedConstructor.call(AnnotatedConstructor.java:113)
	at tools.jackson.databind.deser.std.StdValueInstantiator.createFromObjectWith(StdValueInstantiator.java:287)
	... 172 common frames omitted
2026-05-03 18:08:48.804 [main] DEBUG org.hibernate.SQL - select rje1_0.id,rje1_0.address,rje1_0.name from restaurants rje1_0 where rje1_0.name=?
2026-05-03 18:08:48.813 [main] DEBUG org.hibernate.SQL - insert into restaurants (address,name) values (?,?)
2026-05-03 18:08:48.820 [main] INFO  c.e.s.a.service.RestaurantService - РЎРѕР·РґР°РЅ СЂРµСЃС‚РѕСЂР°РЅ: id=5, name=РўРµСЃС‚
2026-05-03 18:08:53.940 [main] DEBUG org.hibernate.SQL - select rje1_0.id,rje1_0.address,rje1_0.name from restaurants rje1_0 where rje1_0.name=?
2026-05-03 18:08:53.945 [main] DEBUG org.hibernate.SQL - insert into restaurants (address,name) values (?,?)
2026-05-03 18:08:53.954 [main] INFO  c.e.s.a.service.RestaurantService - РЎРѕР·РґР°РЅ СЂРµСЃС‚РѕСЂР°РЅ: id=6, name=First1
2026-05-03 18:08:59.060 [main] DEBUG org.hibernate.SQL - select rje1_0.id,rje1_0.address,rje1_0.name from restaurants rje1_0 where rje1_0.name=?
2026-05-03 18:08:59.073 [main] DEBUG org.hibernate.SQL - select d1_0.restaurant_id,d1_0.id,d1_0.description,d1_0.is_available,d1_0.name,d1_0.price from dishes d1_0 where d1_0.restaurant_id=?
2026-05-03 18:08:59.086 [main] WARN  c.e.s.a.service.RestaurantService - Р РµСЃС‚РѕСЂР°РЅ 'First1' СѓР¶Рµ СЃСѓС‰РµСЃС‚РІСѓРµС‚
2026-05-03 18:08:59.088 [main] WARN  c.e.s.a.i.h.GlobalExceptionHandler - Р РµСЃС‚РѕСЂР°РЅ 'First1' СѓР¶Рµ СЃСѓС‰РµСЃС‚РІСѓРµС‚
2026-05-03 18:08:59.107 [main] DEBUG org.hibernate.SQL - select rje1_0.id,rje1_0.address,rje1_0.name from restaurants rje1_0 where rje1_0.name=?
2026-05-03 18:08:59.112 [main] DEBUG org.hibernate.SQL - insert into restaurants (address,name) values (?,?)
2026-05-03 18:08:59.119 [main] INFO  c.e.s.a.service.RestaurantService - РЎРѕР·РґР°РЅ СЂРµСЃС‚РѕСЂР°РЅ: id=7, name=Old Name 1777806539101
2026-05-03 18:09:04.224 [main] INFO  c.e.s.a.service.RestaurantService - РџСЂРѕРјР°С… РєСЌС€Р° restaurants.findById РґР»СЏ id=7: Р·Р°РіСЂСѓР¶Р°РµРј РёР· СЂРµРїРѕР·РёС‚РѕСЂРёСЏ
2026-05-03 18:09:04.236 [main] DEBUG org.hibernate.SQL - select rje1_0.id,rje1_0.address,d1_0.restaurant_id,d1_0.id,d1_0.description,d1_0.is_available,d1_0.name,d1_0.price,rje1_0.name from restaurants rje1_0 left join dishes d1_0 on rje1_0.id=d1_0.restaurant_id where rje1_0.id=?
2026-05-03 18:09:04.292 [main] DEBUG org.hibernate.SQL - update restaurants set address=?,name=? where id=?
2026-05-03 18:09:04.306 [main] INFO  c.e.s.a.service.RestaurantService - РћР±РЅРѕРІР»РµРЅ СЂРµСЃС‚РѕСЂР°РЅ: id=7, name=New Name
2026-05-03 18:09:09.437 [main] DEBUG org.hibernate.SQL - select rje1_0.id,rje1_0.address,rje1_0.name from restaurants rje1_0 where rje1_0.name=?
2026-05-03 18:09:09.441 [main] DEBUG org.hibernate.SQL - insert into restaurants (address,name) values (?,?)
2026-05-03 18:09:09.448 [main] INFO  c.e.s.a.service.RestaurantService - РЎРѕР·РґР°РЅ СЂРµСЃС‚РѕСЂР°РЅ: id=8, name=ToDelete1
2026-05-03 18:09:14.549 [main] DEBUG org.hibernate.SQL - select rje1_0.id,rje1_0.address,rje1_0.name from restaurants rje1_0 where rje1_0.name=?
2026-05-03 18:09:14.554 [main] DEBUG org.hibernate.SQL - insert into restaurants (address,name) values (?,?)
2026-05-03 18:09:14.560 [main] INFO  c.e.s.a.service.RestaurantService - РЎРѕР·РґР°РЅ СЂРµСЃС‚РѕСЂР°РЅ: id=9, name=ToDelete2
2026-05-03 18:09:24.614 [main] DEBUG org.hibernate.SQL - select count(*) from restaurants rje1_0 where rje1_0.id=?
2026-05-03 18:09:24.623 [main] DEBUG org.hibernate.SQL - select rje1_0.id,rje1_0.address,rje1_0.name from restaurants rje1_0 where rje1_0.id=?
2026-05-03 18:09:24.632 [main] DEBUG org.hibernate.SQL - select d1_0.restaurant_id,d1_0.id,d1_0.description,d1_0.is_available,d1_0.name,d1_0.price from dishes d1_0 where d1_0.restaurant_id=?
2026-05-03 18:09:24.645 [main] DEBUG org.hibernate.SQL - delete from restaurants where id=?
2026-05-03 18:09:24.654 [main] INFO  c.e.s.a.service.RestaurantService - РЈРґР°Р»РµРЅ СЂРµСЃС‚РѕСЂР°РЅ: id=8
2026-05-03 18:09:29.746 [main] DEBUG org.hibernate.SQL - select count(*) from restaurants rje1_0 where rje1_0.id=?
2026-05-03 18:09:29.754 [main] DEBUG org.hibernate.SQL - select rje1_0.id,rje1_0.address,rje1_0.name from restaurants rje1_0 where rje1_0.id=?
2026-05-03 18:09:29.758 [main] DEBUG org.hibernate.SQL - select d1_0.restaurant_id,d1_0.id,d1_0.description,d1_0.is_available,d1_0.name,d1_0.price from dishes d1_0 where d1_0.restaurant_id=?
2026-05-03 18:09:29.762 [main] DEBUG org.hibernate.SQL - delete from restaurants where id=?
2026-05-03 18:09:29.767 [main] INFO  c.e.s.a.service.RestaurantService - РЈРґР°Р»РµРЅ СЂРµСЃС‚РѕСЂР°РЅ: id=9
2026-05-03 18:09:39.961 [main] ERROR c.e.s.a.i.h.GlobalExceptionHandler - РќРµРїСЂРµРґРІРёРґРµРЅРЅР°СЏ РѕС€РёР±РєР°
org.springframework.data.redis.RedisConnectionFailureException: Unable to connect to Redis
	at org.springframework.data.redis.connection.lettuce.LettuceConnectionFactory$ExceptionTranslatingConnectionProvider.translateException(LettuceConnectionFactory.java:1868)
	at org.springframework.data.redis.connection.lettuce.LettuceConnectionFactory$ExceptionTranslatingConnectionProvider.getConnection(LettuceConnectionFactory.java:1799)
	at org.springframework.data.redis.connection.lettuce.LettuceConnectionFactory$SharedConnection.getNativeConnection(LettuceConnectionFactory.java:1596)
	at org.springframework.data.redis.connection.lettuce.LettuceConnectionFactory$SharedConnection.lambda$getConnection$0(LettuceConnectionFactory.java:1576)
	at org.springframework.data.redis.connection.lettuce.LettuceConnectionFactory.doInLock(LettuceConnectionFactory.java:1537)
	at org.springframework.data.redis.connection.lettuce.LettuceConnectionFactory$SharedConnection.getConnection(LettuceConnectionFactory.java:1573)
	at org.springframework.data.redis.connection.lettuce.LettuceConnectionFactory.getSharedConnection(LettuceConnectionFactory.java:1258)
	at org.springframework.data.redis.connection.lettuce.LettuceConnectionFactory.getConnection(LettuceConnectionFactory.java:1054)
	at org.springframework.data.redis.cache.DefaultRedisCacheWriter.execute(DefaultRedisCacheWriter.java:539)
	at org.springframework.data.redis.cache.DefaultRedisCacheWriter.get(DefaultRedisCacheWriter.java:245)
	at org.springframework.data.redis.cache.DefaultRedisCacheWriter.get(DefaultRedisCacheWriter.java:236)
	at org.springframework.data.redis.cache.RedisCache.lookup(RedisCache.java:186)
	at org.springframework.cache.support.AbstractValueAdaptingCache.get(AbstractValueAdaptingCache.java:58)
	at org.springframework.cache.interceptor.AbstractCacheInvoker.doGet(AbstractCacheInvoker.java:78)
	at org.springframework.cache.interceptor.CacheAspectSupport.findInCaches(CacheAspectSupport.java:563)
	at org.springframework.cache.interceptor.CacheAspectSupport.findCachedValue(CacheAspectSupport.java:513)
	at org.springframework.cache.interceptor.CacheAspectSupport.execute(CacheAspectSupport.java:438)
	at org.springframework.cache.interceptor.CacheAspectSupport.execute(CacheAspectSupport.java:404)
	at org.springframework.cache.interceptor.CacheInterceptor.invoke(CacheInterceptor.java:64)
	at org.springframework.aop.framework.ReflectiveMethodInvocation.proceed(ReflectiveMethodInvocation.java:179)
	at org.springframework.aop.framework.CglibAopProxy$DynamicAdvisedInterceptor.intercept(CglibAopProxy.java:719)
	at com.example.springjpalab.application.service.RestaurantService$$SpringCGLIB$$0.findById(<generated>)
	at com.example.springjpalab.adapter.input.controller.RestaurantController.getRestaurantById(RestaurantController.kt:195)
	at java.base/jdk.internal.reflect.DirectMethodHandleAccessor.invoke(DirectMethodHandleAccessor.java:103)
	at java.base/java.lang.reflect.Method.invoke(Method.java:580)
	at org.springframework.aop.support.AopUtils.invokeJoinpointUsingReflection(AopUtils.java:359)
	at org.springframework.aop.framework.ReflectiveMethodInvocation.invokeJoinpoint(ReflectiveMethodInvocation.java:190)
	at org.springframework.aop.framework.ReflectiveMethodInvocation.proceed(ReflectiveMethodInvocation.java:158)
	at org.springframework.validation.beanvalidation.MethodValidationInterceptor.invoke(MethodValidationInterceptor.java:171)
	at org.springframework.aop.framework.ReflectiveMethodInvocation.proceed(ReflectiveMethodInvocation.java:179)
	at org.springframework.aop.framework.CglibAopProxy$DynamicAdvisedInterceptor.intercept(CglibAopProxy.java:719)
	at com.example.springjpalab.adapter.input.controller.RestaurantController$$SpringCGLIB$$0.getRestaurantById(<generated>)
	at java.base/jdk.internal.reflect.DirectMethodHandleAccessor.invoke(DirectMethodHandleAccessor.java:103)
	at java.base/java.lang.reflect.Method.invoke(Method.java:580)
	at kotlin.reflect.jvm.internal.calls.CallerImpl$Method.callMethod(CallerImpl.kt:97)
	at kotlin.reflect.jvm.internal.calls.CallerImpl$Method$Instance.call(CallerImpl.kt:113)
	at kotlin.reflect.jvm.internal.KCallableImpl.callDefaultMethod$kotlin_reflection(KCallableImpl.kt:250)
	at kotlin.reflect.jvm.internal.KCallableImpl.callBy(KCallableImpl.kt:155)
	at org.springframework.web.method.support.InvocableHandlerMethod$KotlinDelegate.invokeFunction(InvocableHandlerMethod.java:336)
	at org.springframework.web.method.support.InvocableHandlerMethod.doInvoke(InvocableHandlerMethod.java:256)
	at org.springframework.web.method.support.InvocableHandlerMethod.invokeForRequest(InvocableHandlerMethod.java:190)
	at org.springframework.web.servlet.mvc.method.annotation.ServletInvocableHandlerMethod.invokeAndHandle(ServletInvocableHandlerMethod.java:117)
	at org.springframework.web.servlet.mvc.method.annotation.RequestMappingHandlerAdapter.invokeHandlerMethod(RequestMappingHandlerAdapter.java:934)
	at org.springframework.web.servlet.mvc.method.annotation.RequestMappingHandlerAdapter.handleInternal(RequestMappingHandlerAdapter.java:853)
	at org.springframework.web.servlet.mvc.method.AbstractHandlerMethodAdapter.handle(AbstractHandlerMethodAdapter.java:86)
	at org.springframework.web.servlet.DispatcherServlet.doDispatch(DispatcherServlet.java:963)
	at org.springframework.web.servlet.DispatcherServlet.doService(DispatcherServlet.java:866)
	at org.springframework.web.servlet.FrameworkServlet.processRequest(FrameworkServlet.java:1003)
	at org.springframework.web.servlet.FrameworkServlet.doGet(FrameworkServlet.java:892)
	at jakarta.servlet.http.HttpServlet.service(HttpServlet.java:622)
	at org.springframework.web.servlet.FrameworkServlet.service(FrameworkServlet.java:874)
	at org.springframework.test.web.servlet.TestDispatcherServlet.service(TestDispatcherServlet.java:72)
	at jakarta.servlet.http.HttpServlet.service(HttpServlet.java:710)
	at org.springframework.mock.web.MockFilterChain$ServletFilterProxy.doFilter(MockFilterChain.java:160)
	at org.springframework.mock.web.MockFilterChain.doFilter(MockFilterChain.java:127)
	at org.springframework.web.filter.OncePerRequestFilter.doFilter(OncePerRequestFilter.java:110)
	at org.springframework.test.web.servlet.setup.MockMvcFilterDecorator.doFilter(MockMvcFilterDecorator.java:160)
	at org.springframework.mock.web.MockFilterChain.doFilter(MockFilterChain.java:127)
	at org.springframework.web.filter.CompositeFilter$VirtualFilterChain.doFilter(CompositeFilter.java:108)
	at org.springframework.security.web.FilterChainProxy.lambda$doFilterInternal$3(FilterChainProxy.java:235)
	at org.springframework.security.web.FilterChainProxy$VirtualFilterChain.doFilter(FilterChainProxy.java:371)
	at org.springframework.security.web.access.intercept.AuthorizationFilter.doFilter(AuthorizationFilter.java:101)
	at org.springframework.security.web.FilterChainProxy$VirtualFilterChain.doFilter(FilterChainProxy.java:380)
	at org.springframework.security.web.access.ExceptionTranslationFilter.doFilter(ExceptionTranslationFilter.java:126)
	at org.springframework.security.web.access.ExceptionTranslationFilter.doFilter(ExceptionTranslationFilter.java:120)
	at org.springframework.security.web.FilterChainProxy$VirtualFilterChain.doFilter(FilterChainProxy.java:380)
	at org.springframework.security.web.session.SessionManagementFilter.doFilter(SessionManagementFilter.java:132)
	at org.springframework.security.web.session.SessionManagementFilter.doFilter(SessionManagementFilter.java:86)
	at org.springframework.security.web.FilterChainProxy$VirtualFilterChain.doFilter(FilterChainProxy.java:380)
	at org.springframework.security.web.authentication.AnonymousAuthenticationFilter.doFilter(AnonymousAuthenticationFilter.java:100)
	at org.springframework.security.web.FilterChainProxy$VirtualFilterChain.doFilter(FilterChainProxy.java:380)
	at org.springframework.security.web.servletapi.SecurityContextHolderAwareRequestFilter.doFilter(SecurityContextHolderAwareRequestFilter.java:181)
	at org.springframework.security.web.FilterChainProxy$VirtualFilterChain.doFilter(FilterChainProxy.java:380)
	at org.springframework.security.web.savedrequest.RequestCacheAwareFilter.doFilter(RequestCacheAwareFilter.java:63)
	at org.springframework.security.web.FilterChainProxy$VirtualFilterChain.doFilter(FilterChainProxy.java:380)
	at com.example.springjpalab.security.JwtAuthenticationFilter.doFilterInternal(JwtAuthenticationFilter.kt:29)
	at org.springframework.web.filter.OncePerRequestFilter.doFilter(OncePerRequestFilter.java:116)
	at org.springframework.security.web.FilterChainProxy$VirtualFilterChain.doFilter(FilterChainProxy.java:380)
	at org.springframework.security.web.authentication.logout.LogoutFilter.doFilter(LogoutFilter.java:110)
	at org.springframework.security.web.authentication.logout.LogoutFilter.doFilter(LogoutFilter.java:96)
	at org.springframework.security.web.FilterChainProxy$VirtualFilterChain.doFilter(FilterChainProxy.java:380)
	at org.springframework.security.web.header.HeaderWriterFilter.doHeadersAfter(HeaderWriterFilter.java:90)
	at org.springframework.security.web.header.HeaderWriterFilter.doFilterInternal(HeaderWriterFilter.java:75)
	at org.springframework.web.filter.OncePerRequestFilter.doFilter(OncePerRequestFilter.java:116)
	at org.springframework.security.web.FilterChainProxy$VirtualFilterChain.doFilter(FilterChainProxy.java:380)
	at org.springframework.security.web.context.SecurityContextHolderFilter.doFilter(SecurityContextHolderFilter.java:82)
	at org.springframework.security.web.context.SecurityContextHolderFilter.doFilter(SecurityContextHolderFilter.java:69)
	at org.springframework.security.web.FilterChainProxy$VirtualFilterChain.doFilter(FilterChainProxy.java:380)
	at org.springframework.security.web.context.request.async.WebAsyncManagerIntegrationFilter.doFilterInternal(WebAsyncManagerIntegrationFilter.java:62)
	at org.springframework.web.filter.OncePerRequestFilter.doFilter(OncePerRequestFilter.java:116)
	at org.springframework.security.web.FilterChainProxy$VirtualFilterChain.doFilter(FilterChainProxy.java:380)
	at org.springframework.security.web.session.DisableEncodeUrlFilter.doFilterInternal(DisableEncodeUrlFilter.java:42)
	at org.springframework.web.filter.OncePerRequestFilter.doFilter(OncePerRequestFilter.java:116)
	at org.springframework.security.web.FilterChainProxy$VirtualFilterChain.doFilter(FilterChainProxy.java:380)
	at org.springframework.security.web.FilterChainProxy.doFilterInternal(FilterChainProxy.java:237)
	at org.springframework.security.web.FilterChainProxy.doFilter(FilterChainProxy.java:195)
	at org.springframework.web.filter.CompositeFilter$VirtualFilterChain.doFilter(CompositeFilter.java:113)
	at org.springframework.web.filter.ServletRequestPathFilter.doFilter(ServletRequestPathFilter.java:52)
	at org.springframework.web.filter.CompositeFilter$VirtualFilterChain.doFilter(CompositeFilter.java:113)
	at org.springframework.web.filter.CompositeFilter.doFilter(CompositeFilter.java:74)
	at org.springframework.security.config.annotation.web.configuration.WebSecurityConfiguration$CompositeFilterChainProxy.doFilter(WebSecurityConfiguration.java:317)
	at org.springframework.web.filter.DelegatingFilterProxy.invokeDelegate(DelegatingFilterProxy.java:355)
	at org.springframework.web.filter.DelegatingFilterProxy.doFilter(DelegatingFilterProxy.java:272)
	at org.springframework.test.web.servlet.setup.MockMvcFilterDecorator.doFilter(MockMvcFilterDecorator.java:160)
	at org.springframework.mock.web.MockFilterChain.doFilter(MockFilterChain.java:127)
	at org.springframework.web.filter.RequestContextFilter.doFilterInternal(RequestContextFilter.java:100)
	at org.springframework.web.filter.OncePerRequestFilter.doFilter(OncePerRequestFilter.java:116)
	at org.springframework.test.web.servlet.setup.MockMvcFilterDecorator.doFilter(MockMvcFilterDecorator.java:160)
	at org.springframework.mock.web.MockFilterChain.doFilter(MockFilterChain.java:127)
	at org.springframework.web.filter.FormContentFilter.doFilterInternal(FormContentFilter.java:93)
	at org.springframework.web.filter.OncePerRequestFilter.doFilter(OncePerRequestFilter.java:116)
	at org.springframework.test.web.servlet.setup.MockMvcFilterDecorator.doFilter(MockMvcFilterDecorator.java:160)
	at org.springframework.mock.web.MockFilterChain.doFilter(MockFilterChain.java:127)
	at org.springframework.web.filter.CharacterEncodingFilter.doFilterInternal(CharacterEncodingFilter.java:199)
	at org.springframework.web.filter.OncePerRequestFilter.doFilter(OncePerRequestFilter.java:116)
	at org.springframework.test.web.servlet.setup.MockMvcFilterDecorator.doFilter(MockMvcFilterDecorator.java:160)
	at org.springframework.mock.web.MockFilterChain.doFilter(MockFilterChain.java:127)
	at org.springframework.test.web.servlet.MockMvc.perform(MockMvc.java:199)
	at com.example.springjpalab.controller.RestaurantIntegrationTest.DELETE СЂРµСЃС‚РѕСЂР°РЅРѕРІ Рё РїСЂРѕРІРµСЂРєР° С‡С‚Рѕ РѕРЅРё СѓРґР°Р»РµРЅС‹(RestaurantIntegrationTest.kt:259)
	at java.base/jdk.internal.reflect.DirectMethodHandleAccessor.invoke(DirectMethodHandleAccessor.java:103)
	at java.base/java.lang.reflect.Method.invoke(Method.java:580)
	at org.junit.platform.commons.util.ReflectionUtils.invokeMethod(ReflectionUtils.java:701)
	at org.junit.platform.commons.support.ReflectionSupport.invokeMethod(ReflectionSupport.java:502)
	at org.junit.jupiter.engine.support.MethodReflectionUtils.invoke(MethodReflectionUtils.java:45)
	at org.junit.jupiter.engine.execution.MethodInvocation.proceed(MethodInvocation.java:61)
	at org.junit.jupiter.engine.execution.InvocationInterceptorChain$ValidatingInvocation.proceed(InvocationInterceptorChain.java:124)
	at org.junit.jupiter.engine.extension.TimeoutExtension.intercept(TimeoutExtension.java:163)
	at org.junit.jupiter.engine.extension.TimeoutExtension.interceptTestableMethod(TimeoutExtension.java:148)
	at org.junit.jupiter.engine.extension.TimeoutExtension.interceptTestMethod(TimeoutExtension.java:86)
	at org.junit.jupiter.engine.execution.InterceptingExecutableInvoker$ReflectiveInterceptorCall.lambda$ofVoidMethod$0(InterceptingExecutableInvoker.java:123)
	at org.junit.jupiter.engine.execution.InterceptingExecutableInvoker.lambda$invoke$0(InterceptingExecutableInvoker.java:105)
	at org.junit.jupiter.engine.execution.InvocationInterceptorChain$InterceptedInvocation.proceed(InvocationInterceptorChain.java:99)
	at org.junit.jupiter.engine.execution.InvocationInterceptorChain.proceed(InvocationInterceptorChain.java:66)
	at org.junit.jupiter.engine.execution.InvocationInterceptorChain.chainAndInvoke(InvocationInterceptorChain.java:47)
	at org.junit.jupiter.engine.execution.InvocationInterceptorChain.invoke(InvocationInterceptorChain.java:39)
	at org.junit.jupiter.engine.execution.InterceptingExecutableInvoker.invoke(InterceptingExecutableInvoker.java:104)
	at org.junit.jupiter.engine.execution.InterceptingExecutableInvoker.invoke(InterceptingExecutableInvoker.java:98)
	at org.junit.jupiter.engine.execution.InterceptingExecutableInvoker.invokeVoid(InterceptingExecutableInvoker.java:71)
	at org.junit.jupiter.engine.descriptor.TestMethodTestDescriptor.lambda$invokeTestMethod$0(TestMethodTestDescriptor.java:219)
	at org.junit.platform.engine.support.hierarchical.ThrowableCollector.execute(ThrowableCollector.java:74)
	at org.junit.jupiter.engine.descriptor.TestMethodTestDescriptor.invokeTestMethod(TestMethodTestDescriptor.java:215)
	at org.junit.jupiter.engine.descriptor.TestMethodTestDescriptor.execute(TestMethodTestDescriptor.java:157)
	at org.junit.jupiter.engine.descriptor.TestMethodTestDescriptor.execute(TestMethodTestDescriptor.java:70)
	at org.junit.platform.engine.support.hierarchical.NodeTestTask.lambda$executeRecursively$2(NodeTestTask.java:176)
	at org.junit.platform.engine.support.hierarchical.ThrowableCollector.execute(ThrowableCollector.java:74)
	at org.junit.platform.engine.support.hierarchical.NodeTestTask.lambda$executeRecursively$1(NodeTestTask.java:166)
	at org.junit.platform.engine.support.hierarchical.Node.around(Node.java:138)
	at org.junit.platform.engine.support.hierarchical.NodeTestTask.lambda$executeRecursively$0(NodeTestTask.java:164)
	at org.junit.platform.engine.support.hierarchical.ThrowableCollector.execute(ThrowableCollector.java:74)
	at org.junit.platform.engine.support.hierarchical.NodeTestTask.executeRecursively(NodeTestTask.java:163)
	at org.junit.platform.engine.support.hierarchical.NodeTestTask.execute(NodeTestTask.java:116)
	at java.base/java.util.ArrayList.forEach(ArrayList.java:1596)
	at org.junit.platform.engine.support.hierarchical.SameThreadHierarchicalTestExecutorService.invokeAll(SameThreadHierarchicalTestExecutorService.java:42)
	at org.junit.platform.engine.support.hierarchical.NodeTestTask.lambda$executeRecursively$2(NodeTestTask.java:180)
	at org.junit.platform.engine.support.hierarchical.ThrowableCollector.execute(ThrowableCollector.java:74)
	at org.junit.platform.engine.support.hierarchical.NodeTestTask.lambda$executeRecursively$1(NodeTestTask.java:166)
	at org.junit.platform.engine.support.hierarchical.Node.around(Node.java:138)
	at org.junit.platform.engine.support.hierarchical.NodeTestTask.lambda$executeRecursively$0(NodeTestTask.java:164)
	at org.junit.platform.engine.support.hierarchical.ThrowableCollector.execute(ThrowableCollector.java:74)
	at org.junit.platform.engine.support.hierarchical.NodeTestTask.executeRecursively(NodeTestTask.java:163)
	at org.junit.platform.engine.support.hierarchical.NodeTestTask.execute(NodeTestTask.java:116)
	at java.base/java.util.ArrayList.forEach(ArrayList.java:1596)
	at org.junit.platform.engine.support.hierarchical.SameThreadHierarchicalTestExecutorService.invokeAll(SameThreadHierarchicalTestExecutorService.java:42)
	at org.junit.platform.engine.support.hierarchical.NodeTestTask.lambda$executeRecursively$2(NodeTestTask.java:180)
	at org.junit.platform.engine.support.hierarchical.ThrowableCollector.execute(ThrowableCollector.java:74)
	at org.junit.platform.engine.support.hierarchical.NodeTestTask.lambda$executeRecursively$1(NodeTestTask.java:166)
	at org.junit.platform.engine.support.hierarchical.Node.around(Node.java:138)
	at org.junit.platform.engine.support.hierarchical.NodeTestTask.lambda$executeRecursively$0(NodeTestTask.java:164)
	at org.junit.platform.engine.support.hierarchical.ThrowableCollector.execute(ThrowableCollector.java:74)
	at org.junit.platform.engine.support.hierarchical.NodeTestTask.executeRecursively(NodeTestTask.java:163)
	at org.junit.platform.engine.support.hierarchical.NodeTestTask.execute(NodeTestTask.java:116)
	at org.junit.platform.engine.support.hierarchical.SameThreadHierarchicalTestExecutorService.submit(SameThreadHierarchicalTestExecutorService.java:36)
	at org.junit.platform.engine.support.hierarchical.HierarchicalTestExecutor.execute(HierarchicalTestExecutor.java:52)
	at org.junit.platform.engine.support.hierarchical.HierarchicalTestEngine.execute(HierarchicalTestEngine.java:58)
	at org.junit.platform.launcher.core.EngineExecutionOrchestrator.executeEngine(EngineExecutionOrchestrator.java:246)
	at org.junit.platform.launcher.core.EngineExecutionOrchestrator.failOrExecuteEngine(EngineExecutionOrchestrator.java:218)
	at org.junit.platform.launcher.core.EngineExecutionOrchestrator.execute(EngineExecutionOrchestrator.java:179)
	at org.junit.platform.launcher.core.EngineExecutionOrchestrator.execute(EngineExecutionOrchestrator.java:108)
	at org.junit.platform.launcher.core.EngineExecutionOrchestrator.lambda$execute$0(EngineExecutionOrchestrator.java:66)
	at org.junit.platform.launcher.core.EngineExecutionOrchestrator.withInterceptedStreams(EngineExecutionOrchestrator.java:157)
	at org.junit.platform.launcher.core.EngineExecutionOrchestrator.execute(EngineExecutionOrchestrator.java:65)
	at org.junit.platform.launcher.core.DefaultLauncher.execute(DefaultLauncher.java:125)
	at org.junit.platform.launcher.core.DefaultLauncher.execute(DefaultLauncher.java:114)
	at org.junit.platform.launcher.core.DefaultLauncher.execute(DefaultLauncher.java:93)
	at org.junit.platform.launcher.core.DelegatingLauncher.execute(DelegatingLauncher.java:48)
	at org.junit.platform.launcher.core.InterceptingLauncher.lambda$execute$0(InterceptingLauncher.java:41)
	at org.junit.platform.launcher.core.ClasspathAlignmentCheckingLauncherInterceptor.intercept(ClasspathAlignmentCheckingLauncherInterceptor.java:25)
	at org.junit.platform.launcher.core.InterceptingLauncher.execute(InterceptingLauncher.java:40)
	at org.junit.platform.launcher.core.DelegatingLauncher.execute(DelegatingLauncher.java:48)
	at org.junit.platform.launcher.core.SessionPerRequestLauncher.execute(SessionPerRequestLauncher.java:67)
	at com.intellij.junit6.JUnit6IdeaTestRunner.startRunnerWithArgs(JUnit6IdeaTestRunner.java:67)
	at com.intellij.rt.junit.IdeaTestRunner$Repeater$1.execute(IdeaTestRunner.java:38)
	at com.intellij.rt.execution.junit.TestsRepeater.repeat(TestsRepeater.java:11)
	at com.intellij.rt.junit.IdeaTestRunner$Repeater.startRunnerWithArgs(IdeaTestRunner.java:35)
	at com.intellij.rt.junit.JUnitStarter.prepareStreamsAndStart(JUnitStarter.java:237)
	at com.intellij.rt.junit.JUnitStarter.main(JUnitStarter.java:58)
Caused by: io.lettuce.core.RedisConnectionException: Unable to connect to redis/<unresolved>:6379
	at io.lettuce.core.RedisConnectionException.create(RedisConnectionException.java:63)
	at io.lettuce.core.RedisConnectionException.create(RedisConnectionException.java:41)
	at io.lettuce.core.AbstractRedisClient.getConnection(AbstractRedisClient.java:352)
	at io.lettuce.core.RedisClient.connect(RedisClient.java:220)
	at org.springframework.data.redis.connection.lettuce.StandaloneConnectionProvider.lambda$getConnection$1(StandaloneConnectionProvider.java:113)
	at java.base/java.util.Optional.orElseGet(Optional.java:364)
	at org.springframework.data.redis.connection.lettuce.StandaloneConnectionProvider.getConnection(StandaloneConnectionProvider.java:113)
	at org.springframework.data.redis.connection.lettuce.LettuceConnectionFactory$ExceptionTranslatingConnectionProvider.getConnection(LettuceConnectionFactory.java:1797)
	... 194 common frames omitted
Caused by: java.net.UnknownHostException: Failed to resolve 'redis' [A(1), AAAA(28)] after 4 queries 
	at io.netty.resolver.dns.DnsResolveContext.finishResolve(DnsResolveContext.java:1137)
	at io.netty.resolver.dns.DnsResolveContext.tryToFinishResolve(DnsResolveContext.java:1084)
	at io.netty.resolver.dns.DnsResolveContext.query(DnsResolveContext.java:443)
	at io.netty.resolver.dns.DnsResolveContext.access$700(DnsResolveContext.java:69)
	at io.netty.resolver.dns.DnsResolveContext$2.operationComplete(DnsResolveContext.java:512)
	at io.netty.util.concurrent.DefaultPromise.notifyListener0(DefaultPromise.java:604)
	at io.netty.util.concurrent.DefaultPromise.notifyListeners0(DefaultPromise.java:597)
	at io.netty.util.concurrent.DefaultPromise.notifyListenersNow(DefaultPromise.java:573)
	at io.netty.util.concurrent.DefaultPromise.notifyListeners(DefaultPromise.java:506)
	at io.netty.util.concurrent.DefaultPromise.setValue0(DefaultPromise.java:650)
	at io.netty.util.concurrent.DefaultPromise.setFailure0(DefaultPromise.java:643)
	at io.netty.util.concurrent.DefaultPromise.tryFailure(DefaultPromise.java:132)
	at io.netty.resolver.dns.DnsQueryContext.finishFailure(DnsQueryContext.java:343)
	at io.netty.resolver.dns.DnsQueryContext$4.run(DnsQueryContext.java:278)
	at io.netty.util.concurrent.PromiseTask.runTask(PromiseTask.java:98)
	at io.netty.util.concurrent.ScheduledFutureTask.run(ScheduledFutureTask.java:160)
	at io.netty.util.concurrent.AbstractEventExecutor.runTask(AbstractEventExecutor.java:148)
	at io.netty.util.concurrent.AbstractEventExecutor.safeExecute$$$capture(AbstractEventExecutor.java:141)
	at io.netty.util.concurrent.AbstractEventExecutor.safeExecute(AbstractEventExecutor.java)
	at io.netty.util.concurrent.SingleThreadEventExecutor.runAllTasks(SingleThreadEventExecutor.java:535)
	at io.netty.channel.SingleThreadIoEventLoop.run(SingleThreadIoEventLoop.java:201)
	at io.netty.util.concurrent.SingleThreadEventExecutor$5.run(SingleThreadEventExecutor.java:1193)
	at io.netty.util.internal.ThreadExecutorMap$2.run(ThreadExecutorMap.java:74)
	at io.netty.util.concurrent.FastThreadLocalRunnable.run(FastThreadLocalRunnable.java:30)
	at java.base/java.lang.Thread.run(Thread.java:1583)
Caused by: io.netty.resolver.dns.DnsNameResolverTimeoutException: [13519: /192.168.0.1:53] DefaultDnsQuestion(redis. IN AAAA) query '13519' via UDP timed out after 5000 milliseconds (no stack trace available)
2026-05-03 18:12:50.732 [main] INFO  c.e.s.c.RestaurantIntegrationTest - Starting RestaurantIntegrationTest using Java 21.0.10 with PID 28928 (started by lidiya in C:\Users\lidiya\IdeaProjects\spring-jpa-lab)
2026-05-03 18:12:50.734 [main] DEBUG c.e.s.c.RestaurantIntegrationTest - Running with Spring Boot v4.0.0, Spring v7.0.1
2026-05-03 18:12:50.736 [main] INFO  c.e.s.c.RestaurantIntegrationTest - The following 1 profile is active: "test"
2026-05-03 18:13:05.003 [main] WARN  o.s.b.j.a.JpaBaseConfiguration$JpaWebConfiguration - spring.jpa.open-in-view is enabled by default. Therefore, database queries may be performed during view rendering. Explicitly configure spring.jpa.open-in-view to disable this warning
2026-05-03 18:13:07.047 [main] DEBUG c.e.s.s.JwtAuthenticationFilter - Filter 'jwtAuthenticationFilter' configured for use
2026-05-03 18:13:07.111 [main] INFO  c.e.s.c.RestaurantIntegrationTest - Started RestaurantIntegrationTest in 17.402 seconds (process running for 30.269)
2026-05-03 18:13:08.358 [main] DEBUG org.hibernate.SQL - select rje1_0.id,rje1_0.address,rje1_0.name from restaurants rje1_0 where rje1_0.name=?
2026-05-03 18:13:08.486 [main] DEBUG org.hibernate.SQL - insert into restaurants (address,name) values (?,?)
2026-05-03 18:13:08.542 [main] INFO  c.e.s.a.service.RestaurantService - РЎРѕР·РґР°РЅ СЂРµСЃС‚РѕСЂР°РЅ: id=1, name=Find Me
2026-05-03 18:13:09.559 [main] INFO  c.e.s.a.service.RestaurantService - РџСЂРѕРјР°С… РєСЌС€Р° restaurants.findById РґР»СЏ id=1: Р·Р°РіСЂСѓР¶Р°РµРј РёР· СЂРµРїРѕР·РёС‚РѕСЂРёСЏ
2026-05-03 18:13:09.573 [main] DEBUG org.hibernate.SQL - select rje1_0.id,rje1_0.address,d1_0.restaurant_id,d1_0.id,d1_0.description,d1_0.is_available,d1_0.name,d1_0.price,rje1_0.name from restaurants rje1_0 left join dishes d1_0 on rje1_0.id=d1_0.restaurant_id where rje1_0.id=?
2026-05-03 18:13:09.704 [main] WARN  c.e.s.a.i.h.GlobalExceptionHandler - MethodArgumentNotValidException: Validation failed for argument [0] in public org.springframework.http.ResponseEntity<com.example.springjpalab.adapter.input.dto.restaurant.RestaurantResponse> com.example.springjpalab.adapter.input.controller.RestaurantController.createRestaurant(com.example.springjpalab.adapter.input.dto.restaurant.RestaurantCreateRequest) with 2 errors: [Field error in object 'restaurantCreateRequest' on field 'name': rejected value []; codes [Size.restaurantCreateRequest.name,Size.name,Size.java.lang.String,Size]; arguments [org.springframework.context.support.DefaultMessageSourceResolvable: codes [restaurantCreateRequest.name,name]; arguments []; default message [name],2147483647,1]; default message [Name must be at least 1 character]] [Field error in object 'restaurantCreateRequest' on field 'name': rejected value []; codes [NotBlank.restaurantCreateRequest.name,NotBlank.name,NotBlank.java.lang.String,NotBlank]; arguments [org.springframework.context.support.DefaultMessageSourceResolvable: codes [restaurantCreateRequest.name,name]; arguments []; default message [name]]; default message [Name cannot be blank]] 
2026-05-03 18:13:09.757 [main] INFO  c.e.s.a.service.RestaurantService - РџСЂРѕРјР°С… РєСЌС€Р° restaurants.findById РґР»СЏ id=999999: Р·Р°РіСЂСѓР¶Р°РµРј РёР· СЂРµРїРѕР·РёС‚РѕСЂРёСЏ
2026-05-03 18:13:09.760 [main] DEBUG org.hibernate.SQL - select rje1_0.id,rje1_0.address,d1_0.restaurant_id,d1_0.id,d1_0.description,d1_0.is_available,d1_0.name,d1_0.price,rje1_0.name from restaurants rje1_0 left join dishes d1_0 on rje1_0.id=d1_0.restaurant_id where rje1_0.id=?
2026-05-03 18:13:09.765 [main] WARN  c.e.s.a.service.RestaurantService - Р РµСЃС‚РѕСЂР°РЅ СЃ id=999999 РЅРµ РЅР°Р№РґРµРЅ
2026-05-03 18:13:09.769 [main] WARN  c.e.s.a.i.h.GlobalExceptionHandler - Р РµСЃС‚РѕСЂР°РЅ СЃ id=999999 РЅРµ РЅР°Р№РґРµРЅ
2026-05-03 18:13:09.792 [main] DEBUG org.hibernate.SQL - select rje1_0.id,rje1_0.address,rje1_0.name from restaurants rje1_0 where rje1_0.name=?
2026-05-03 18:13:09.796 [main] DEBUG org.hibernate.SQL - insert into restaurants (address,name) values (?,?)
2026-05-03 18:13:09.805 [main] INFO  c.e.s.a.service.RestaurantService - РЎРѕР·РґР°РЅ СЂРµСЃС‚РѕСЂР°РЅ: id=2, name=Old Name
2026-05-03 18:13:09.822 [main] WARN  c.e.s.a.i.h.GlobalExceptionHandler - MethodArgumentNotValidException: Validation failed for argument [1] in public org.springframework.http.ResponseEntity<com.example.springjpalab.adapter.input.dto.restaurant.RestaurantResponse> com.example.springjpalab.adapter.input.controller.RestaurantController.updateUserById(long,com.example.springjpalab.adapter.input.dto.restaurant.RestaurantUpdateRequest) with 2 errors: [Field error in object 'restaurantUpdateRequest' on field 'name': rejected value []; codes [NotBlank.restaurantUpdateRequest.name,NotBlank.name,NotBlank.java.lang.String,NotBlank]; arguments [org.springframework.context.support.DefaultMessageSourceResolvable: codes [restaurantUpdateRequest.name,name]; arguments []; default message [name]]; default message [Name cannot be blank]] [Field error in object 'restaurantUpdateRequest' on field 'address': rejected value []; codes [NotBlank.restaurantUpdateRequest.address,NotBlank.address,NotBlank.java.lang.String,NotBlank]; arguments [org.springframework.context.support.DefaultMessageSourceResolvable: codes [restaurantUpdateRequest.address,address]; arguments []; default message [address]]; default message [Address cannot be blank]] 
2026-05-03 18:13:09.839 [main] DEBUG org.hibernate.SQL - select rje1_0.id,rje1_0.address,rje1_0.name from restaurants rje1_0 where rje1_0.name=?
2026-05-03 18:13:09.844 [main] DEBUG org.hibernate.SQL - insert into restaurants (address,name) values (?,?)
2026-05-03 18:13:09.850 [main] INFO  c.e.s.a.service.RestaurantService - РЎРѕР·РґР°РЅ СЂРµСЃС‚РѕСЂР°РЅ: id=3, name=First
2026-05-03 18:13:09.859 [main] DEBUG org.hibernate.SQL - select rje1_0.id,rje1_0.address,rje1_0.name from restaurants rje1_0 where rje1_0.name=?
2026-05-03 18:13:09.863 [main] DEBUG org.hibernate.SQL - insert into restaurants (address,name) values (?,?)
2026-05-03 18:13:09.869 [main] INFO  c.e.s.a.service.RestaurantService - РЎРѕР·РґР°РЅ СЂРµСЃС‚РѕСЂР°РЅ: id=4, name=Second
2026-05-03 18:13:09.891 [main] INFO  c.e.s.a.service.RestaurantService - РџСЂРѕРјР°С… РєСЌС€Р° restaurants.findAll: Р·Р°РіСЂСѓР¶Р°РµРј РёР· СЂРµРїРѕР·РёС‚РѕСЂРёСЏ
2026-05-03 18:13:09.928 [main] DEBUG org.hibernate.SQL - select rje1_0.id,rje1_0.address,rje1_0.name from restaurants rje1_0
2026-05-03 18:13:09.943 [main] DEBUG org.hibernate.SQL - select d1_0.restaurant_id,d1_0.id,d1_0.description,d1_0.is_available,d1_0.name,d1_0.price from dishes d1_0 where d1_0.restaurant_id=?
2026-05-03 18:13:09.953 [main] DEBUG org.hibernate.SQL - select d1_0.restaurant_id,d1_0.id,d1_0.description,d1_0.is_available,d1_0.name,d1_0.price from dishes d1_0 where d1_0.restaurant_id=?
2026-05-03 18:13:09.957 [main] DEBUG org.hibernate.SQL - select d1_0.restaurant_id,d1_0.id,d1_0.description,d1_0.is_available,d1_0.name,d1_0.price from dishes d1_0 where d1_0.restaurant_id=?
2026-05-03 18:13:09.961 [main] DEBUG org.hibernate.SQL - select d1_0.restaurant_id,d1_0.id,d1_0.description,d1_0.is_available,d1_0.name,d1_0.price from dishes d1_0 where d1_0.restaurant_id=?
2026-05-03 18:13:10.007 [main] WARN  c.e.s.a.i.h.GlobalExceptionHandler - MethodArgumentNotValidException: Validation failed for argument [0] in public org.springframework.http.ResponseEntity<com.example.springjpalab.adapter.input.dto.restaurant.RestaurantResponse> com.example.springjpalab.adapter.input.controller.RestaurantController.createRestaurant(com.example.springjpalab.adapter.input.dto.restaurant.RestaurantCreateRequest) with 2 errors: [Field error in object 'restaurantCreateRequest' on field 'address': rejected value []; codes [NotBlank.restaurantCreateRequest.address,NotBlank.address,NotBlank.java.lang.String,NotBlank]; arguments [org.springframework.context.support.DefaultMessageSourceResolvable: codes [restaurantCreateRequest.address,address]; arguments []; default message [address]]; default message [Address cannot be blank]] [Field error in object 'restaurantCreateRequest' on field 'address': rejected value []; codes [Size.restaurantCreateRequest.address,Size.address,Size.java.lang.String,Size]; arguments [org.springframework.context.support.DefaultMessageSourceResolvable: codes [restaurantCreateRequest.address,address]; arguments []; default message [address],2147483647,1]; default message [Address must be at least 1 character]] 
2026-05-03 18:13:10.028 [main] WARN  c.e.s.a.i.h.GlobalExceptionHandler - HttpMessageNotReadableException (invalid request body)
org.springframework.http.converter.HttpMessageNotReadableException: JSON parse error: Cannot construct instance of `com.example.springjpalab.adapter.input.dto.restaurant.RestaurantCreateRequest`, problem: Parameter specified as non-null is null: method com.example.springjpalab.adapter.input.dto.restaurant.RestaurantCreateRequest.<init>, parameter name
	at org.springframework.http.converter.AbstractJacksonHttpMessageConverter.readJavaType(AbstractJacksonHttpMessageConverter.java:366)
	at org.springframework.http.converter.AbstractJacksonHttpMessageConverter.read(AbstractJacksonHttpMessageConverter.java:322)
	at org.springframework.web.servlet.mvc.method.annotation.AbstractMessageConverterMethodArgumentResolver.readWithMessageConverters(AbstractMessageConverterMethodArgumentResolver.java:203)
	at org.springframework.web.servlet.mvc.method.annotation.RequestResponseBodyMethodProcessor.readWithMessageConverters(RequestResponseBodyMethodProcessor.java:175)
	at org.springframework.web.servlet.mvc.method.annotation.RequestResponseBodyMethodProcessor.resolveArgument(RequestResponseBodyMethodProcessor.java:150)
	at org.springframework.web.method.support.HandlerMethodArgumentResolverComposite.resolveArgument(HandlerMethodArgumentResolverComposite.java:122)
	at org.springframework.web.method.support.InvocableHandlerMethod.getMethodArgumentValues(InvocableHandlerMethod.java:230)
	at org.springframework.web.method.support.InvocableHandlerMethod.invokeForRequest(InvocableHandlerMethod.java:180)
	at org.springframework.web.servlet.mvc.method.annotation.ServletInvocableHandlerMethod.invokeAndHandle(ServletInvocableHandlerMethod.java:117)
	at org.springframework.web.servlet.mvc.method.annotation.RequestMappingHandlerAdapter.invokeHandlerMethod(RequestMappingHandlerAdapter.java:934)
	at org.springframework.web.servlet.mvc.method.annotation.RequestMappingHandlerAdapter.handleInternal(RequestMappingHandlerAdapter.java:853)
	at org.springframework.web.servlet.mvc.method.AbstractHandlerMethodAdapter.handle(AbstractHandlerMethodAdapter.java:86)
	at org.springframework.web.servlet.DispatcherServlet.doDispatch(DispatcherServlet.java:963)
	at org.springframework.web.servlet.DispatcherServlet.doService(DispatcherServlet.java:866)
	at org.springframework.web.servlet.FrameworkServlet.processRequest(FrameworkServlet.java:1003)
	at org.springframework.web.servlet.FrameworkServlet.doPost(FrameworkServlet.java:903)
	at jakarta.servlet.http.HttpServlet.service(HttpServlet.java:649)
	at org.springframework.web.servlet.FrameworkServlet.service(FrameworkServlet.java:874)
	at org.springframework.test.web.servlet.TestDispatcherServlet.service(TestDispatcherServlet.java:72)
	at jakarta.servlet.http.HttpServlet.service(HttpServlet.java:710)
	at org.springframework.mock.web.MockFilterChain$ServletFilterProxy.doFilter(MockFilterChain.java:160)
	at org.springframework.mock.web.MockFilterChain.doFilter(MockFilterChain.java:127)
	at org.springframework.web.filter.OncePerRequestFilter.doFilter(OncePerRequestFilter.java:110)
	at org.springframework.test.web.servlet.setup.MockMvcFilterDecorator.doFilter(MockMvcFilterDecorator.java:160)
	at org.springframework.mock.web.MockFilterChain.doFilter(MockFilterChain.java:127)
	at org.springframework.web.filter.CompositeFilter$VirtualFilterChain.doFilter(CompositeFilter.java:108)
	at org.springframework.security.web.FilterChainProxy.lambda$doFilterInternal$3(FilterChainProxy.java:235)
	at org.springframework.security.web.FilterChainProxy$VirtualFilterChain.doFilter(FilterChainProxy.java:371)
	at org.springframework.security.web.access.intercept.AuthorizationFilter.doFilter(AuthorizationFilter.java:101)
	at org.springframework.security.web.FilterChainProxy$VirtualFilterChain.doFilter(FilterChainProxy.java:380)
	at org.springframework.security.web.access.ExceptionTranslationFilter.doFilter(ExceptionTranslationFilter.java:126)
	at org.springframework.security.web.access.ExceptionTranslationFilter.doFilter(ExceptionTranslationFilter.java:120)
	at org.springframework.security.web.FilterChainProxy$VirtualFilterChain.doFilter(FilterChainProxy.java:380)
	at org.springframework.security.web.session.SessionManagementFilter.doFilter(SessionManagementFilter.java:132)
	at org.springframework.security.web.session.SessionManagementFilter.doFilter(SessionManagementFilter.java:86)
	at org.springframework.security.web.FilterChainProxy$VirtualFilterChain.doFilter(FilterChainProxy.java:380)
	at org.springframework.security.web.authentication.AnonymousAuthenticationFilter.doFilter(AnonymousAuthenticationFilter.java:100)
	at org.springframework.security.web.FilterChainProxy$VirtualFilterChain.doFilter(FilterChainProxy.java:380)
	at org.springframework.security.web.servletapi.SecurityContextHolderAwareRequestFilter.doFilter(SecurityContextHolderAwareRequestFilter.java:181)
	at org.springframework.security.web.FilterChainProxy$VirtualFilterChain.doFilter(FilterChainProxy.java:380)
	at org.springframework.security.web.savedrequest.RequestCacheAwareFilter.doFilter(RequestCacheAwareFilter.java:63)
	at org.springframework.security.web.FilterChainProxy$VirtualFilterChain.doFilter(FilterChainProxy.java:380)
	at com.example.springjpalab.security.JwtAuthenticationFilter.doFilterInternal(JwtAuthenticationFilter.kt:29)
	at org.springframework.web.filter.OncePerRequestFilter.doFilter(OncePerRequestFilter.java:116)
	at org.springframework.security.web.FilterChainProxy$VirtualFilterChain.doFilter(FilterChainProxy.java:380)
	at org.springframework.security.web.authentication.logout.LogoutFilter.doFilter(LogoutFilter.java:110)
	at org.springframework.security.web.authentication.logout.LogoutFilter.doFilter(LogoutFilter.java:96)
	at org.springframework.security.web.FilterChainProxy$VirtualFilterChain.doFilter(FilterChainProxy.java:380)
	at org.springframework.security.web.header.HeaderWriterFilter.doHeadersAfter(HeaderWriterFilter.java:90)
	at org.springframework.security.web.header.HeaderWriterFilter.doFilterInternal(HeaderWriterFilter.java:75)
	at org.springframework.web.filter.OncePerRequestFilter.doFilter(OncePerRequestFilter.java:116)
	at org.springframework.security.web.FilterChainProxy$VirtualFilterChain.doFilter(FilterChainProxy.java:380)
	at org.springframework.security.web.context.SecurityContextHolderFilter.doFilter(SecurityContextHolderFilter.java:82)
	at org.springframework.security.web.context.SecurityContextHolderFilter.doFilter(SecurityContextHolderFilter.java:69)
	at org.springframework.security.web.FilterChainProxy$VirtualFilterChain.doFilter(FilterChainProxy.java:380)
	at org.springframework.security.web.context.request.async.WebAsyncManagerIntegrationFilter.doFilterInternal(WebAsyncManagerIntegrationFilter.java:62)
	at org.springframework.web.filter.OncePerRequestFilter.doFilter(OncePerRequestFilter.java:116)
	at org.springframework.security.web.FilterChainProxy$VirtualFilterChain.doFilter(FilterChainProxy.java:380)
	at org.springframework.security.web.session.DisableEncodeUrlFilter.doFilterInternal(DisableEncodeUrlFilter.java:42)
	at org.springframework.web.filter.OncePerRequestFilter.doFilter(OncePerRequestFilter.java:116)
	at org.springframework.security.web.FilterChainProxy$VirtualFilterChain.doFilter(FilterChainProxy.java:380)
	at org.springframework.security.web.FilterChainProxy.doFilterInternal(FilterChainProxy.java:237)
	at org.springframework.security.web.FilterChainProxy.doFilter(FilterChainProxy.java:195)
	at org.springframework.web.filter.CompositeFilter$VirtualFilterChain.doFilter(CompositeFilter.java:113)
	at org.springframework.web.filter.ServletRequestPathFilter.doFilter(ServletRequestPathFilter.java:52)
	at org.springframework.web.filter.CompositeFilter$VirtualFilterChain.doFilter(CompositeFilter.java:113)
	at org.springframework.web.filter.CompositeFilter.doFilter(CompositeFilter.java:74)
	at org.springframework.security.config.annotation.web.configuration.WebSecurityConfiguration$CompositeFilterChainProxy.doFilter(WebSecurityConfiguration.java:317)
	at org.springframework.web.filter.DelegatingFilterProxy.invokeDelegate(DelegatingFilterProxy.java:355)
	at org.springframework.web.filter.DelegatingFilterProxy.doFilter(DelegatingFilterProxy.java:272)
	at org.springframework.test.web.servlet.setup.MockMvcFilterDecorator.doFilter(MockMvcFilterDecorator.java:160)
	at org.springframework.mock.web.MockFilterChain.doFilter(MockFilterChain.java:127)
	at org.springframework.web.filter.RequestContextFilter.doFilterInternal(RequestContextFilter.java:100)
	at org.springframework.web.filter.OncePerRequestFilter.doFilter(OncePerRequestFilter.java:116)
	at org.springframework.test.web.servlet.setup.MockMvcFilterDecorator.doFilter(MockMvcFilterDecorator.java:160)
	at org.springframework.mock.web.MockFilterChain.doFilter(MockFilterChain.java:127)
	at org.springframework.web.filter.FormContentFilter.doFilterInternal(FormContentFilter.java:93)
	at org.springframework.web.filter.OncePerRequestFilter.doFilter(OncePerRequestFilter.java:116)
	at org.springframework.test.web.servlet.setup.MockMvcFilterDecorator.doFilter(MockMvcFilterDecorator.java:160)
	at org.springframework.mock.web.MockFilterChain.doFilter(MockFilterChain.java:127)
	at org.springframework.web.filter.CharacterEncodingFilter.doFilterInternal(CharacterEncodingFilter.java:199)
	at org.springframework.web.filter.OncePerRequestFilter.doFilter(OncePerRequestFilter.java:116)
	at org.springframework.test.web.servlet.setup.MockMvcFilterDecorator.doFilter(MockMvcFilterDecorator.java:160)
	at org.springframework.mock.web.MockFilterChain.doFilter(MockFilterChain.java:127)
	at org.springframework.test.web.servlet.MockMvc.perform(MockMvc.java:199)
	at com.example.springjpalab.controller.RestaurantIntegrationTest.POST restaurant СЃ РЅРµРІР°Р»РёРґРЅС‹Рј body РІРѕР·РІСЂР°С‰Р°РµС‚ 400(RestaurantIntegrationTest.kt:132)
	at java.base/jdk.internal.reflect.DirectMethodHandleAccessor.invoke(DirectMethodHandleAccessor.java:103)
	at java.base/java.lang.reflect.Method.invoke(Method.java:580)
	at org.junit.platform.commons.util.ReflectionUtils.invokeMethod(ReflectionUtils.java:701)
	at org.junit.platform.commons.support.ReflectionSupport.invokeMethod(ReflectionSupport.java:502)
	at org.junit.jupiter.engine.support.MethodReflectionUtils.invoke(MethodReflectionUtils.java:45)
	at org.junit.jupiter.engine.execution.MethodInvocation.proceed(MethodInvocation.java:61)
	at org.junit.jupiter.engine.execution.InvocationInterceptorChain$ValidatingInvocation.proceed(InvocationInterceptorChain.java:124)
	at org.junit.jupiter.engine.extension.TimeoutExtension.intercept(TimeoutExtension.java:163)
	at org.junit.jupiter.engine.extension.TimeoutExtension.interceptTestableMethod(TimeoutExtension.java:148)
	at org.junit.jupiter.engine.extension.TimeoutExtension.interceptTestMethod(TimeoutExtension.java:86)
	at org.junit.jupiter.engine.execution.InterceptingExecutableInvoker$ReflectiveInterceptorCall.lambda$ofVoidMethod$0(InterceptingExecutableInvoker.java:123)
	at org.junit.jupiter.engine.execution.InterceptingExecutableInvoker.lambda$invoke$0(InterceptingExecutableInvoker.java:105)
	at org.junit.jupiter.engine.execution.InvocationInterceptorChain$InterceptedInvocation.proceed(InvocationInterceptorChain.java:99)
	at org.junit.jupiter.engine.execution.InvocationInterceptorChain.proceed(InvocationInterceptorChain.java:66)
	at org.junit.jupiter.engine.execution.InvocationInterceptorChain.chainAndInvoke(InvocationInterceptorChain.java:47)
	at org.junit.jupiter.engine.execution.InvocationInterceptorChain.invoke(InvocationInterceptorChain.java:39)
	at org.junit.jupiter.engine.execution.InterceptingExecutableInvoker.invoke(InterceptingExecutableInvoker.java:104)
	at org.junit.jupiter.engine.execution.InterceptingExecutableInvoker.invoke(InterceptingExecutableInvoker.java:98)
	at org.junit.jupiter.engine.execution.InterceptingExecutableInvoker.invokeVoid(InterceptingExecutableInvoker.java:71)
	at org.junit.jupiter.engine.descriptor.TestMethodTestDescriptor.lambda$invokeTestMethod$0(TestMethodTestDescriptor.java:219)
	at org.junit.platform.engine.support.hierarchical.ThrowableCollector.execute(ThrowableCollector.java:74)
	at org.junit.jupiter.engine.descriptor.TestMethodTestDescriptor.invokeTestMethod(TestMethodTestDescriptor.java:215)
	at org.junit.jupiter.engine.descriptor.TestMethodTestDescriptor.execute(TestMethodTestDescriptor.java:157)
	at org.junit.jupiter.engine.descriptor.TestMethodTestDescriptor.execute(TestMethodTestDescriptor.java:70)
	at org.junit.platform.engine.support.hierarchical.NodeTestTask.lambda$executeRecursively$2(NodeTestTask.java:176)
	at org.junit.platform.engine.support.hierarchical.ThrowableCollector.execute(ThrowableCollector.java:74)
	at org.junit.platform.engine.support.hierarchical.NodeTestTask.lambda$executeRecursively$1(NodeTestTask.java:166)
	at org.junit.platform.engine.support.hierarchical.Node.around(Node.java:138)
	at org.junit.platform.engine.support.hierarchical.NodeTestTask.lambda$executeRecursively$0(NodeTestTask.java:164)
	at org.junit.platform.engine.support.hierarchical.ThrowableCollector.execute(ThrowableCollector.java:74)
	at org.junit.platform.engine.support.hierarchical.NodeTestTask.executeRecursively(NodeTestTask.java:163)
	at org.junit.platform.engine.support.hierarchical.NodeTestTask.execute(NodeTestTask.java:116)
	at java.base/java.util.ArrayList.forEach(ArrayList.java:1596)
	at org.junit.platform.engine.support.hierarchical.SameThreadHierarchicalTestExecutorService.invokeAll(SameThreadHierarchicalTestExecutorService.java:42)
	at org.junit.platform.engine.support.hierarchical.NodeTestTask.lambda$executeRecursively$2(NodeTestTask.java:180)
	at org.junit.platform.engine.support.hierarchical.ThrowableCollector.execute(ThrowableCollector.java:74)
	at org.junit.platform.engine.support.hierarchical.NodeTestTask.lambda$executeRecursively$1(NodeTestTask.java:166)
	at org.junit.platform.engine.support.hierarchical.Node.around(Node.java:138)
	at org.junit.platform.engine.support.hierarchical.NodeTestTask.lambda$executeRecursively$0(NodeTestTask.java:164)
	at org.junit.platform.engine.support.hierarchical.ThrowableCollector.execute(ThrowableCollector.java:74)
	at org.junit.platform.engine.support.hierarchical.NodeTestTask.executeRecursively(NodeTestTask.java:163)
	at org.junit.platform.engine.support.hierarchical.NodeTestTask.execute(NodeTestTask.java:116)
	at java.base/java.util.ArrayList.forEach(ArrayList.java:1596)
	at org.junit.platform.engine.support.hierarchical.SameThreadHierarchicalTestExecutorService.invokeAll(SameThreadHierarchicalTestExecutorService.java:42)
	at org.junit.platform.engine.support.hierarchical.NodeTestTask.lambda$executeRecursively$2(NodeTestTask.java:180)
	at org.junit.platform.engine.support.hierarchical.ThrowableCollector.execute(ThrowableCollector.java:74)
	at org.junit.platform.engine.support.hierarchical.NodeTestTask.lambda$executeRecursively$1(NodeTestTask.java:166)
	at org.junit.platform.engine.support.hierarchical.Node.around(Node.java:138)
	at org.junit.platform.engine.support.hierarchical.NodeTestTask.lambda$executeRecursively$0(NodeTestTask.java:164)
	at org.junit.platform.engine.support.hierarchical.ThrowableCollector.execute(ThrowableCollector.java:74)
	at org.junit.platform.engine.support.hierarchical.NodeTestTask.executeRecursively(NodeTestTask.java:163)
	at org.junit.platform.engine.support.hierarchical.NodeTestTask.execute(NodeTestTask.java:116)
	at org.junit.platform.engine.support.hierarchical.SameThreadHierarchicalTestExecutorService.submit(SameThreadHierarchicalTestExecutorService.java:36)
	at org.junit.platform.engine.support.hierarchical.HierarchicalTestExecutor.execute(HierarchicalTestExecutor.java:52)
	at org.junit.platform.engine.support.hierarchical.HierarchicalTestEngine.execute(HierarchicalTestEngine.java:58)
	at org.junit.platform.launcher.core.EngineExecutionOrchestrator.executeEngine(EngineExecutionOrchestrator.java:246)
	at org.junit.platform.launcher.core.EngineExecutionOrchestrator.failOrExecuteEngine(EngineExecutionOrchestrator.java:218)
	at org.junit.platform.launcher.core.EngineExecutionOrchestrator.execute(EngineExecutionOrchestrator.java:179)
	at org.junit.platform.launcher.core.EngineExecutionOrchestrator.execute(EngineExecutionOrchestrator.java:108)
	at org.junit.platform.launcher.core.EngineExecutionOrchestrator.lambda$execute$0(EngineExecutionOrchestrator.java:66)
	at org.junit.platform.launcher.core.EngineExecutionOrchestrator.withInterceptedStreams(EngineExecutionOrchestrator.java:157)
	at org.junit.platform.launcher.core.EngineExecutionOrchestrator.execute(EngineExecutionOrchestrator.java:65)
	at org.junit.platform.launcher.core.DefaultLauncher.execute(DefaultLauncher.java:125)
	at org.junit.platform.launcher.core.DefaultLauncher.execute(DefaultLauncher.java:114)
	at org.junit.platform.launcher.core.DefaultLauncher.execute(DefaultLauncher.java:93)
	at org.junit.platform.launcher.core.DelegatingLauncher.execute(DelegatingLauncher.java:48)
	at org.junit.platform.launcher.core.InterceptingLauncher.lambda$execute$0(InterceptingLauncher.java:41)
	at org.junit.platform.launcher.core.ClasspathAlignmentCheckingLauncherInterceptor.intercept(ClasspathAlignmentCheckingLauncherInterceptor.java:25)
	at org.junit.platform.launcher.core.InterceptingLauncher.execute(InterceptingLauncher.java:40)
	at org.junit.platform.launcher.core.DelegatingLauncher.execute(DelegatingLauncher.java:48)
	at org.junit.platform.launcher.core.SessionPerRequestLauncher.execute(SessionPerRequestLauncher.java:67)
	at com.intellij.junit6.JUnit6IdeaTestRunner.startRunnerWithArgs(JUnit6IdeaTestRunner.java:67)
	at com.intellij.rt.junit.IdeaTestRunner$Repeater$1.execute(IdeaTestRunner.java:38)
	at com.intellij.rt.execution.junit.TestsRepeater.repeat(TestsRepeater.java:11)
	at com.intellij.rt.junit.IdeaTestRunner$Repeater.startRunnerWithArgs(IdeaTestRunner.java:35)
	at com.intellij.rt.junit.JUnitStarter.prepareStreamsAndStart(JUnitStarter.java:237)
	at com.intellij.rt.junit.JUnitStarter.main(JUnitStarter.java:58)
Caused by: tools.jackson.databind.exc.ValueInstantiationException: Cannot construct instance of `com.example.springjpalab.adapter.input.dto.restaurant.RestaurantCreateRequest`, problem: Parameter specified as non-null is null: method com.example.springjpalab.adapter.input.dto.restaurant.RestaurantCreateRequest.<init>, parameter name
 at [Source: REDACTED (`StreamReadFeature.INCLUDE_SOURCE_IN_LOCATION` disabled); byte offset: #1]
	at tools.jackson.databind.exc.ValueInstantiationException.from(ValueInstantiationException.java:44)
	at tools.jackson.databind.DeserializationContext.instantiationException(DeserializationContext.java:2080)
	at tools.jackson.databind.deser.std.StdValueInstantiator.wrapAsDatabindException(StdValueInstantiator.java:581)
	at tools.jackson.databind.deser.std.StdValueInstantiator.rewrapCtorProblem(StdValueInstantiator.java:602)
	at tools.jackson.databind.deser.std.StdValueInstantiator.createFromObjectWith(StdValueInstantiator.java:289)
	at tools.jackson.databind.deser.ValueInstantiator.createFromObjectWith(ValueInstantiator.java:270)
	at tools.jackson.databind.deser.bean.PropertyBasedCreator.build(PropertyBasedCreator.java:252)
	at tools.jackson.databind.deser.bean.BeanDeserializer._deserializeUsingPropertyBased(BeanDeserializer.java:697)
	at tools.jackson.databind.deser.bean.BeanDeserializerBase.deserializeFromObjectUsingNonDefault(BeanDeserializerBase.java:1417)
	at tools.jackson.databind.deser.bean.BeanDeserializer.deserializeFromObject(BeanDeserializer.java:480)
	at tools.jackson.databind.deser.bean.BeanDeserializer.deserialize(BeanDeserializer.java:200)
	at tools.jackson.databind.deser.DeserializationContextExt.readRootValue(DeserializationContextExt.java:265)
	at tools.jackson.databind.ObjectReader._bindAndClose(ObjectReader.java:1646)
	at tools.jackson.databind.ObjectReader.readValue(ObjectReader.java:1171)
	at org.springframework.http.converter.AbstractJacksonHttpMessageConverter.readJavaType(AbstractJacksonHttpMessageConverter.java:355)
	... 162 common frames omitted
Caused by: java.lang.NullPointerException: Parameter specified as non-null is null: method com.example.springjpalab.adapter.input.dto.restaurant.RestaurantCreateRequest.<init>, parameter name
	at com.example.springjpalab.adapter.input.dto.restaurant.RestaurantCreateRequest.<init>(RestaurantCreateRequest.kt)
	at java.base/java.lang.invoke.MethodHandle.invokeWithArguments(MethodHandle.java:733)
	at tools.jackson.databind.introspect.AnnotatedConstructor.call(AnnotatedConstructor.java:113)
	at tools.jackson.databind.deser.std.StdValueInstantiator.createFromObjectWith(StdValueInstantiator.java:287)
	... 172 common frames omitted
2026-05-03 18:13:10.062 [main] DEBUG org.hibernate.SQL - select rje1_0.id,rje1_0.address,rje1_0.name from restaurants rje1_0 where rje1_0.name=?
2026-05-03 18:13:10.067 [main] DEBUG org.hibernate.SQL - insert into restaurants (address,name) values (?,?)
2026-05-03 18:13:10.075 [main] INFO  c.e.s.a.service.RestaurantService - РЎРѕР·РґР°РЅ СЂРµСЃС‚РѕСЂР°РЅ: id=5, name=РўРµСЃС‚
2026-05-03 18:13:10.093 [main] DEBUG org.hibernate.SQL - select rje1_0.id,rje1_0.address,rje1_0.name from restaurants rje1_0 where rje1_0.name=?
2026-05-03 18:13:10.098 [main] DEBUG org.hibernate.SQL - insert into restaurants (address,name) values (?,?)
2026-05-03 18:13:10.104 [main] INFO  c.e.s.a.service.RestaurantService - РЎРѕР·РґР°РЅ СЂРµСЃС‚РѕСЂР°РЅ: id=6, name=First1
2026-05-03 18:13:10.113 [main] DEBUG org.hibernate.SQL - select rje1_0.id,rje1_0.address,rje1_0.name from restaurants rje1_0 where rje1_0.name=?
2026-05-03 18:13:10.117 [main] DEBUG org.hibernate.SQL - select d1_0.restaurant_id,d1_0.id,d1_0.description,d1_0.is_available,d1_0.name,d1_0.price from dishes d1_0 where d1_0.restaurant_id=?
2026-05-03 18:13:10.121 [main] WARN  c.e.s.a.service.RestaurantService - Р РµСЃС‚РѕСЂР°РЅ 'First1' СѓР¶Рµ СЃСѓС‰РµСЃС‚РІСѓРµС‚
2026-05-03 18:13:10.123 [main] WARN  c.e.s.a.i.h.GlobalExceptionHandler - Р РµСЃС‚РѕСЂР°РЅ 'First1' СѓР¶Рµ СЃСѓС‰РµСЃС‚РІСѓРµС‚
2026-05-03 18:13:10.141 [main] DEBUG org.hibernate.SQL - select rje1_0.id,rje1_0.address,rje1_0.name from restaurants rje1_0 where rje1_0.name=?
2026-05-03 18:13:10.146 [main] DEBUG org.hibernate.SQL - insert into restaurants (address,name) values (?,?)
2026-05-03 18:13:10.153 [main] INFO  c.e.s.a.service.RestaurantService - РЎРѕР·РґР°РЅ СЂРµСЃС‚РѕСЂР°РЅ: id=7, name=Old Name 1777806790135
2026-05-03 18:13:10.170 [main] INFO  c.e.s.a.service.RestaurantService - РџСЂРѕРјР°С… РєСЌС€Р° restaurants.findById РґР»СЏ id=7: Р·Р°РіСЂСѓР¶Р°РµРј РёР· СЂРµРїРѕР·РёС‚РѕСЂРёСЏ
2026-05-03 18:13:10.171 [main] DEBUG org.hibernate.SQL - select rje1_0.id,rje1_0.address,d1_0.restaurant_id,d1_0.id,d1_0.description,d1_0.is_available,d1_0.name,d1_0.price,rje1_0.name from restaurants rje1_0 left join dishes d1_0 on rje1_0.id=d1_0.restaurant_id where rje1_0.id=?
2026-05-03 18:13:10.210 [main] DEBUG org.hibernate.SQL - update restaurants set address=?,name=? where id=?
2026-05-03 18:13:10.227 [main] INFO  c.e.s.a.service.RestaurantService - РћР±РЅРѕРІР»РµРЅ СЂРµСЃС‚РѕСЂР°РЅ: id=7, name=New Name
2026-05-03 18:13:10.268 [main] DEBUG org.hibernate.SQL - select rje1_0.id,rje1_0.address,rje1_0.name from restaurants rje1_0 where rje1_0.name=?
2026-05-03 18:13:10.274 [main] DEBUG org.hibernate.SQL - insert into restaurants (address,name) values (?,?)
2026-05-03 18:13:10.282 [main] INFO  c.e.s.a.service.RestaurantService - РЎРѕР·РґР°РЅ СЂРµСЃС‚РѕСЂР°РЅ: id=8, name=ToDelete1
2026-05-03 18:13:10.293 [main] DEBUG org.hibernate.SQL - select rje1_0.id,rje1_0.address,rje1_0.name from restaurants rje1_0 where rje1_0.name=?
2026-05-03 18:13:10.298 [main] DEBUG org.hibernate.SQL - insert into restaurants (address,name) values (?,?)
2026-05-03 18:13:10.305 [main] INFO  c.e.s.a.service.RestaurantService - РЎРѕР·РґР°РЅ СЂРµСЃС‚РѕСЂР°РЅ: id=9, name=ToDelete2
2026-05-03 18:13:10.334 [main] DEBUG org.hibernate.SQL - select count(*) from restaurants rje1_0 where rje1_0.id=?
2026-05-03 18:13:10.351 [main] DEBUG org.hibernate.SQL - select rje1_0.id,rje1_0.address,rje1_0.name from restaurants rje1_0 where rje1_0.id=?
2026-05-03 18:13:10.360 [main] DEBUG org.hibernate.SQL - select d1_0.restaurant_id,d1_0.id,d1_0.description,d1_0.is_available,d1_0.name,d1_0.price from dishes d1_0 where d1_0.restaurant_id=?
2026-05-03 18:13:10.372 [main] DEBUG org.hibernate.SQL - delete from restaurants where id=?
2026-05-03 18:13:10.385 [main] INFO  c.e.s.a.service.RestaurantService - РЈРґР°Р»РµРЅ СЂРµСЃС‚РѕСЂР°РЅ: id=8
2026-05-03 18:13:10.394 [main] DEBUG org.hibernate.SQL - select count(*) from restaurants rje1_0 where rje1_0.id=?
2026-05-03 18:13:10.401 [main] DEBUG org.hibernate.SQL - select rje1_0.id,rje1_0.address,rje1_0.name from restaurants rje1_0 where rje1_0.id=?
2026-05-03 18:13:10.406 [main] DEBUG org.hibernate.SQL - select d1_0.restaurant_id,d1_0.id,d1_0.description,d1_0.is_available,d1_0.name,d1_0.price from dishes d1_0 where d1_0.restaurant_id=?
2026-05-03 18:13:10.411 [main] DEBUG org.hibernate.SQL - delete from restaurants where id=?
2026-05-03 18:13:10.417 [main] INFO  c.e.s.a.service.RestaurantService - РЈРґР°Р»РµРЅ СЂРµСЃС‚РѕСЂР°РЅ: id=9
2026-05-03 18:13:10.429 [main] INFO  c.e.s.a.service.RestaurantService - РџСЂРѕРјР°С… РєСЌС€Р° restaurants.findById РґР»СЏ id=8: Р·Р°РіСЂСѓР¶Р°РµРј РёР· СЂРµРїРѕР·РёС‚РѕСЂРёСЏ
2026-05-03 18:13:10.431 [main] DEBUG org.hibernate.SQL - select rje1_0.id,rje1_0.address,d1_0.restaurant_id,d1_0.id,d1_0.description,d1_0.is_available,d1_0.name,d1_0.price,rje1_0.name from restaurants rje1_0 left join dishes d1_0 on rje1_0.id=d1_0.restaurant_id where rje1_0.id=?
2026-05-03 18:13:10.435 [main] WARN  c.e.s.a.service.RestaurantService - Р РµСЃС‚РѕСЂР°РЅ СЃ id=8 РЅРµ РЅР°Р№РґРµРЅ
2026-05-03 18:13:10.438 [main] WARN  c.e.s.a.i.h.GlobalExceptionHandler - Р РµСЃС‚РѕСЂР°РЅ СЃ id=8 РЅРµ РЅР°Р№РґРµРЅ
2026-05-03 18:13:10.447 [main] INFO  c.e.s.a.service.RestaurantService - РџСЂРѕРјР°С… РєСЌС€Р° restaurants.findById РґР»СЏ id=9: Р·Р°РіСЂСѓР¶Р°РµРј РёР· СЂРµРїРѕР·РёС‚РѕСЂРёСЏ
2026-05-03 18:13:10.448 [main] DEBUG org.hibernate.SQL - select rje1_0.id,rje1_0.address,d1_0.restaurant_id,d1_0.id,d1_0.description,d1_0.is_available,d1_0.name,d1_0.price,rje1_0.name from restaurants rje1_0 left join dishes d1_0 on rje1_0.id=d1_0.restaurant_id where rje1_0.id=?
2026-05-03 18:13:10.453 [main] WARN  c.e.s.a.service.RestaurantService - Р РµСЃС‚РѕСЂР°РЅ СЃ id=9 РЅРµ РЅР°Р№РґРµРЅ
2026-05-03 18:13:10.455 [main] WARN  c.e.s.a.i.h.GlobalExceptionHandler - Р РµСЃС‚РѕСЂР°РЅ СЃ id=9 РЅРµ РЅР°Р№РґРµРЅ
